id,Category,Name,Address,Symbol,TVL,Market Cap,Slug,TVL (7dma),TVL (1mma),Volume (7dma),Volume (1mma),Holder Counts (7day),Holder Counts (1mma)
2269,CEX,Binance CEX,,-,63979845763.42812,,binance-cex,-7.737583894841582e-05,-1.8156315690631697e-06,,,,
182,Liquid Staking,Lido,0x5a98fcbea516cf06857215779fd812ca3bef1b32,LDO,11986896779.750513,1588791858.3459718,lido,5.106333086592141e-05,2.2613906717297017e-05,,,0.0035062508981175454,0.016417780106540915
2272,CEX,OKX,,-,9922516101.38885,,okx,1.9883124476436363e-05,6.5844201817322204e-06,,,,
2275,CEX,Bitfinex,,-,9106867790.615412,,bitfinex,-3.221909980948734e-05,-1.6687965454809107e-06,,,,
118,CDP,MakerDAO,0x9f8f72aa9304c8b593d555f12ef6589cc3a579a2,MKR,7255320344.392193,603629358.3223344,makerdao,-5.0162397485531414e-06,-2.0035595491553204e-05,,,0.0006759754113944105,0.005326825127334466
240,Chain,Polygon Bridge & Staking,0x7d1afa7b718fb893db30a3abc0cfc608aacfebb0,MATIC,6800895120.092967,8335832299.158397,polygon-bridge-&-staking,-7.230100627616864e-05,-5.342676749003794e-05,,,0.0017336831520671282,0.017999228149067906
3,Dexes,Curve DEX,0xD533a949740bb3306d119CC777fa900bA034cd52,CRV,4282172311.4330955,,curve-dex,-1.670253248455156e-05,-2.7967457813181664e-05,0.0268,0.0965,0.0015752670269716452,0.007575659971398019
2,Bridge,WBTC,0x2260fac5e5542a773aa44fbcfedf7c193bc2c599,WBTC,4270684853.2692122,4270152341.642816,wbtc,-1.9029762700075724e-05,2.6124202540045437e-06,,,0.0018730608101345458,0.0117242773398019
494,Lending,JustLend,tron:TCFLL5dx5ZJdKnWuesXxi1VPwjLVmWZZy9,JST,3729650622.978478,208951805.43125898,justlend,3.5574284791708433e-05,6.0780977094165856e-06,,,,
111,Lending,AAVE V2,0x7fc66500c84a76ad7e9c93437bfc5ac33e2ddae9,AAVE,3706569100.525899,926728180.5935694,aave-v2,-6.545677361383006e-05,-4.813457146461975e-05,,,0.001768676979797225,0.010211643534509828
2270,CEX,Crypto-com,,-,3506338760.2645893,,crypto-com,-3.727422791262813e-05,-3.0054905372174367e-05,,,,
319,Yield,Convex Finance,0x4e3fbd56cd56c3e72c1403e103b45db9da5b9d2b,CVX,3316743671.1885786,367458970.58527607,convex-finance,0.000318332633763867,-5.193458536177475e-05,,,0.001742606734662498,0.010443054334901513
694,Bridge,JustCryptos,tron:TCFLL5dx5ZJdKnWuesXxi1VPwjLVmWZZy9,JST,3279528807.0,,justcryptos,-2.1755326440791036e-05,-4.49096500614865e-06,,,,
2276,CEX,Huobi,,-,2912770554.041735,,huobi,-4.259746759712524e-05,-1.4752801292934325e-05,,,,
2286,CEX,Bybit,,-,2872767663.555437,,bybit,-4.268163754223453e-05,-2.072718770607662e-05,,,,
2198,Dexes,Uniswap V3,0x1f9840a85d5af5bf1d1762f925bdaddc4201f984,UNI,2849849241.6046095,,uniswap-v3,-1.3599258538711246e-05,1.8121500878476304e-06,0.5421,2.1626,0.003061939119529634,-0.015290731759313543
2274,CEX,Kucoin,,-,2649767568.8181777,,kucoin,-8.39435442037506e-05,-1.271114852220423e-05,,,,
2222,Liquid Staking,Coinbase Wrapped Staked ETH,0xbe9895146f7af43049ca1c1ae358b0541ea49704,CBETH,2188725942.0651655,0.0,coinbase-wrapped-staked-eth,-2.381622228836422e-05,-1.1014023523814308e-05,,,0.03045766225482379,0.2291402485417195
120,Services,Instadapp,0x6f40d4a6237c257fff2db00fa0510deeecd303eb,INST,2103667820.3989224,24094865.487172443,instadapp,2.7744507852169864e-05,5.89804571763386e-06,,,-0.0034061879080329264,-0.016251050714485852
2314,CEX,Gate-io,,-,1829261868.3861706,,gate-io,-9.42761232586109e-05,-4.92245856288609e-05,,,,
2273,CEX,Deribit,,-,1811838020.781147,,deribit,3.1698163690840885e-06,-4.8404520490563655e-06,,,,
194,Dexes,PancakeSwap AMM,bsc:0x0E09FaBB73Bd3Ade0a17ECC321fD13a19e81cE82,CAKE,1764260269.0451312,,pancakeswap-amm,-2.814693985650818e-05,-5.732442255538595e-05,0.7967,2.9745,,
591,Bridge,Multichain,0x9Fb9a33956351cf4fa040f65A13b835A3C8764E3,MULTI,1717786051.5954986,160332403.62569934,multichain,-6.293424555011695e-05,3.008971189402576e-05,,,0.0,0.0
900,Liquid Staking,Rocket Pool,0xd33526068d116ce69f19a9ee46f0bd304f21a51f,RPL,1514188097.392993,913173273.5800108,rocket-pool,4.6690444827151014e-05,6.679198707780998e-05,,,0.003720148805952238,0.06412213740458016
2352,CEX,Bitget,,-,1491879879.2947063,,bitget,3.8444807138764414e-05,1.8581472441381308e-07,,,,
1599,Lending,AAVE V3,0x7fc66500c84a76ad7e9c93437bfc5ac33e2ddae9,AAVE,1405199639.9339252,,aave-v3,7.669627690103154e-05,6.948237165591564e-06,,,0.001768676979797225,0.010211643534509828
114,Lending,Compound,0xc00e94cb662c3520282e6f5717214004a7f26888,COMP,1289296152.6213236,,compound,-3.875007006192144e-05,-5.883298000700643e-05,,,0.0004366501340800683,0.00288800076125226
2197,Dexes,Uniswap V2,0x1f9840a85d5af5bf1d1762f925bdaddc4201f984,UNI,1188727259.0532389,,uniswap-v2,2.136746507920284e-05,6.361884359529224e-06,0.5404,6.1644000000000005,0.003061939119529634,-0.015290731759313543
691,CDP,JustStables,tron:TMwFHYXLJaRUPeW6421aqXL4ZEzPRFGkGT,USDJ,1188442763.204264,0.0,juststables,4.718367719569461e-06,9.935937737139965e-06,,,,
2611,Dexes,Balancer V2,0xba100000625a3754423978a60c9317c58a424e3d,BAL,1041541306.5939171,,balancer-v2,-4.4253272613860026e-05,-5.313643765984977e-05,2.1274,0.0374,0.000831000699790063,0.0046979276431331225
2293,CEX,Bitmex,,-,823740230.0364552,,bitmex,-5.5730487086220746e-05,-1.4671196972104728e-05,,,,
212,Lending,Venus,bsc:0xcf6bb5389c92bdda8a3747ddb454cb7a64626c63,XVS,811146597.4195626,69498842.04226373,venus,-0.00017731563155193308,-8.581014690626221e-06,,,,
270,CDP,Liquity,0x6DEA81C8171D0bA574754EF6F8b412F2Ed88c54D,LQTY,737319321.2961454,112530923.12325011,liquity,2.2452341207601644e-05,-4.203199064458651e-06,,,0.0020198310686742565,0.011023622047244094
337,Derivatives,GMX,arbitrum:0xfc5A1A6EB076a2C7aD06eD22C90d7E710E35ad0a,GMX,686515152.9878875,552381844.0390421,gmx,1.2040258001826399e-05,2.4983813284125132e-05,1.0171,3.0331,,
1918,Yield,Aura,0xc0c293ce456ff0ed870add98a0828dd4d2903dbf,AURA,614617601.2747089,56937541.66540689,aura,-1.931308952526356e-06,-6.645906653352296e-05,,,-0.010861515675141941,-0.047313361864003804
2295,CEX,SwissBorg,,-,571663805.6174836,,swissborg,-5.733661383915401e-05,-1.708255276522186e-05,,,,
2088,Lending,Compound V3,0xc00e94cb662c3520282e6f5717214004a7f26888,COMP,552840226.9785174,,compound-v3,-4.3807018314580005e-05,3.5349424673696284e-05,,,0.0004366501340800683,0.00288800076125226
113,Yield Aggregator,Yearn Finance,0x0bc529c00C6401aEF6D220BE8C6Ea1667F6Ad93e,YFI,443506529.84736097,238865818.72971866,yearn-finance,-4.7304650212275365e-05,-5.42352479712127e-07,,,0.00128281223075303,-0.0609445142754534
1571,Cross Chain,Stargate,0xaf5191b0de278c7286d6c7cc6ab6bb8a73ba2cd6,STG,436086589.05004513,117564594.3567342,stargate,8.994541916116372e-06,1.2512341501518253e-05,,,0.016549165120593692,0.13615062414465226
119,Dexes,SushiSwap,0x6b3595068778dd592e39a122f4f5a5cf09c90fe2,SUSHI,417229988.2252593,174236386.6093587,sushiswap,-5.0068303023990126e-05,-3.1798916198527706e-05,0.1577,1.9158000000000002,0.0009306047191226225,0.005056459430427834
690,Dexes,SUNSwap,tron:TSSMHYeV2uE9qYH95DqyoCuNCzEL1NvU3S,SUN,409995561.4109725,,sunswap,9.158267424616007e-06,1.6709207554654882e-06,-0.41229999999999994,0.4483,,
115,Synthetics,Synthetix,0xc011a73ee8576fb46f5e1c5751ca3b9fe0af2a6f,SNX,370727006.0993571,687729587.6147122,synthetix,-0.00010158727161739045,-6.038690544858838e-05,,,-0.01803065950645158,-0.0228143668566989
144,Derivatives,dYdX,0x92d6c1e31e14520e676a687f0a93788b716beff5,DYDX,357188567.9723825,336663639.95763284,dydx,5.9395743495949116e-05,1.8917087744929616e-06,,,0.004455823342606041,0.017556985385804778
2373,CEX,Binance US,,-,354359127.725695,,binance-us,5.7104101305680554e-05,4.750528119111142e-05,,,,
2301,CEX,Korbit,,-,343456426.56862366,,korbit,-2.504145296171156e-05,-1.2460959163331787e-05,,,,
2221,Liquid Staking,Frax Ether,0x5E8422345238F34275888049021821E8E08CAa1f,frxETH,336945562.07848203,,frax-ether,0.00011194596806510137,0.00010538170526493085,,,0.03282828282828283,0.14565826330532214
2168,Lending,Morpho Aave,0x9994e35db50125e0df82e4c2dde62496ce330999,MORPHO,324651763.7192277,,morpho-aave,6.70527306504165e-05,5.981111230049185e-05,,,0.0029154518950437317,0.04137235116044399
326,Yield Aggregator,Beefy,bsc:0xca3f508b8e4dd382ee878a314789373d80a5190a,BIFI,314590953.69701993,33739016.37227601,beefy,-0.00010337879564149777,-3.9895612216221956e-05,,,,
1796,Bridge,Poly Network,,-,312168135.6,,poly-network,-5.608704098680195e-05,-2.611535302623258e-05,,,,
1541,Bridge,Portal,,-,308786007.6,,portal,0.00021720873509455617,3.187465973737424e-05,,,,
2769,Dexes,PancakeSwap AMM V3,bsc:0x0E09FaBB73Bd3Ade0a17ECC321fD13a19e81cE82,CAKE,304755838.67163765,,pancakeswap-amm-v3,0.00038974800636007776,0.00017762002663967546,0.1464,2.955,,
2435,CEX,Nexo,,-,284043176.84671557,378543036.32602316,nexo,-6.627244793793618e-05,-1.9969730084404836e-05,,,,
148,Privacy,Tornado Cash,0x77777feddddffc19ff86db637967013e6c6a116c,TORN,274399180.7700244,9230554.202418758,tornado-cash,-1.004790184223281e-05,3.6370952307285264e-06,,,0.0013123359580052493,0.004608294930875576
1793,Indexes,Bwatch,0x045414e728067ab3da4bceafc0d992d59183463a,BOX,273365813.54,0.0,bwatch,-2.4464884461621318e-05,-5.948428559122698e-06,,,0.0,0.0588235294117647
122,Insurance,Nexus Mutual,0xd7c49cee7e9188cca6ad8ff264c1da2e69d4cf3b,NXM,267107755.67047083,345229562.45251495,nexus-mutual,1.0815545255284942e-05,-5.81659852907368e-07,,,0.0,-0.0007347538574577515
1799,Dexes,Velodrome,optimism:0x3c8B650257cFb5f272f799F5e2b4e65093a11a05,VELO,266477022.2034535,25676957.415152244,velodrome,-0.00012861918123395542,-9.705914401503256e-07,0.3003,0.7171,,
2706,Lending,Radiant V2,arbitrum:0x3082CC23568eA640225c2467653dB90e9250AaA0,RDNT,263958038.0703264,,radiant-v2,0.00019527399067876817,0.00010624818778032008,,,,
347,CDP,Abracadabra,0x090185f2135308bad17527004364ebcc2d37e5f6,SPELL,258813147.45755142,69931047.19591776,abracadabra,-1.5366517203601048e-05,1.516348874088358e-05,,,0.0015085861017493179,0.010034960507574776
132,Bridge,hBTC,0x0316EB71485b0Ab14103307bf65a021042c6d380,hBTC,249656979.62998885,252206162.75844365,hbtc,-7.440992926033285e-07,-1.6195429443066622e-06,,,0.0007572889057175312,-0.020022246941045607
1765,Launchpad,UniCrypt,0xadb2437e6f65682b85f814fbc12fec0508a7b1d0,UNCX,240010082.09273183,9591156.512873663,unicrypt,4.709541607931467e-05,1.622911425044338e-05,,,0.005451241671714113,0.007893139040680024
2907,Dexes,Chronos,arbitrum:0x15b2fb8f08E4Ac1Ce019EADAe02eE92AeDF06851,CHR,232268140.35442796,0.0,chronos,0.002204803803055988,0.001389644944161279,4.098,,,
502,Yield,Coinwind,heco:0x80861a817106665bca173db6ac2ab628a738c737,COW,213671303.0518423,0.0,coinwind,-1.4163817428025639e-06,2.9854743253343587e-07,,,,
295,Chain,Stacks Staking,-,STX,208361161.81713977,1012664506.1196563,stacks-staking,-0.0004455110617557945,-0.00018292360521159122,,,,
657,Bridge,Synapse,0x0f2d719407fdbeff09d87557abb7232601fd9f29,SYN,205484064.84153563,128263081.99596086,synapse,-6.137461892256946e-05,-3.6626921904034935e-05,,,-0.003881156316916488,-0.010370961308336656
345,Leveraged Farming,Alpaca Leveraged Yield Farming,bsc:0x8f0528ce5ef7b51152a59745befdd91d97091d2f,ALPACA,202263642.62966374,32338999.044404496,alpaca-leveraged-yield-farming,0.00042556759901605455,5.7830463544068514e-05,,,,
1807,Launchpad,PinkSale,bsc:0x602ba546a7b06e0fc7f58fd27eb6996ecc824689,PINKSALE,199879018.68395105,18133080.75260271,pinksale,1.1335801142515755e-05,3.0680548305117575e-05,,,,
641,Liquidity manager,Arrakis V1,,-,199051997.05744207,,arrakis-v1,8.30490141010154e-05,-1.239678841102876e-06,,,,
373,Dexes,BiSwap,bsc:0x965f527d9159dce6288a2219db51fc6eef120dd1,BSW,189650908.1971509,50518237.93298851,biswap,0.0003828427718154348,-6.841244331161734e-05,0.37479999999999997,0.5215,,
831,Dexes,VVS Finance,cronos:0x2D03bECE6747ADC00E1a131BBA1469C15fD11e03,VVS,177507151.56955504,116277035.57055382,vvs-finance,-8.244588353451321e-05,-1.61755139239117e-05,0.3271,1.6606,,
277,Liquid Staking,StakeWise,0x48c3399719b582dd63eb5aadf12a40b4c3f52fa2,SWISE,170654416.14420703,29179563.02952818,stakewise,1.9240398993041198e-05,5.3268464486277974e-06,,,-0.009705488621151271,-0.01661681621801263
704,Dexes,Chainge Finance,fusion:0xed0294dbd2a0e52a09c3f38a09f6e03de2c44fcf,CHNG,169417008.650634,44889439.78975499,chainge-finance,-8.088988290276821e-06,-1.3121241510345438e-05,2.7187,1.3153,,
278,Liquid Staking,Ankr,0x8290333cef9e6d528dd5618fb97a76f268f3edd4,ANKR,161234995.16979307,213955011.90714267,ankr,-0.00014844719376454484,-4.812291020106607e-05,,,0.0030056120412332403,0.013164136622390892
1217,Liquid Staking,Parallel Liquid Crowdloan,,-,155432918.27323827,,parallel-liquid-crowdloan,-7.367104175799e-05,-4.2231634566077814e-05,,,,
129,Chain,xDAI Stake Bridge,0x0Ae055097C6d159879521C384F1D2123D1f195e6,STAKE,155233308.69501433,757962.7161497177,xdai-stake-bridge,-1.1874295162558335e-05,-2.4391492891768786e-05,,,-0.00022678308198208414,-0.00011340440009072352
383,Dexes,Osmosis DEX,-,OSMO,154941929.81628358,381200417.41981626,osmosis-dex,-6.760869892353028e-05,-1.2499276085649048e-05,0.2661,1.5233,,
231,Payments,Lightning Network,-,-,149311571.46141368,,lightning-network,-2.828900516156585e-05,-5.591054463118805e-06,,,,
2517,NFT Lending,ParaSpace Lending,,-,149165131.76059023,,paraspace-lending,-3.747724165789057e-05,2.7954615140111104e-05,,,,
1773,NFT Lending,BendDAO Lending,0x0d02755a5700414B26FF040e1dE35D337DF56218,BEND,148972981.3448006,,benddao-lending,-9.51655975386656e-05,-8.553978746822733e-05,,,-0.0025780578630764826,-0.000478423117405033
1054,Bridge,ChainPort,0x104f3152d8ebfc3f679392977356962ff36566ac,PORTX,146262488.37199998,2298629.0773116676,chainport,-0.0001787495278499318,-5.147447771738256e-05,,,0.006024096385542169,0.018292682926829267
1981,Bridge,Orbit Bridge,eth:0x662b67d00A13FAf93254714DD601F5Ed49Ef2F51,ORC,143146000.92513317,0.0,orbit-bridge,-4.5895223214426076e-05,-8.939976921980786e-05,,,,
1166,Dexes,DefiChain DEX,-,DFI,141432604.47552434,282033128.1256197,defichain-dex,-0.00028924391388088775,-0.00012505324132875196,4.5979,4.5497000000000005,,
359,Algo-Stables,Frax,0x3432b6a60d23ca0dfca7761b7ab56459d9c964d0,FXS,136237170.06314406,,frax,-1.835367566297208e-05,-7.312179957364218e-05,,,0.00216998191681736,0.017702365212281475
801,Bridge,cBridge,,CELR,134362669.09749582,106151862.81407437,cbridge,-6.759909098956963e-05,-1.8291125886951144e-05,,,,
467,Lending,Benqi Lending,avax:0x8729438eb15e2c8b576fcc6aecda6a148776c0f5,QI,132630572.97548681,30230736.09762022,benqi-lending,-3.7809402402613215e-05,-4.3488736288547216e-05,,,,
2914,Liquid Staking,Binance staked ETH,,-,131084857.60995449,,binance-staked-eth,1.6607067051221948e-05,-1.969887039945717e-05,,,,
1879,Liquid Staking,Acala LCDOT,acala:-,ACA,129503777.85896887,,acala-lcdot,-7.251812953238845e-05,-4.182282331214981e-05,,,,
1115,Lending,Tectonic,cronos:0xeAdf7c01DA7E93FdB5f16B0aa9ee85f978e89E95,TONIC,125175004.97262338,41819777.86911633,tectonic,-3.682069321422343e-06,9.613213573689272e-07,,,,
116,Dexes,Balancer V1,0xba100000625a3754423978a60c9317c58a424e3d,BAL,123500285.31529593,,balancer-v1,-7.315821473370176e-05,-4.240611499857327e-05,2.5362999999999998,0.7958,0.000831000699790063,0.0046979276431331225
2076,Lending,Fraxlend,,-,122325211.86020721,,fraxlend,3.948195756970696e-05,6.479121399577181e-05,,,,
177,Services,DefiSaver,-,-,121493416.4761033,,defisaver,-4.157691872302971e-06,-8.740105093030804e-05,,,,
279,Liquid Staking,StakeHound,0x160b1e5aabfd70b2fc40af815014925d71ceed7e,-,120872801.63958165,0.0,stakehound,1.2171273986869568e-05,-1.528970980100297e-06,,,0.0,0.0
2542,RWA,Ondo Finance,-,-,116484007.7607635,,ondo-finance,0.00014065527529231404,0.00015468307257943126,,,,
2414,NFT Marketplace,Blur Bids,0x5283d291dbcf85356a21ba090e6db59121208b44,BLUR,113163073.05283968,210548464.25814408,blur-bids,-1.2106905975046712e-05,-3.203746751868741e-05,,,0.0029055108656501375,-0.013976108409273335
2313,CEX,Firi,,-,110126064.03321558,,firi,-5.240240426044873e-05,-1.3196679747515817e-05,,,,
1044,Liquid Staking,Stader,0x30d20208d987713f46dfd34ef128bb16c404d10f,SD,109739615.93885157,24149242.260809418,stader,9.019130760750116e-06,-2.1598573894715535e-05,,,-0.0014492753623188406,-0.008957175547564564
1864,Launchpad,Team Finance,0xCC4304A31d09258b0029eA7FE63d032f52e44EFe,SWAP,105652144.86387151,26771897.218617924,team-finance,-3.545800847549851e-05,-1.4942754677564895e-05,,,-0.0013916091124626328,-0.004419094599455321
508,Dexes,KlaySwap,-,KSP,105299087.89356306,0.0,klayswap,-5.808091510823621e-05,-4.125295307788268e-05,0.5613,0.6179,,
412,Dexes,Thorchain,thorchain:0x0000000000000000000000000000000000000000,RUNE,105202289.69651206,364513236.20202994,thorchain,-6.271631203254469e-05,-5.290742312508034e-05,,,,
126,Dexes,Loopring,0xbbbbca6a901c926f240b89eacb641d8aec7aeafd,LRC,104381224.78790307,366114382.4421827,loopring,-9.049992438729059e-05,-3.986399906114824e-05,,,0.000521793784724487,0.004865412101000477
504,Algo-Stables,Mento,-,-,104368829.2090505,253664678.1601633,mento,-0.00030975523004247,-0.00010101325527263505,,,,
2292,CEX,Cake DeFi,,-,103025423.19304669,,cake-defi,-2.8644006923070897e-05,-1.2169392156976544e-05,,,,
355,Liquidity manager,Gamma,0x6bea7cfef803d1e3d5f7c0103f7ded065644e197,GAMMA,101429551.24747758,13443951.920573274,gamma,3.914232135631579e-05,0.00010585095749359397,,,-0.008272750062672349,-0.029440628066732092
484,Liquid Staking,Marinade Finance,solana:MNDEFzGvMt87ueuHvVU9VcTqsAP5b3fTGPsHuuPA5ey,MNDE,100602860.85580002,6104908.160150253,marinade-finance,-8.790339763612986e-05,-7.057107333894752e-05,,,,
2305,CEX,MaskEX,,-,100275837.89043686,,maskex,-2.717095699874106e-05,-9.72061273139757e-06,,,,
435,Cross Chain,Hop Protocol,0xc5102fe9359fd9a28f877a67e36b0f050d81a3cc,HOP,98959256.08851857,7689709.150036675,hop-protocol,-1.8364294027726214e-05,-1.2830127640124367e-05,,,-0.0008592910848549946,-0.0042106765629460466
1167,Synthetics,DefiChain Loans,-,DFI,98457530.62386481,,defichain-loans,1.380676464150188e-05,3.857756389435974e-06,,,,
2346,CEX,WOO X,,-,95507192.91184752,,woo-x,-0.00013301449813306942,2.364778229932307e-05,,,,
2678,Lending,Alpaca Lending,bsc:0x8f0528ce5ef7b51152a59745befdd91d97091d2f,ALPACA,95331987.09561554,,alpaca-lending,0.0004508182062676691,-0.00014176602767799419,,,,
1700,Dexes,Wombat Exchange,bsc:0xad6742a35fb341a9cc6ad674738dd8da98b94fb1,WOM,95320173.84590074,6860487.989951201,wombat-exchange,7.766788775644296e-05,3.447427901897671e-05,1.4791999999999998,1.4967,,
1427,Liquid Staking,Benqi Staked Avax,avax:0x2b2C81e08f1Af8835a78Bb2A90AE924ACE0eA4bE,SAVAX,93583249.9698157,93373051.11187343,benqi-staked-avax,-9.882734627163935e-05,-2.8954918813499654e-05,,,,
2369,CEX,Phemex,,-,93443121.39275745,,phemex,-2.325439466170365e-05,-5.054388052362247e-05,,,,
431,Dexes,SUN.io,tron:TSSMHYeV2uE9qYH95DqyoCuNCzEL1NvU3S,SUN,92722884.3532974,51145780.83050864,sun.io,4.7043486104780814e-06,8.797950842504454e-05,,,,
2616,Yield,Conic Finance,0x9ae380f0272e2162340a5bb646c354271c0f5cfc,CNC,91904213.67636442,,conic-finance,-6.023673949368314e-05,1.235377960789874e-05,,,-0.0048330404217926184,-0.0035195776506819184
140,Lending,Kava Lend,-,HARD,90005026.464473,19408884.08932026,kava-lend,-3.941658200791842e-05,1.641362944970748e-06,,,,
2307,Dexes,Camelot V2,arbitrum:0x3d9907F9a368ad0a51Be60f7Da3b97cf940982D8,GRAIL,88371282.5614697,,camelot-v2,-4.624714675596109e-05,-6.079107952909002e-05,-0.6966,1.2196,,
2298,CEX,Coinsquare,,-,84188589.8943458,,coinsquare,4.682280275566164e-05,-2.4690420071605822e-05,,,,
306,Dexes,Quickswap Dex,polygon:0x831753dd7087cac61ab5644b308642cc1c33dc13,QUICK,83218436.71650809,32978199.909240708,quickswap-dex,-0.00012899758075910929,-5.925249521563258e-05,,,,
1087,Lending,Algofi Lend,,-,81630399.08624715,,algofi-lend,-0.00011706541634643796,-4.149742247422039e-05,,,,
797,Dexes,Katana DEX,,-,81373409.6089142,,katana-dex,1.659712100674504e-05,-3.363706809416778e-05,0.2157,-0.0108,,
2415,Liquid Staking,OKC Liquid Staking,okexchain:0x97b05e6c5026d5480c4b6576a8699866eb58003b,stOKT,77588358.86351818,,okc-liquid-staking,-0.000159386178849501,2.2315134285342265e-05,,,,
266,Indexes,Set Protocol,-,-,77339274.75914407,,set-protocol,-7.068018727912406e-05,-4.6493334332037285e-05,,,,
225,Indexes,Enzyme Finance,0xec67005c4e498ec7f55e092bd1d35cbc47c91892,MLN,76901743.8441029,29089152.125019457,enzyme-finance,-8.879613951656706e-06,-6.305425297253864e-06,,,-0.0009602194787379973,0.003997794320374966
1108,Leveraged Farming,Gearbox,0xba3335588d9403515223f109edc4eb7269a9ab5d,GEAR,76865824.16872159,7121461.222643244,gearbox,-3.698212225296871e-05,-9.119725764851205e-05,,,-0.0005758157389635317,0.0025028879476318828
2190,Yield,Sushi BentoBox,0x6b3595068778dd592e39a122f4f5a5cf09c90fe2,SUSHI,76836260.55976114,,sushi-bentobox,-2.5493405932196512e-05,-1.2446301385682367e-05,,,0.0009306047191226225,0.005056459430427834
753,RWA,RealT Tokens,,-,76347664.39299999,,realt-tokens,1.2881507313902141e-05,1.6098634178780546e-05,,,,
654,Dexes,Beethoven X,fantom:0xf24bcf4d1e507740041c9cfd2dddb29585adce1e,BEETS,74624696.9824758,4621111.233769834,beethoven-x,-0.0001562046849029064,-6.914091117811272e-05,0.1343,-0.0276,,
143,Payments,Flexa,0xff20817765cb7f73d4bde2e66e067e58d11095c2,AMP,70803392.40876326,176233244.05191943,flexa,-9.582033882173269e-05,-3.882273950033488e-05,,,0.0012213424416498474,0.0063250975292587774
1985,Dexes,Canto Dex,,-,69311588.81549597,,canto-dex,-2.9320374067803856e-05,-1.3680083155004353e-05,0.0689,0.1572,,
2807,RWA,MatrixDock,0x530824DA86689C9C17CdC2871Ff29B058345b44a,STBT,69072848.5340865,0.0,matrixdock,8.923648639238557e-06,9.83353597236558e-06,,,0.0,0.125
135,CDP,Kava Mint,,-,68317232.8323602,,kava-mint,1.4830261849430038e-05,-2.9950900193369546e-05,,,,
302,Dexes,SpookySwap,fantom:0x841fad6eae12c286d1fd18d1d525dffa75c7effe,BOO,65566061.06599548,11791518.45451582,spookyswap,-0.00046171374664992325,-0.00011125304844548544,0.9268000000000001,1.7258000000000002,,
2111,Lending,UwU Lend,0x55C08ca52497e2f1534B59E2917BF524D4765257,UWU,65268554.83748306,24181866.285656627,uwu-lend,-1.127065883021805e-05,-1.5913854944774597e-05,,,-0.0011185682326621924,0.8526970954356847
1901,Launchpad,DxSale,0xF063fE1aB7a291c5d06a86e14730b00BF24cB589,DX,65194337.58967482,1007150.4413922536,dxsale,-5.1199592588995204e-05,-1.891420816880873e-05,,,-0.0010857763300760044,0.005464480874316941
382,Yield,Pendle,0x808507121b80c02388fad14726482e061b8da827,PENDLE,64509386.40624145,34429368.92502677,pendle,-3.9832906653581856e-05,5.781566914103031e-05,,,-0.0069367369589345175,0.06486164831895269
1544,Yield,Concentrator,ethereum:0xb3Ad645dB386D7F6D753B2b9C3F4B853DA6890B8,CTR,64270230.94500837,0.0,concentrator,0.00014298590088832386,-1.1932900704612059e-05,,,,
1995,Dexes,Bancor V3,0x1f573d6fb3f13d689ff844b4ce37794d79a7ff1c,BNT,64168427.34073759,,bancor-v3,-0.0001556114108450102,-9.004687681688827e-05,0.9884000000000001,,0.00022897267592733933,0.00393248384872705
2121,Dexes,Frax Swap,,-,64031102.15866682,,frax-swap,-4.0803521350679664e-05,-3.3028710095619474e-05,1.4989,0.8781,,
2226,Yield,Wombex Finance,bsc:0xa75d9ca2a0a1D547409D82e1B06618EC284A2CeD,WMX,62235931.0402747,2399439.4590682667,wombex-finance,0.00012633613079394035,5.8710103467998206e-05,,,,
243,Yield Aggregator,Flamincome,0x57dD84042ec9507963016596A34EdaD42F7e4CCE ,FLAG,61966374.14671925,,flamincome,-7.729180038023032e-06,-2.350375221080725e-06,,,,
2239,Dexes,Quickswap V3,polygon:0xb5c064f955d8e7f38fe0460c556a72987494ee17,QUICK,60710665.19575334,,quickswap-v3,-8.660017760537486e-05,-1.6218296682604105e-05,0.3419,2.3775999999999997,,
172,Indexes,Index Coop,0x0954906da0Bf32d5479e25f46056d22f08464cab,INDEX,60481293.91771758,11033329.02838053,index-coop,-5.064509659997496e-05,-4.191766051223178e-05,,,0.0018431292238378046,0.010326311441553075
951,Dexes,4Swap,,-,59906927.880799994,,4swap,-4.365901842915188e-05,-1.907230716430397e-05,0.5211,1.1603,,
2311,CEX,CoinDCX,,-,59062289.92319444,,coindcx,-3.0462907831962925e-05,-2.0326071022023218e-05,,,,
449,CDP,QiDao,polygon:0x580a84c73811e1839f75d86d75d88cca0c241ff4,QI,58671783.02544282,5015506.578079683,qidao,0.0001340621567003919,-2.0932428212364627e-05,,,,
1018,Derivatives,Gains Network,polygon:0xe5417af564e4bfda1c483642db72007871397896,GNS,58613786.743470296,151334473.81238046,gains-network,1.9089433773755714e-05,1.3577719954080969e-05,,,,
2205,CDP,Pando Leaf,,-,58163073.863341436,,pando-leaf,-4.931316346468928e-05,-1.9203828246102672e-05,,,,
2038,CDP,Helio Protocol,bsc:0x0782b6d8c4551B9760e74c0545a9bCD90bdc41E5,HAY,57958679.27308928,39209738.62836311,helio-protocol,-4.9445731663019246e-05,-2.23833533579465e-06,,,,
160,Yield,Homora V2,0xa1faa113cbe53436df28ff0aee54275c13b40975,ALPHA,57835280.8976632,77800114.11389194,homora-v2,2.577144597992742e-07,-1.0718660432881277e-05,,,0.00031443244942878104,0.0047373407727129176
2237,Bridge,Axelar,0x467719ad09025fcc6cf6f8311755809d45a5e5f3,AXL,57624780.82928709,139902941.24502644,axelar,-0.00017259676032734482,-0.00014043919407867535,,,0.014119091467157764,0.08079816813869806
204,Synthetics,Alchemix,0xdBdb4d16EdA451D0503b854CF79D55697F90c8DF,ALCX,57086481.58888184,33063661.725902013,alchemix,5.171827103669369e-05,3.641903587616735e-05,,,0.0013377926421404682,0.005372733378106112
249,Yield,StakeDAO,0x73968b9a57c6e53d41345fd57a6e6ae27d6cdb2f,SDT,55159300.58354949,20877100.63127013,stakedao,-9.233510810078837e-05,-6.609776684121326e-05,,,0.0017232890201870998,0.004443347321648976
2654,Yield,ParaSpace APE Staking,,-,54417411.97026328,,paraspace-ape-staking,-0.00017867707612077678,4.435099297555922e-05,,,,
1453,Lending,EOS REX,eos:eos,EOS,53523069.943774685,1001957323.1308421,eos-rex,-0.000157315125237123,-8.97767892105994e-05,,,,
425,Yield,Tranchess,bsc:0x20de22029ab63cf9A7Cf5fEB2b737Ca1eE4c82A6,CHESS,52926083.95462444,22081839.890982084,tranchess,-7.837477138963878e-05,-2.384476319468587e-05,,,,
334,Dexes,MDEX,bsc:0x9c65ab58d8d978db963e63f2bfb7121627e3a739,MDX,50958889.00957306,66218976.20615665,mdex,-3.6517852343889156e-05,-2.8574248187981378e-05,-0.0294,0.3173,,
1494,Dexes,Minswap,cardano:asset1d9v7aptfvpx7we2la8f25kwprkj2ma5rp6uwzv,MIN,49660524.080052204,0.0,minswap,-1.798347227847774e-05,-2.163662538348987e-05,2.0353,4.8789,,
854,Dexes,xExchange,elrond:MEX-455c57,MEX,48635328.87046634,19376927.500817467,xexchange,-0.00013184095992079702,-0.00010443007291418116,-0.1866,0.9045000000000001,,
2949,Liquid Staking,CRETH2,0x2ba592F78dB6436527729929AAf6c908497cB200,CREAM,46550624.09573914,,creth2,1.673420014881133e-05,1.673420014881133e-05,,,0.000447127207690588,0.000447127207690588
2266,Yield Aggregator,Kava Earn,,-,46492677.94176352,,kava-earn,-3.867930333143699e-05,5.104699850638328e-05,,,,
2262,Liquid Staking,Kava Liquid,,-,46421302.81512927,,kava-liquid,-1.7690447456258916e-05,5.406282541429386e-05,,,,
2529,Dexes,PancakeSwap StableSwap,bsc:0x0E09FaBB73Bd3Ade0a17ECC321fD13a19e81cE82,CAKE,45659674.41951893,,pancakeswap-stableswap,-0.000512553290712927,-0.00022318312741265723,-0.39759999999999995,-0.0029,,
506,Yield,Tetu Earn,polygon:0x255707b70bf90aa112006e1b07b9aea6de021424,TETU,45389821.5397061,,tetu-earn,0.0006129996381496161,-4.590128259804649e-05,,,,
468,Dexes,Trader Joe DEX,avax:0x6e84a6216ea6dacc71ee8e6b0a5b7322eebc0fdd,JOE,44243271.7244713,,trader-joe-dex,-0.000110575640674625,-7.744596593246444e-05,1.052,2.0697,,
1207,Cross Chain,Across,0x44108f0223A3C3028F5Fe7AEC7f9bb2E66beF82F,ACX,43901425.735485345,7311813.533778401,across,4.55028690002246e-06,-4.845290348427733e-05,,,0.006505576208178439,0.017857142857142856
304,Dexes,Flamingo Finance,,FLM,43894240.569103785,37425730.981257185,flamingo-finance,-0.0001212251442155754,-5.6629097928982966e-05,-0.295,0.307,,
331,Lending,MoneyOnChain,rsk:0x9AC7fE28967B30E3A4e6e03286d715b42B453D10,MOC,43828437.42813398,,moneyonchain,-2.2972173429995913e-05,-1.2463758731062757e-05,,,,
612,Lending,Vires Finance,waves:DSbbhLsSTeDg5Lsiufk2Aneh3DjVqJuPr2M9uU1gwy5p,VIRES,43288055.434494905,2969137.428144021,vires-finance,-8.460373816595146e-05,-1.5109152599088738e-05,,,,
643,Lending,Geist Finance,fantom:0xd8321AA83Fb0a4ECd6348D4577431310A6E0814d,GEIST,42952018.99746842,3566738.780439828,geist-finance,-4.2466056629675283e-05,1.7997276310111055e-06,,,,
2169,Dexes,BabyDogeSwap,bsc:0xc748673057861a797275CD8A068AbB95A902e8de,BabyDoge,42755266.89095693,341227387.9119072,babydogeswap,0.00012623273396711988,-9.550519904695465e-05,0.4583,2.9196,,
146,Dexes,DODO,0x43Dfc4159D86F3A37A5A4B3D4580b888ad7d4DDd,DODO,42537153.39266576,50631934.419995494,dodo,-1.620303571953863e-05,1.1698472117780412e-05,-0.5567,-0.4547,-0.0005938242280285036,0.0016366612111292963
123,Lending,dForce,0x431ad2ff6a9c365805ebad47ee021148d6f7dbe0,DF,42169680.17373129,22449560.766249903,dforce,-9.573283957076573e-05,3.6482233514312234e-06,,,0.0020391517128874386,0.011527377521613834
2417,Dexes,THENA V1,bsc:0xf4c8e32eadec4bfe97e0f595add0f4450a863a11,THE,41055073.976705745,5404891.360740922,thena-v1,-0.000456706072057923,-0.00023399105493706828,0.1653,0.20550000000000002,,
1772,Derivatives,ApolloX,bsc:0x78F5d389F5CDCcFc41594aBaB4B0Ed02F31398b3,APX,41046020.14781555,22656560.303777527,apollox,2.3417757527033345e-06,6.0637908459615364e-05,,,,
208,Yield Aggregator,ACryptoS,bsc:0x4197c6ef3879a08cd51e5560da5064b773aa1d29,ACS,39592721.368200004,2764571.6679447824,acryptos,-0.0003450584590375194,-5.984660200740843e-05,,,,
2461,Bridge,Ad-Astra Bridge,,-,39450814.40594065,,ad-astra-bridge,-0.0001398173121564106,-4.56187672832975e-05,,,,
173,Yield Aggregator,Badger DAO,0x3472A5A71965499acd81997a54BBA8D852C6E53d,BADGER,39265328.96,52949156.772793986,badger-dao,-1.6719117665425777e-05,-1.0643862028151263e-05,,,0.0008831136062574906,0.0019259306033530136
2254,Derivatives,MUX Protocol,0x4e352cf164e64adcbad318c3a1e222e9eba4ce42,MCB,39242321.8830778,50548098.06925479,mux-protocol,0.00019148192963740928,0.00015746991429200108,,,-0.0017761989342806395,-0.004252303330970942
1556,Bridge,Terra Bridge,,-,39091399.093770355,,terra-bridge,-0.00030355876057537866,-0.00012625163864179778,,,,
427,Yield Aggregator,Origin Dollar,0x9c354503c38481a7a7a51629142963f98ecc12d0,OGV,38805777.51620514,3416399.678087464,origin-dollar,1.2628880571896596e-06,3.388569975382394e-05,,,0.0050041701417848205,0.047370708387657535
1882,Dexes,Ferro,cronos:0x39bC1e38c842C60775Ce37566D03B41A7A66C782,FER,38564911.95198828,21777709.536072686,ferro,-1.9089767450595207e-05,7.692132751495606e-06,-0.3542,2.467,,
2235,Liquid Staking,Algo Liquid Governance,,-,38483490.35300106,,algo-liquid-governance,-0.00010060510053600203,0.0002667655286774728,,,,
1023,Yield,Overnight USD+,polygon:0x236eeC6359fb44CCe8f97E99387aa7F8cd5cdE1f,USD+,38337257.69241639,52075368.61236844,overnight-usd+,0.0003859268026278806,0.00016803127680671936,,,,
283,Dexes,Orca,solana:orcaEKTdK7LKz57vaAYr9QeNsVEPfiu6QeMU1kektZE,ORCA,38293086.79547006,17666370.92491819,orca,-3.345824834224631e-05,4.415651325777592e-06,0.9193000000000001,4.2297,,
2626,Liquid Staking,ether.fi,,-,38014334.91050041,,ether.fi,-0.00012127108718277712,0.00010018496357029116,,,,
2537,Lending,Flux Finance,,-,37265155.62801239,,flux-finance,0.0002637091338700759,8.422995510002806e-05,,,,
475,Yield Aggregator,Yield Yak Aggregator,avax:0x59414b3089ce2af0010e7523dea7e2b35d776ec7,YAK,37013213.47651077,4333113.423313503,yield-yak-aggregator,-8.664282881659657e-05,-2.6763009507828618e-05,,,,
1986,Lending,Canto Lending,,-,35906927.450433195,,canto-lending,-2.3152903899777978e-05,2.3733373312073704e-06,,,,
2817,Indexes,Agility LSD,0x5f18ea482ad5cc6bc65803817c99f477043dce85,AGI,35719685.28355457,0.0,agility-lsd,-0.0006908683559963635,-0.00028563643338233027,,,0.02478448275862069,2.979079497907949
2020,Lending,Silo Finance,0x6f80310ca7f2c654691d1383149fa1a57d8ab1f8,SILO,35660539.3041307,21589943.596301116,silo-finance,1.1798903763593494e-06,3.641213506820895e-05,,,-0.007057379564283523,-0.01009483022330988
547,Cross Chain,pNetwork,0x89ab32156e46f46d02ade3fecbe5fc4243b9aaed,PNT,34919182.930151515,11317294.891001888,pnetwork,3.1109258692831875e-05,-6.13483785755875e-06,,,-0.00021117094287825995,-0.000633245382585752
2539,Indexes,unshETH,0xe60779cc1b2c1d0580611c526a8df0e3f870ec48,USH,34841088.85346047,10669005.970770417,unsheth,5.6833346670670526e-05,0.00011060185352629537,,,-0.018065887353878853,0.11191335740072202
438,Yield,Tokemak,0x2e9d63788249371f1dfc918a52f8d799f4a38c94,TOKE,34779127.15305968,10633329.274670534,tokemak,-6.450271143414344e-05,-5.27796901632982e-05,,,0.0015105740181268882,0.0057306590257879654
1619,NFT Lending,JPEG'd,0xe80c0cd204d654cebe8dd64a4857cab6be8345a3,JPEG,34347206.35075809,12783977.22434106,jpegd,-8.307515962883704e-05,6.351078188062243e-05,,,-0.009872241579558653,-0.029963967380997533
2728,Dexes,SyncSwap,,-,34216974.689985245,,syncswap,-0.00029985029171813673,-4.5823414093474345e-05,,,,
1853,Lending,Moonwell Artemis,moonbeam:0x511aB53F793683763E5a8829738301368a2411E3,WELL,34147136.08488682,2630956.700017794,moonwell-artemis,7.58566587516496e-06,1.9487161015252497e-06,,,,
1272,Bridge,ioTube,,-,33904329.379204266,0.0,iotube,-6.228403660790693e-05,-4.180058247101326e-05,,,,
2864,Dexes,THENA FUSION,bsc:0xf4c8e32eadec4bfe97e0f595add0f4450a863a11,THE,33800699.33390524,,thena-fusion,0.00046803757499897625,0.00022168739813728687,-0.002,,,
234,Lending,Notional,0xcfeaead4947f0705a14ec42ac3d44129e1ef3ed5,NOTE,33426478.014914308,6502265.566062903,notional,-6.821190583193859e-06,5.5657079730140336e-05,,,-0.001905972045743329,-0.001905972045743329
2142,Lending,Sonne Finance,optimism:0x1db2466d9f5e10d7090e7152b68d62703a2245f0,SONNE,33306380.161358323,3487862.901343258,sonne-finance,-0.00013135573717802827,-5.895739734736005e-05,,,,
944,Dexes,Platypus Finance,avax:0x22d4002028f537599be9f666d1c4fa138522f9c8,PTP,33231604.235316385,3118149.0714457002,platypus-finance,-6.527499785804358e-05,-2.2737852779829428e-05,1.6007,4.1514,,
190,Indexes,dHEDGE,0xca1207647ff814039530d7d35df0e1dd2e91fa84,DHT,32970000.925483987,5976918.561638944,dhedge,-2.642790276759843e-05,5.4823114813815634e-05,,,0.0011179429849077697,0.00027925160569673273
207,Insurance,Unslashed,0xe0e05c43c097b0982db6c9d626c4eb9e95c3b9ce,USF,32951275.955126557,859198.9757671744,unslashed,-1.476422383715148e-05,-1.7217809944936047e-06,,,0.0,0.0006743088334457181
2707,Services,SPL Governance,,-,32333534.48947523,,spl-governance,9.637759318792406e-07,5.79307372683413e-07,,,,
2251,Liquid Staking,Stride,,STRD,32053405.544943802,117049204.61269848,stride,6.0881780168373645e-05,9.91388129236448e-05,,,,
246,Dexes,Pangolin,avax:0x60781C2586D68229fde47564546784ab3fACA982,PNG,31694720.915778443,5396757.318686871,pangolin,-0.00010751573160953764,-8.108361642554796e-06,1.3208000000000002,2.6620999999999997,,
1848,CDP,Acala Dollar,acala:-,aUSD,31520216.456828915,,acala-dollar,-0.0002490837659096079,-0.00012068013177593873,,,,
265,CDP,Reflexer,0x6243d8cea23066d098a15582d81a598b4e8391f4,FLX,31429574.44488177,10933665.937845822,reflexer,-4.82760934662374e-06,-1.3531759360754237e-05,,,0.0002845759817871372,-0.0036848072562358277
2395,Derivatives,Level Finance,bsc:0xB64E280e9D1B5DbEc4AcceDb2257A87b400DB149,LVL,31350962.739257034,,level-finance,-6.849864570383835e-05,2.701351500601801e-05,0.2743,17.320899999999998,,
149,Lending,B.Protocol,0xbbBBBBB5AA847A2003fbC6b5C16DF0Bd1E725f61,BPRO,31235024.166125614,4453968.85506902,b.protocol,-1.7388571593028866e-05,2.1082995073464785e-05,,,-0.0007363770250368188,-0.0036710719530102785
276,Liquid Staking,Stafi,0xef3A930e1FfFFAcd2fc13434aC81bD278B0ecC8d,FIS,31110481.609247945,18573292.294060618,stafi,-3.0197405428346036e-05,-2.6760414982464063e-05,,,0.002144082332761578,0.0012853470437017994
1433,Options Vault,Jones DAO,arbitrum:0x10393c20975cf177a3513071bc110f7962cd67da,JONES,30936679.89928124,7912635.3682981925,jones-dao,-3.205998446586866e-05,2.682339434308956e-05,,,,
1525,Yield,Vector Finance,avax:0x5817d4f0b62a59b17f75207da1848c2ce75e7af4,VTX,30883390.926327296,1268440.4623472055,vector-finance,-0.00010965946646155134,-6.439898196528127e-05,,,,
281,Options Vault,Ribbon,0x6123b0049f904d730db3c36a31167d9d4121fa6b,RBN,30841170.4926596,,ribbon,9.642961548939067e-06,-3.0869913117531625e-05,,,-0.00022276676319893073,0.00335345405767941
150,Yield Aggregator,Idle,0x875773784Af8135eA0ef43b5a374AaD105c5D39e,IDLE,30788502.002376474,1302786.5083127872,idle,0.0005457426644036345,0.0001801957291334122,,,0.0018587360594795538,-0.0015877216194760519
636,Derivatives,Keep3r Network,0x1ceb5cb57c4d4e2b2433641b95dd330a33185a44,KP3R,30484573.801463947,30888835.07725955,keep3r-network,2.2898018861017276e-08,-1.6951581677421278e-05,,,0.0005163955589981926,0.005057709765270393
398,Dexes,ApeSwap AMM,bsc:0x603c7f932ed1fc6575303d8fb018fdcbb0f39a95,BANANA,30359051.435269266,,apeswap-amm,-7.830244864629909e-05,-6.02234502621779e-05,1.2779,2.1197999999999997,,
275,Liquid Staking,SharedStake,0x84810bcf08744d5862b8181f12d17bfd57d3b078,SGT,29580792.112078995,969269.8536106781,sharedstake,1.2171273987162667e-05,-1.5289488165681763e-06,,,0.0,0.0008517887563884157
1928,Services,CIAN,,-,29157620.922429994,,cian,-0.00013600960507504923,-6.895408974658235e-05,,,,
1181,Dexes,MojitoSwap,kcc:0x2ca48b4eea5a731c2b54e7c3944dbdb87c0cfb6f,MJT,28972954.120650277,0.0,mojitoswap,-2.583743181151177e-05,-1.6163632639207837e-05,1.2819999999999998,1.521,,
954,Lending,REX Staking,,-,28366800.65963826,,rex-staking,-0.00012441277656022987,4.452321178417984e-05,,,,
1523,Liquid Staking,KLAYstation,,-,28351378.91,,klaystation,-7.372154755244998e-05,-3.542141464433657e-05,,,,
503,Options,Lyra,optimism:0x50c5725949a6f0c72e6c4a641f24049a917db0cb,LYRA,28287196.063716844,32333096.825221248,lyra,-7.0813414953962985e-06,-4.8059000189273336e-05,0.6524,-0.0861,,
214,Dexes,Raydium,4k3Dyjzvzp8eMZWUXbBCjEvwSkkk59S5iCNLY3QrkX6R,RAY,28269079.295648396,41418189.84228322,raydium,3.711675237008105e-06,-9.122034480595897e-05,2.3553,5.899,,
507,Dexes,DefiBox,bsc:0x708c0e1d2417603d9acb0ae04fefbb93a7a322ff,BOX,27986244.948010724,2672509.3509570677,defibox,-0.00012301035709603281,-7.017506991488842e-05,2.9294,1.4619,,
217,Cross Chain,Connext,-,-,27577609.37846447,,connext,0.0001019829875422662,0.0003861429922829185,,,,
520,Synthetics,Youves,tezos:KT1Xobej4mc6XgEjDoJoHtTKgbD1ELMvcQuL,YOU,27330065.417651307,2628436.776323664,youves,-4.945969892104052e-05,-3.8035978230215315e-05,,,,
2906,Dexes,Joe V2.1,avax:0x6e84a6216ea6dacc71ee8e6b0a5b7322eebc0fdd,JOE,27097613.105120145,,joe-v2.1,-0.0003047992730897742,0.0004522847154398257,0.2005,,,
2255,NFT Lending,NFTfi,,-,26687266.42957062,,nftfi,-9.541868654731389e-05,1.2446290053595987e-05,,,,
2309,CDP,Indigo,cardano:asset1u8caujpkc0km4vlwxnd8f954lxphrc8l55ef3j,INDY,26572891.918422215,6883212.507115777,indigo,-5.383842668928662e-05,1.5945336526028697e-05,,,,
1952,RWA,Lofty,,-,26548478.0561,,lofty,2.837698158919544e-06,-7.677450734858704e-06,,,,
2231,RWA,Tangible,polygon:0xb5DFABd7fF7F83BAB83995E72A52B97ABb7bcf63,USDR,26382139.515768416,0.0,tangible,2.78823419813401e-05,0.00014219601631670242,,,,
183,Lending,Wing Finance,-,WING,26323544.246999994,18896478.026333407,wing-finance,-4.885414589059889e-05,-2.2215280627428945e-05,,,,
397,Dexes,ShibaSwap,0x9813037ee2218799597d83d4a5b6f3b6778218d9,BONE,26134679.41609898,182060599.94556752,shibaswap,-0.00011435023504942076,-6.384515819274128e-05,0.3069,0.9490999999999999,-0.004644966152959815,0.010122049258203612
1883,Dexes,iZiSwap,0x9ad37205d608B8b219e6a2573f922094CEc5c200,IZI,25608416.48582896,,iziswap,-9.12814452925792e-07,0.0005171978896065576,-0.15039999999999998,0.9536,0.0062860136196961755,0.10402298850574714
1466,Dexes,ALEX,stacks:SP3K8BC0PPEVCV7NZ6QSRWPQ2JE9E5B6N3PA0KBR9,ALEX,25195390.807115342,54339560.377808735,alex,0.00044850151405940954,1.987898504483665e-05,,10.5824,,
117,Bridge,RenVM,0x408e41876cccdc0f92210600ef50372656052a38,REN,25150377.380601067,75096276.9196766,renvm,-6.891830837845836e-05,-5.2846498266584387e-05,,,0.0002515644162133266,-9.43040362127499e-05
2099,Dexes,OKCSwap,,-,25081256.211995967,,okcswap,-4.4308390574213654e-05,-2.2184315594327987e-05,0.1991,2.8507,,
1250,Yield,Llama Airforce,,-,24891109.28099914,,llama-airforce,-0.00011937089635101539,-4.289696473950832e-05,,,,
238,Dexes,Ellipsis Finance,bsc:0xA7f552078dcC247C2684336020c03648500C6d9F,EPS,24694805.990945898,24191165.574298106,ellipsis-finance,0.00010190347180533577,2.9760336345652227e-05,0.16649999999999998,1.0252,,
580,Dexes,SashimiSwap,0xC28E27870558cF22ADD83540d2126da2e4b464c2,SASHIMI,24285687.794978853,1243826.2816771213,sashimiswap,7.674437826885594e-06,-2.9205407818877484e-06,,,-0.00040551500405515005,-0.00040551500405515005
285,Options,Opyn Gamma,,-,24164426.392396312,,opyn-gamma,-3.570240961308424e-05,-3.6596490922664594e-05,,,,
2147,Derivatives,IPOR,0x1e4746dc744503b53b4a082cb3607b169a289090,IPOR,24067623.58155401,2303276.778398793,ipor,-0.0001241004364493514,-9.347295033047987e-05,,,-0.004878048780487805,-0.05027932960893855
1953,RWA,Toucan Protocol,,-,23798753.080000002,,toucan-protocol,7.839812761990084e-05,-5.717685435440267e-05,,,,
660,Options,Dopex,0xeec2be5c91ae7f8a338e1e5f3b5de49d07afdc81,DPX,23620926.58129356,37783940.76324554,dopex,-5.2670967872705534e-05,-3.609623426456432e-05,,,-0.0007423904974016332,0.0212443095599393
1491,Bridge,RelayChain,0x5d843fa9495d23de997c394296ac7b4d721e841c,RELAY,23608788.17210712,1137937.4472918715,relaychain,-0.00013653178451620285,-0.00014355354093212425,,,0.0,-0.0068560235063663075
573,Lending,Liqee,-,LQE,23518041.10278322,,liqee,-1.89650661046592e-05,-7.559492309358706e-05,,,,
1878,Derivatives,ApeX Protocol,0x52a8845df664d76c69d2eea607cd793565af42b8,APEX,23492670.58116078,11929726.050268058,apex-protocol,1.1131234054038153e-05,0.000501642134464726,,,0.0684931506849315,0.14146341463414633
1881,Indexes,Toros,,-,22990615.345376063,,toros,-3.85959036371164e-05,5.1456509140503924e-05,,,,
2622,Lending,Mare Finance,kava:0xd86C8d4279CCaFbec840c782BcC50D201f277419,MARE,22662203.287606556,,mare-finance,-0.0006103941344044351,-0.0001401206038461389,,,,
1303,Lending,Iron Bank,fantom:0x00a35FD824c717879BF370E70AC6868b95870Dfb,IB,22604519.303881966,277621.47476144216,iron-bank,2.4645422693556628e-05,-1.891082051262649e-05,,,,
2679,Lending,Kleva Lend,klaytn:0x5fff3a6c16c2208103f318f4713d4d90601a7313,KLEVA,22468625.507111266,,kleva-lend,-0.00020841848948409568,-7.861857632593394e-05,,,,
162,Dexes,Bancor V2.1,0x1f573d6fb3f13d689ff844b4ce37794d79a7ff1c,BNT,22405772.962910444,,bancor-v2.1,-8.732455886631963e-05,-8.007214450422628e-05,-0.9859,-0.9018,0.00022897267592733933,0.00393248384872705
1955,Lending,Parallel Lending,,-,21954566.22495977,,parallel-lending,-0.0006061736583995225,-0.00014664236063747005,,,,
1052,Dexes,Astroport,terra:terra1xj49zyqrwpv5k928jwfpfy2ha668nwdgkwlrg3,ASTRO,21943989.075750336,357248.98410680256,astroport,0.00011964710837053305,5.451974211733601e-05,,,,
458,Lending,Solend,solana:SLNDpmoWTVADgEdndyvWzroNL7zSi1dF9PC3xHGtPwp,SLND,21696777.87831995,13426023.397716748,solend,-5.687803526741586e-05,3.726468777447423e-05,,,,
1660,Dexes,Swappi,conflux:0x22f41abf77905f50df398f21213290597e7414dd,PPI,21456380.36344292,0.0,swappi,-0.00018981979296272877,-3.871985621165197e-05,0.48479999999999995,3.4158,,
483,NFT Marketplace,NFTX,0x87d73e916d7057945c9bcd8cdd94e42a6f47f776,NFTX,21391190.960474804,6454108.844678279,nftx,-0.0001022558852576938,7.259598098554587e-06,,,-0.0004200798151648813,-0.0031420192710515295
1738,Liquid Staking,Bifrost Liquid Staking,kusama:-,BNC,21277489.577970535,2886244.4715443426,bifrost-liquid-staking,-0.0013276210093987372,-0.0001580089996844869,,,,
2844,CDP,Sovryn Zero,rsk:0xEfC78FC7D48B64958315949279bA181C2114abbD,SOV,21094341.90868143,,sovryn-zero,-5.1331566253652875e-05,-1.767476573823701e-05,,,,
2137,CDP,DeFi Franc,0x045da4bFe02B320f4403674B3b7d121737727A36,DCHF,20943192.44886951,,defi-franc,-2.0925417507078327e-06,3.16157312080767e-05,,,0.0,0.010532150776053215
2289,Dexes,Cetus,,-,20941076.007169962,,cetus,0.002183725426161982,0.0021300708194401576,3865.8340999999996,2878.3920000000003,,
2108,Dexes,W3swap,bsc:0xc5db5afee4c55dfad5f2b8226c6ac882e6956a0a,OSK-DAO,20859226.122962143,,w3swap,-3.5253242374392315e-05,-5.9556338593624855e-05,,,,
329,Dexes,Sovryn Dex,rsk:0xEfC78FC7D48B64958315949279bA181C2114abbD,SOV,20697197.280759998,14038717.2307308,sovryn-dex,3.535790707928088e-05,-5.212274205339429e-05,,,,
2479,Leveraged Farming,DeltaPrime,,-,20588375.80788431,,deltaprime,1.139473320264095e-05,5.058685730819024e-05,,,,
434,Lending,Tarot,fantom:0xc5e2b037d30a390e62180970b3aa4e91868764cd,TAROT,20233473.62721217,4684203.314788112,tarot,-0.00030452909742571756,-0.0001467138043008265,,,,
151,Dexes,Rhino.fi,0xdddddd4301a082e62e84e43f474f044423921918,DVF,20138744.220441185,16986071.135717105,rhino.fi,5.08773817302699e-05,-3.399386868420118e-06,,,0.005330490405117271,0.0010615711252653928
251,CDP,Mimo Protocol,0x90b831fa3bebf58e9744a14d638e25b4ee06f9bc,MIMO,19959775.220901873,13356256.070568439,mimo-protocol,6.9476851223782e-06,-1.7803097359780918e-06,,,0.0003837298541826554,0.0030781069642170067
519,Dexes,Tezos Liquidity Baking,tezos:KT1TxqZ8QtKvLu3V3JH7Gx58n7Co8pgtpQU5,-,19798151.13835731,,tezos-liquidity-baking,-7.397590526203146e-05,-2.0024366587848564e-05,,,,
362,Derivatives,Perpetual Protocol,0xbc396689893d065f41bc2c6ecbee5e0085233447,PERP,19704304.02448375,41533577.77070594,perpetual-protocol,0.0001571048610470638,4.127671319777537e-05,,,0.0012887784221669888,0.005082239881722417
2920,Indexes,LSDx ETHx,0xfAC77A24E52B463bA9857d6b758ba41aE20e31FF,LSD,19704162.283495966,,lsdx-ethx,3.4401673256878594e-06,-3.918735813866814e-05,,,-0.02974504249291785,-0.1251596424010217
1315,Liquid Staking,NeoBurger,,-,19600548.77129396,,neoburger,-0.00016943573365044818,-8.89094999695661e-05,,,,
2644,Dexes,Maverick Protocol,,-,19224449.964680452,,maverick-protocol,9.217396130136724e-06,2.38276544638949e-05,0.9881,1.4066,,
2086,Yield,Rage Trade,,-,19078850.972575393,,rage-trade,1.2614650292117612e-05,-8.530601165973594e-06,,,,
2332,Dexes,Equalizer Exchange,fantom:0x3Fd3A0c85B70754eFc07aC9Ac0cbBDCe664865A6,EQUAL,19031050.757153105,729114.0124066019,equalizer-exchange,-0.0004881754338161104,-0.0002261117803830426,0.9224,0.9065000000000001,,
2782,RWA,Aktionariat,0x6f38e0f1a73c96cb3f42598613ea3474f09cb200,DAKS,18979757.54716597,,aktionariat,8.775265628626628e-06,0.0006620616726933726,,,0.005617977528089888,0.022857142857142857
127,Dexes,KyberSwap Classic,0xdefa4e8a7bcba345f687a2f1456f5edd9ce97202,KNC,18892436.23370578,,kyberswap-classic,-0.00015844721335974142,-2.65448017728942e-05,0.3259,3.5109,0.0023720772619451034,0.012181768409526417
2685,Dexes,Arbitrum Exchange,arbitrum:0xD5954c3084a1cCd70B4dA011E67760B8e78aeE84,ARX,18871792.171574354,0.0,arbitrum-exchange,-0.00043931888987444823,-0.0004898783961868846,,,,
1979,Dexes,SaucerSwap,hedera:0.0.731861,SAUCE,18813585.1009,6233474.640306005,saucerswap,-0.00013199884246249295,-4.493256342067764e-05,-0.3834,-0.235,,
1726,Dexes,Meshswap,polygon:0x82362ec182db3cf7829014bc61e9be8a2e82868a,MESH,18805534.545862112,0.0,meshswap,-4.025706528899997e-05,-4.1834681035481935e-05,0.799,1.1344,,
726,Yield,Solo Top,,-,18719348.981248222,,solo-top,0.00019509318269071542,4.421108598431145e-05,,,,
2112,Liquid Staking,Stake.ly,klaytn:0xF80F2b22932fCEC6189b9153aA18662b15CC9C00,stKLAY,18676852.547998898,,stake.ly,-8.039551875936412e-05,-4.8510758287101385e-05,,,,
2675,Dexes,Ramses Exchange,arbitrum:0xaaa6c1e32c55a7bfa8066a6fae9b42650f262418,RAM,18588450.428437576,1167074.3215795285,ramses-exchange,-0.000971443201156057,-0.00012903240115996195,-0.32030000000000003,0.1977,,
145,Dexes,Serum,,SRM,18025043.861322045,32588141.795324564,serum,-2.2374918946238555e-05,-1.5055202394123058e-05,,,,
253,Lending,BiFi,0x2791BfD60D232150Bff86b39B7146c0eaAA2BA81,BiFi,17757440.596029423,2861733.423769283,bifi,-1.898868673394616e-05,-1.3456103944928798e-05,,,0.004132231404958678,0.015143603133159269
130,Services,The Tokenized Bitcoin,0x3212b29E33587A00FB1C83346f5dBFA69A458923,imBTC,17526424.31413962,,the-tokenized-bitcoin,0.0003763799736189743,2.847148945606115e-07,,,0.0020348179968347276,0.005672793283412752
2385,Lending,Exactly,,-,17400846.240170885,,exactly,-4.800473675434347e-05,0.00010241904875780472,,,,
2271,Yield,Magpie,bsc:0xD06716E1Ff2E492Cc5034c2E81805562dd3b45fa,MGP,17118737.332199447,0.0,magpie,-0.00010651079364878412,7.639150246418368e-05,,,,
2139,Yield Aggregator,Sommelier,0xa670d7237398238de01267472c6f13e5b8010fd1,SOMM,17088996.45400489,25347034.03965719,sommelier,3.233726116836477e-05,8.186468544510995e-05,,,0.010335917312661501,0.0653950953678474
653,Dexes,Atrix,,-,17066976.477570232,,atrix,1.6399861006350936e-05,-1.2911947020016745e-05,,,,
1601,Dexes,WingRiders,cardano:asset18v68f0vgv2nc3at8cuuem7f3fztwqcq2usgjyp,WRT,16996911.31305863,0.0,wingriders,-7.340981898417254e-05,-7.3707910385356625e-06,-0.11699999999999999,1.3222999999999998,,
2363,CEX,Hotbit,,-,16946874.3372622,,hotbit,-0.0001482426838871731,-7.010932880583964e-05,,,,
1873,Lending,Torches,,-,16945099.305577695,,torches,-1.7871118541571418e-05,-8.39495568767612e-06,,,,
2153,Yield Aggregator,LUSD ChickenBonds,0xB9D7DdDca9a4AC480991865EfEf82E01273F79C3,bLUSD,16802764.424651638,,lusd-chickenbonds,-2.2066853020801247e-05,-1.87224578621914e-05,,,0.0,-0.012658227848101267
2413,Dexes,Decryption,tlchain:0x24d8421cE5709AE8e957Cf0FA046622CA599411c,X,16772208.868987212,,decryption,0.0,6.864299099904603e-06,,,,
318,Dexes,Dfyn Network,polygon:0xc168e40227e4ebd8c1cae80f7a55a4f0e6d66c97,DFYN,16605721.273076188,7164945.526962437,dfyn-network,-4.130276236232189e-05,-3.134152989806793e-05,0.0024,1.3041999999999998,,
1732,Dexes,Verse,0x249ca82617ec3dfb2589c4c17ab7ec9765350a18,VERSE,16545744.370181402,8599292.576165812,verse,0.00011350412680768862,7.103694591042098e-05,0.32020000000000004,2.2027,-0.008875083203905036,0.1921537229783827
541,Dexes,Ref Finance,-,REF,16234890.135373706,2821394.230457727,ref-finance,-0.00013807247599804785,-3.48404795177315e-05,0.7923,1.3561,,
1444,CDP,Vesta Finance,arbitrum:0xa684cd057951541187f288294a1e1C2646aA2d24,VSTA,16104710.030624865,2833312.7237317828,vesta-finance,-2.5930839215675404e-05,-1.1072165394041545e-05,,,,
2361,Derivatives,Mummy Finance,fantom:0x01e77288b38b416F972428d562454fb329350bAc,MMY,15684862.95497758,5435258.829352317,mummy-finance,-2.1463253567152173e-05,-4.6326883632539226e-05,0.2299,1.5336,,
209,Yield Aggregator,Autofarm,bsc:0xa184088a740c695e156f91f5cc086a06bb78b827,AUTO,15640345.608516796,1828805.6624893786,autofarm,-0.00024269291942861872,-0.00011495783239538704,,,,
2904,CDP,Lybra Finance,0xF1182229B71E79E504b1d2bF076C15a277311e05,LBR,15639552.934657559,1226717.5327713224,lybra-finance,7.836392367507994e-05,-7.449203132665727e-05,,,1.7575757575757576,363.0
756,CDP,Angle,0x31429d1856aD1377A8A0079410B297e1a9e214c2,ANGLE,15448844.512683323,7010535.218451049,angle,-0.000789166006995461,-0.0003319365497075477,,,-0.0013545546901456145,0.00993150684931507
557,Liquid Staking,Meta Pool,near:-,META,15438433.940325,0.0,meta-pool,-0.0001404424514945779,-3.695880767573434e-05,,,,
220,Yield Aggregator,Vesper,0x1b40183efb4dd766f11bda7a7c3ad8982e998421,VSP,15349348.281846376,3335440.5158063783,vesper,-1.2973722485661866e-05,1.53642084553951e-05,,,-0.0003474635163307853,-0.0008103727714748785
620,Yield,Francium,-,-,15343403.958910836,,francium,3.7809297168522882e-06,-4.028513168874648e-05,,,,
1642,Lending,Folks Finance Lending,,-,15309683.111342618,,folks-finance-lending,-0.0001033625417383044,0.0002031151336323811,,,,
2696,Yield,Overnight DAI+,,-,15199029.718298113,,overnight-dai+,0.0006592927346664057,0.0003144419490455164,,,,
2554,Yield,BendDAO APE Staking,0x0d02755a5700414B26FF040e1dE35D337DF56218,BEND,14981207.254201332,,benddao-ape-staking,-0.00019175735971226236,-0.00014028981435411757,,,-0.0025780578630764826,-0.000478423117405033
394,Yield Aggregator,Reaper Farm,fantom:0x21ada0d2ac28c3a5fa3cd2ee30882da8812279b6,OATH,14964994.316039793,12058225.844420731,reaper-farm,-2.10229526073602e-05,-6.020149954377718e-05,,,,
1577,Lending,Sturdy,,-,14963880.789906332,,sturdy,-4.0992105505202045e-05,-0.00010338853813478987,,,,
1707,Yield,CLever,0xf05e58fCeA29ab4dA01A495140B349F8410Ba904,clev-CVX,14862090.777681947,,clever,-3.682843349348541e-05,-5.124046650050173e-06,,,0.04,0.0684931506849315
310,Yield,Belt Finance,bsc:0xe0e514c71282b6f4e823703a39374cf58dc3ea4f,BELT,14833111.329954952,2083446.0987426073,belt-finance,-1.1042430236051226e-05,0.00016704893204105842,,,,
2259,Dexes,Helix,,-,14815273.323990656,,helix,0.00020671260112254064,0.00014134671147388866,0.5289,3.1275999999999997,,
239,Services,PoolTogether,0x0cec1a9154ff802e7934fc916ed7ca50bde6844e,POOL,14803770.691208936,2442940.789768062,pooltogether,-0.00020747031590251708,-0.0002204884350536651,,,-0.0003492026539401699,0.006209724663151728
1650,Liquid Staking,sICX,icx:cx2609b924e33ef00b648a409245c7ea394c467824,sICX,14768184.602036428,0.0,sicx,-0.00016000498816004738,-8.636458588372253e-05,,,,
2092,Yield,Pirex,,-,14551362.221326487,,pirex,-5.403292193162379e-06,-1.1900029179134907e-05,,,,
2535,Bridge,tBTC,0xcdf7028ceab81fa0c6971208e83fa7872994bee5,T,14536831.6724859,0.0,tbtc,-1.984233252881773e-05,1.6702677496309715e-05,,,-0.10202388852023889,0.010453612096322569
2393,Dexes,Joe V2,avax:0x6e84a6216ea6dacc71ee8e6b0a5b7322eebc0fdd,JOE,14455811.063018583,,joe-v2,-0.0003193473821852022,-0.0003768713935526413,-0.2762,-0.5882000000000001,,
133,Dexes,Shell Protocol,,-,14383108.971609969,,shell-protocol,-1.1170811701906035e-05,-3.1086292820488025e-05,0.198,2.6216000000000004,,
2192,Yield,PlutusDAO,arbitrum:0x51318B7D00db7ACc4026C88c3952B66278B6A67F,PLS,14317423.512184007,5186632.58592343,plutusdao,3.274845838436846e-05,3.3184249348781056e-05,,,,
2403,Derivatives,NestFi,0x04abeda201850ac0124161f037efd70c74ddc74c,NEST,14272117.24454681,,nestfi,-0.0002975703575099886,-6.822488897272661e-05,,,0.0018719080090921247,0.009974390079525542
2484,CDP,Djed Stablecoin,null,-,14099483.371555194,,djed-stablecoin,-8.754555804496244e-05,6.51989828797106e-06,,,,
2338,Liquid Staking,Bifrost Liquid Crowdloan,,-,14047446.906200813,,bifrost-liquid-crowdloan,-9.04834598903015e-05,-4.500177257129145e-05,,,,
626,CDP,Reserve,0x8762db106b2c2a0bccb3a80d1ed41273552616e8,RSR,13824695.858004194,153491721.1151583,reserve,3.226096440556381e-05,4.666203566919824e-05,,,0.0,0.0
2204,Lending,Pando Rings,,-,13773901.19857852,,pando-rings,2.0388698511426552e-05,7.001125192169777e-06,,,,
2005,Liquid Staking,ExinPool,,-,13770478.14,,exinpool,-4.673897393877691e-05,-2.70617597177536e-05,,,,
2310,CEX,NBX,,-,13675254.78232928,,nbx,-2.5308305862536963e-06,5.524189690131465e-06,,,,
2157,Lending,Green Planet,bsc:0xb3cb6d2f8f2fde203a022201c81a96c167607f15,GAMMA,13672924.563897355,,green-planet,-0.0001855115307461186,-2.1263224332795927e-05,,,,
1838,Lending,AAVE V1,0x7fc66500c84a76ad7e9c93437bfc5ac33e2ddae9,AAVE,13625142.56109206,,aave-v1,-8.532451906095861e-06,-0.00013386384333191837,,,0.001768676979797225,0.010211643534509828
2674,Dexes,WEMIX.FI AMM,,-,13589516.326342184,,wemix.fi-amm,-0.00012135087324778415,-2.1026761512730195e-05,2.5343999999999998,3.9249,,
1997,Lending,Morpho Compound,0x9994e35db50125e0df82e4c2dde62496ce330999,MORPHO,13403148.335054567,,morpho-compound,-0.00013117366660340025,-0.0002552212684765809,,,0.0029154518950437317,0.04137235116044399
2753,Dexes,Velocore,,VC,13335400.317643313,,velocore,-0.0003975462563392318,-7.969635448483725e-06,,,,
1752,Yield Aggregator,Spool Protocol,0x40803cea2b2a32bda1be61d3604af6a814e70976,SPOOL,13255206.58249819,24531758.54318519,spool-protocol,5.918434825262775e-05,-2.874751442143442e-06,,,0.1337748344370861,0.24418604651162787
696,Lending,Agave,xdai:0x3a97704a1b25f08aa230ae53b352e2e72ef52843,AGVE,13254771.118070481,1014118.8378761591,agave,-5.216952291757671e-05,-1.369957612863404e-05,,,,
1514,Lending,Granary Finance,,-,13208082.631553514,,granary-finance,0.0003136190970892705,7.640039537389454e-05,,,,
2308,Liquid Staking,Jito,solana:J1toso1uCk3RLmjorhTtrVwY9HJ7X8V9yYac6Y7kGCPn,JitoSOL,13143874.24425667,0.0,jito,-5.697882384678499e-05,3.450259546021961e-05,,,,
2399,Derivatives,Opyn Squeeth,,-,13054195.048678953,0.0,opyn-squeeth,1.8178095166379027e-05,1.3448449719932753e-06,,,,
1662,CDP,Yeti Finance,avax:0x77777777777d4554c39223C354A05825b2E8Faa3,YETI,12936983.918633008,504135.4692126859,yeti-finance,-7.455978323353429e-05,-2.442770204037159e-05,,,,
1046,Dexes,Ouchi Finance,0xDe52a16C6DB7914e6953E27A7df4Ce6A315f8b45,OUCHI,12906038.674646875,,ouchi-finance,0.00022477152023259173,-9.092856893329615e-05,,,-0.0010515247108307045,-0.0005260389268805891
2284,Yield,WOOFi Earn,0x4691937a7508860f876c9c0a2a617e7d9e945d4b,WOO,12893003.95153871,,woofi-earn,4.1151832280252874e-05,5.664956109470376e-05,,,0.001774622892635315,0.023429328498709993
2901,Liquid Staking,Swell,,-,12831459.32808195,,swell,0.0008688403012773382,0.0007453678928174389,,,,
862,Yield,Quarry,,-,12826002.836203115,,quarry,-0.00011884148798163796,-4.0933534216530675e-05,,,,
1025,Cross Chain,Wrapped,,-,12736062.556989197,,wrapped,-0.00017866035433476314,-5.9092176097762514e-05,,,,
315,Yield,Tulip Protocol,TuLipcqtGVXP9XR62wM8WWCm6a9vhLs7T1uoWBk6FDs,TULIP,12704832.127995318,1681482.1731461056,tulip-protocol,0.0,2.0439288466262974e-05,,,,
589,Lending,Strike,0x74232704659ef37c08995e386a2e26cc27a8d7b1,STRK,12672789.703312036,44713031.563064754,strike,-0.0002208944541275959,-4.789693523028493e-05,,,0.0004977105315548477,0.00399560483468185
2319,Yield Aggregator,GMD Protocol,arbitrum:0x4945970EfeEc98D393b4b979b9bE265A3aE28A8B,GMD,12570939.67654226,0.0,gmd-protocol,7.397623472388482e-05,0.00012380294231341792,,,,
2695,Dexes,SmarDex,0x5de8ab7e27f6e7a1fff3e5b337584aa43961beef,SDEX,12499323.55048251,20494587.30862156,smardex,-0.0002016570610735735,-0.00026300252837751283,38.5543,11.5802,0.05042016806722689,0.10326566637246248
2586,Dexes,Equilibre,kava:0xE1da44C0dA55B075aE8E2e4b6986AdC76Ac77d73,VARA,12413787.502434349,,equilibre,-0.0004208840851030504,-0.0001566337098164028,0.54,0.0786,,
349,Bridge,Injective Bridge,0xe28b3b32b6c345a34ff64674606124dd5aceca30,INJ,12307156.388278753,532149980.39443195,injective-bridge,-3.712732664293506e-05,5.1627086423207124e-05,,,0.008,0.06578947368421052
1056,Yield,Redacted Protocol,0xc55126051B22eBb829D00368f4B12Bde432de5Da,BTRFLY,12291759.278417658,40348820.7921286,redacted-protocol,-4.656959558521523e-05,-3.298838360946576e-05,,,-0.005691519635742743,-0.020739910313901343
916,Derivatives,Pika Protocol,,-,12170498.08108334,,pika-protocol,-0.0003027741184167587,2.5030187766739154e-06,,,,
1740,Liquid Staking,LiNEAR Protocol,near:0x918dbe087040a41b786f0da83190c293dae24749,LINEAR,12117557.312510869,0.0,linear-protocol,-0.00014029771587084294,-3.953108403284222e-05,,,,
1531,Dexes,01,,-,12085212.823613841,,01,-4.343691150730855e-05,2.372614076457946e-06,,,,
2152,Dexes,Sushi Trident,,-,12022398.365815368,,sushi-trident,-0.00012121254377709833,2.3019320966544132e-05,0.66,-0.5034000000000001,,
972,Dexes,StellarX,,-,11937550.9444875,,stellarx,-3.473517269706128e-05,0.00032582996203693647,0.4832,1.7228999999999999,,
2454,Liquid Staking,GETH,0x3802c218221390025bceabbad5d8c59f40eb74b8,GETH,11916001.925812576,0.0,geth,-1.0714845089061509e-05,-8.946989879510258e-07,,,0.0015067805123053742,0.008598887202832575
348,Lending,FilDA,heco:0xe36ffd17b2661eb57144ceaef942d95295e637f0,FILDA,11837590.78622699,276703.4061352521,filda,-8.287495168768477e-05,-7.694135058168405e-05,,,,
1395,Dexes,ArthSwap,astar:0xde2578edec4669ba7f41c5d5d2386300bcea4678,ARSW,11793755.559344921,0.0,arthswap,-0.00016194617751243533,-9.469120011137644e-05,,,,
2491,Lending,Liqwid,cardano:8e420ce194ca84040ba6971e6ab816e3d76ee9ee,LQ,11764267.230378315,0.0,liqwid,-0.00036929647109655627,2.932727349721498e-05,,,,
1849,Liquid Staking,Acala Liquid-Staking,acala:-,ACA,11694715.803217046,,acala-liquid-staking,-7.667745127068137e-05,-4.839310227262694e-05,,,,
1173,Liquid Staking,JPool,solana:7Q2afV64in6N6SeZsAAB81TJzwDoD6zpqmHkzi9Dcavn,JSOL,11625518.590148458,0.0,jpool,-9.473134234971758e-05,1.0608890022192341e-05,,,,
2795,Dexes,ThalaSwap,aptos:0x7fd500c11216f0fe3095d0c4b8aa4d64a4e2e04f83758462f2b127255643615,THL,11603713.214734308,3548452.519079877,thalaswap,-0.00022065251634491355,0.0001120869817634107,,,,
1320,Privacy,Railgun,0xe76c6c83af64e4c60245d8c7de953df673a7a33d,RAIL,11528483.352913424,27922597.79390265,railgun,-1.1138271889729046e-05,0.00025283074150352693,,,-0.0008976660682226212,0.010440308669995462
1593,Yield,Sphere Finance,polygon:0x62f594339830b90ae4c084ae7d223ffafd9658a7,SPHERE,11520400.579176346,17629577.56658832,sphere-finance,-0.0001471694058666706,-3.5216678066108954e-05,,,,
2339,Lending,Lodestar Finance,arbitrum:0xF19547f9ED24aA66b03c3a552D181Ae334FBb8DB,LODE,11483979.908334924,1611636.012836595,lodestar-finance,-0.0005368334269608487,6.61471099929689e-05,,,,
1679,Yield,Dot Dot Finance,bsc:0x84c97300a190676a19D1E13115629A11f8482Bd1,DDD,11411659.268629106,168332.06894353734,dot-dot-finance,0.0002684409992782122,5.9033299932149675e-05,,,,
1016,Privacy,Aztec,,-,11312794.493400475,,aztec,-4.7038402408211556e-05,-7.309514291391595e-05,,,,
112,Yield Aggregator,Harvest Finance,0xa0246c9032bC3A600820415aE600c6388619A14D,FARM,11234064.95739015,18163192.07878653,harvest-finance,-0.0001411870721104136,-7.690075512417182e-05,,,0.0006131207847946045,0.002662297767765718
2833,Launchpad,Juicebox V1,0x3abf2a4f8452ccc2cf7b4c1e4663147600646f66,JBX,11219419.907705024,,juicebox-v1,-1.617410532413488e-05,-1.7924702821334737e-05,,,-0.0006474587245063128,-0.006117192530585963
200,Yield,Bella Protocol,0xa91ac63d040deb1b7a5e4d4134ad23eb0ba07e14,BEL,10982698.25242021,38112641.76674678,bella-protocol,-4.25983585783829e-06,-3.8849528982596306e-05,,,-0.0015552099533437014,0.006795608991113434
518,Chain,Nuls,-,NULS,10970861.52,21872838.580967292,nuls,-0.0001919209444257075,-6.846914971528117e-05,,,,
202,Dexes,Saddle Finance,0xf1dc500fde233a4055e25e5bbf516372bc4f6871,SDL,10951898.665783929,3334000.1937358896,saddle-finance,-2.2327022333267222e-05,-2.3337855425553668e-06,-0.1024,36.1508,0.007902735562310031,0.01968019680196802
2540,Dexes,Megaton Finance,ton:EQB-cCOQDwerEnUD4-6xoYD0eL6_yC1zogAvA5GuXTF0iDIf,MEGA,10880893.40159723,,megaton-finance,-7.035482630800338e-05,-9.222240526842285e-05,0.056900000000000006,0.22940000000000002,,
2921,NFT Lending,Blur Lending,0x5283d291dbcf85356a21ba090e6db59121208b44,BLUR,10853697.9384,,blur-lending,0.0005273815772104972,3.2332600876214814e-05,,,0.0029055108656501375,-0.013976108409273335
622,Dexes,Clipper,-,-,10740121.602772791,,clipper,3.292056052764503e-05,1.2184270555013476e-05,0.3848,1.2606,,
2436,NFT Lending,Arcade xyz,,-,10472033.29813392,,arcade-xyz,-0.00012335626354130437,-5.6624888233295365e-05,,,,
1929,Liquid Staking,Algem,,-,10470493.498383798,,algem,-0.0004914718328041845,-0.0001761078640560243,,,,
2316,Bridge,Meter Passport,,-,10216346.080213632,40731098.126257315,meter-passport,-0.00018632584728393465,-6.0055473144530195e-05,,,,
2668,Dexes,Velocimeter V2,canto:0xb5b060055f0d1ef5174329913ef861bc3addf029,FLOW,10210085.661785241,,velocimeter-v2,-0.00040064611019317354,6.519296851292822e-06,-0.1168,-0.5625,,
1546,Lending,Burrow,near:-,BRRR,10044998.484488435,31925.443044414395,burrow,-0.00017726691485529634,-3.0514492851430043e-05,,,,
2196,Dexes,Uniswap V1,0x1f9840a85d5af5bf1d1762f925bdaddc4201f984,UNI,8146132.717898174,3750273673.090308,uniswap-v1,5.940947392457652e-07,-2.552265199050163e-05,-0.37520000000000003,0.7583,0.003061939119529634,-0.015290731759313543
245,Chain,Secret Network,-,SCRT,7282833.916544685,109563294.14828455,secret-network,-5.006138848834274e-06,-3.151749754714994e-05,,,,
189,Dexes,1inch Network,0x111111111117dc0aa78b770fa6a738034120c302,1INCH,6148059.71362404,333653542.4889361,1inch-network,-0.000159812632030627,-2.574023424123051e-05,,,0.002269137505283531,0.012495224397150369
2405,Launchpad,FlokiFi Locker,0xcf0c122c6b73ff809c693db761e7baebe62b6a2e,FLOKI,4003251.0185938496,336981625.2430482,flokifi-locker,-6.066863423070945e-06,4.2615723285261976e-05,,,0.017346655564807106,0.02884008139779665
221,Dexes,Defi Swap,0xa0b73e1ff0b80914ab6fe0444e65848c4c34450b,CRO,2170042.92286039,1686691841.445666,defi-swap,-1.7304464367472462e-05,-8.7373543152669e-06,0.3671,0.5984,0.0012870489853539216,0.005487831697472282
237,Dexes,Swipe,0x8ce9137d39326ad0cd6491fb5cc0cba0e089b6a9,SXP,185732.53586970933,254108687.90843678,swipe,-6.122809133750073e-05,-2.0898023338741244e-05,,,0.0002630293465599519,0.0003006162633398467
255,Algo-Stables,Fei Protocol,0xc7283b66eb1eb5fb86327f08e1b5816b0720212b,TRIBE,5.916837704955671,137251976.05466753,fei-protocol,-1.2619251572016932e-05,-2.8107082963069186e-06,,,0.00048209366391184575,0.00679187746898607
340,Reserve Currency,Olympus DAO,0x64aa3364F17a4D01c6f1751Fd97C2BD3D7e7f1D5,OHM,0.0,292127193.6290662,olympus-dao,0.0,0.0,,,0.0025699168556311412,0.015931372549019607
447,Yield,Illuvium,0x767fe9edc9e0df98e07454847909b5e959d7ca0e,ILV,0.0,236359996.31134522,illuvium,0.0,-0.0006536013599838708,,,0.0027417746759720836,0.01770806982038958
456,Payments,Telcoin,polygon:0xdf7837de1f2fa4631d716cf2502f8b230f1dcc32,TEL,0.0,125866236.05588907,telcoin,0.0,0.0,,,,
921,Services,DAO Maker Vesting,0x0f51bb10119727a7e5ea3538074fb341f56b09ad,DAO,0.0,251768845.661861,dao-maker-vesting,0.0,0.0,,,0.016800178015131288,0.03388200690084281
1065,Gaming,The Sandbox,0x3845badAde8e6dFF049820680d1F14bD3903a5d0,SAND,0.0,936673393.3899876,the-sandbox,0.0,0.0,,,0.0014860413534000362,0.00972764375839165
1339,Oracle,API3,0x0b38210ea11411557c13457d4da7dc6ea731b88a,API3,0.0,108723699.20440468,api3,0.0,0.0,,,0.0005812263876780006,0.0030102932608273452
1350,Yield,TreasureDAO,0xb0c7a3ba49c7a6eaba6cd4a96c55a1391070ac9a,MAGIC,0.0,179681723.4537665,treasuredao,0.0,0.0,,,-0.0018352833218628125,-0.004803293687099725
1905,Yield,Bitgert,bsc:0x8fff93e810a2edaafc326edee51071da9d398e83,BRISE,0.0,122988936.40533483,bitgert,0.0,0.0,,,,
2501,Services,Aragon,0xa117000000f279d81a1d3cc75430faa017fa5a2e,ANT,0.0,111075586.89436258,aragon,0.0,0.0,,,0.00233950319961467,0.015263451352104824
2502,Services,BitDAO,0x1a4b46696b2bb4794eb3d4c26f1c55f9170fa4c5,BIT,0.0,708560812.032083,bitdao,0.0,0.0,,,0.019929453262786598,0.12318523913571255
2519,Services,ENS,0xc18360217d8f7ab5e7c516566761ea12ce7f9d72,ENS,0.0,267661064.93753338,ens,0.0,0.0,,,-0.00024791595649074964,0.0005582607077505195
2520,Services,Gnosis DAO,0x6810e776880c02933d47db1b9fc05908e5386b96,GNO,0.0,293656624.7363675,gnosis-dao,0.0,0.0,,,0.0017491395361959037,0.008578083281258876
2623,Oracle,Chainlink,0x514910771af9ca656af840dff83e8264ecf986ca,LINK,0.0,3412091545.419922,chainlink,0.0,0.0,,,0.0012698197962754002,0.007797014574336233
2665,Yield,ApeCoin,0x4d224452801aced8b2f0aebe155379bb5d594381,APE,0.0,1240138990.8368125,apecoin,0.0,0.0,,,0.0026587986230923745,0.033585648128259545
2725,Staking Pool,Aptos,,APT,0.0,1583235596.8003576,aptos,0.0,0.0,,,,
2726,Services,Canto,canto:0x826551890dc65655a0aceca109ab11abdbd7a07b,CANTO,0.0,103136496.91491257,canto,0.0,0.0,,,,
2785,Staking Pool,Arbitrum,,ARB,0.0,1391006189.6319056,arbitrum,0.0,0.0,,,,
2786,Staking Pool,Bitcoin,,BTC,0.0,535743196067.5881,bitcoin,0.0,0.0,,,,
2788,Staking Pool,Moonbeam,,GLMR,0.0,186224036.68382022,moonbeam,0.0,0.0,,,,
