id,category,name,address,symbol,tvl,mcap,slug,TVL (7dma),TVL (1mma),Volume (7dma),Volume (1mma),Holder Counts (7day),Holder Counts (1mma)
2269,CEX,Binance CEX,,-,63781453789.54393,,binance-cex,-0.02999397521825309,0.04659268391353555,,,,
182,Liquid Staking,Lido,0x5a98fcbea516cf06857215779fd812ca3bef1b32,LDO,11970568808.802275,1608853835.6205852,lido,0.02677804869011058,0.136365433208,,,0.0035062508981175454,0.016417780106540915
2272,CEX,OKX,,-,9901273611.599237,,okx,0.0012949304748683943,0.09329098879674436,,,,
2275,CEX,Bitfinex,,-,9108540964.3306,,bitfinex,-0.01284104672495312,0.05167582228262679,,,,
118,CDP,MakerDAO,0x9f8f72aa9304c8b593d555f12ef6589cc3a579a2,MKR,7244343052.392243,604466745.4968818,makerdao,-0.004739975560801635,-0.022995898172910145,,,0.0006759754113944105,0.005326825127334466
240,Chain,Polygon Bridge & Staking,0x7d1afa7b718fb893db30a3abc0cfc608aacfebb0,MATIC,6794958709.354048,8338781213.866682,polygon-bridge-&-staking,-0.026357390606040143,-0.0603050657577866,,,0.0017336831520671282,0.017999228149067906
3,Dexes,Curve DEX,0xD533a949740bb3306d119CC777fa900bA034cd52,CRV,4283970179.7775803,,curve-dex,0.001390778448074892,-0.008540423772806394,0.0268,0.0965,0.0015752670269716452,0.007575659971398019
2,Bridge,WBTC,0x2260fac5e5542a773aa44fbcfedf7c193bc2c599,WBTC,4260339351.5999293,4264305007.0768867,wbtc,-0.010111249183465842,0.08964535837720544,,,0.0018730608101345458,0.0117242773398019
494,Lending,JustLend,tron:TCFLL5dx5ZJdKnWuesXxi1VPwjLVmWZZy9,JST,3716018763.799166,208970401.53653932,justlend,0.008723578615521088,0.08336321493066579,,,,
111,Lending,AAVE V2,0x7fc66500c84a76ad7e9c93437bfc5ac33e2ddae9,AAVE,3693881452.889002,924749308.9065531,aave-v2,-0.014135448334142486,-0.04249387883097944,,,0.001768676979797225,0.010211643534509828
2270,CEX,Crypto-com,,-,3482936962.3494816,,crypto-com,-0.03175142601713665,0.011909224511740035,,,,
319,Yield,Convex Finance,0x4e3fbd56cd56c3e72c1403e103b45db9da5b9d2b,CVX,3316193948.4508924,370846300.84073424,convex-finance,0.27803958956815866,-0.1037648046023748,,,0.001742606734662498,0.010443054334901513
694,Bridge,JustCryptos,tron:TCFLL5dx5ZJdKnWuesXxi1VPwjLVmWZZy9,JST,3273960595.0,,justcryptos,-0.012543648865336987,0.0733761933248025,,,,
2276,CEX,Huobi,,-,2895779717.6481466,,huobi,-0.027953583403009574,-0.005861190413367856,,,,
2198,Dexes,Uniswap V3,0x1f9840a85d5af5bf1d1762f925bdaddc4201f984,UNI,2866303593.250703,,uniswap-v3,0.004094472672888871,0.09377404701895387,0.5421,2.1626,0.003061939119529634,-0.015290731759313543
2286,CEX,Bybit,,-,2865567435.3591475,,bybit,-0.019002478268329348,0.03092287379678682,,,,
2274,CEX,Kucoin,,-,2643181528.660705,,kucoin,-0.04493091189254805,0.04838835104158301,,,,
2222,Liquid Staking,Coinbase Wrapped Staked ETH,0xbe9895146f7af43049ca1c1ae358b0541ea49704,CBETH,2181632675.3499722,0.0,coinbase-wrapped-staked-eth,0.003576681274848559,0.09360713412364663,,,0.03045766225482379,0.2291402485417195
120,Services,Instadapp,0x6f40d4a6237c257fff2db00fa0510deeecd303eb,INST,2099909596.746467,24294351.397247925,instadapp,0.008750263612771647,0.049371942893299714,,,-0.0034061879080329264,-0.016251050714485852
2314,CEX,Gate-io,,-,1818633879.4223804,,gate-io,-0.045342949468687443,-0.005651899172562702,,,,
2273,CEX,Deribit,,-,1806813913.246417,,deribit,0.0009923652508170289,0.041817097260038016,,,,
194,Dexes,PancakeSwap AMM,bsc:0x0E09FaBB73Bd3Ade0a17ECC321fD13a19e81cE82,CAKE,1769740739.6008534,,pancakeswap-amm,-0.026930157289281387,-0.15199701647472397,0.7967,2.9745,,
591,Bridge,Multichain,0x9Fb9a33956351cf4fa040f65A13b835A3C8764E3,MULTI,1718915640.0115564,159964497.41511565,multichain,-0.034277281525313286,0.1353017398527625,,,0.0,0.0
2352,CEX,Bitget,,-,1539038647.3585925,,bitget,0.009037560451542026,0.03251339765941541,,,,
900,Liquid Staking,Rocket Pool,0xd33526068d116ce69f19a9ee46f0bd304f21a51f,RPL,1511606278.4432092,910046089.4824712,rocket-pool,0.04995801591727811,0.2663775732882776,,,0.003720148805952238,0.06412213740458016
1599,Lending,AAVE V3,0x7fc66500c84a76ad7e9c93437bfc5ac33e2ddae9,AAVE,1417101157.4251115,,aave-v3,0.061932902073084106,0.1736583433767942,,,0.001768676979797225,0.010211643534509828
114,Lending,Compound,0xc00e94cb662c3520282e6f5717214004a7f26888,COMP,1292900995.6976893,,compound,-0.010837518224524056,-0.03998863515669826,,,0.0004366501340800683,0.00288800076125226
691,CDP,JustStables,tron:TMwFHYXLJaRUPeW6421aqXL4ZEzPRFGkGT,USDJ,1187765102.701238,0.0,juststables,0.033911965156698365,0.02536885939694211,,,,
2197,Dexes,Uniswap V2,0x1f9840a85d5af5bf1d1762f925bdaddc4201f984,UNI,1186345616.0349023,,uniswap-v2,0.01887914180230954,0.08331446699216749,0.5404,6.1644000000000005,0.003061939119529634,-0.015290731759313543
2611,Dexes,Balancer V2,0xba100000625a3754423978a60c9317c58a424e3d,BAL,1041423230.7268535,,balancer-v2,-0.009421784105764996,-0.03036185636149269,2.1274,0.0374,0.000831000699790063,0.0046979276431331225
2293,CEX,Bitmex,,-,822789834.9351418,,bitmex,-0.018849011846690078,0.05279048949680765,,,,
212,Lending,Venus,bsc:0xcf6bb5389c92bdda8a3747ddb454cb7a64626c63,XVS,808449042.5196967,68978223.98744792,venus,-0.0805245898589505,0.02720009314620042,,,,
270,CDP,Liquity,0x6DEA81C8171D0bA574754EF6F8b412F2Ed88c54D,LQTY,736231990.8091687,110123416.51125622,liquity,0.012060610838271035,0.08206168377508738,,,0.0020198310686742565,0.011023622047244094
337,Derivatives,GMX,arbitrum:0xfc5A1A6EB076a2C7aD06eD22C90d7E710E35ad0a,GMX,686300631.5274718,545827732.4732162,gmx,0.013948325987563681,0.15092675288696,1.0171,3.0331,,
1918,Yield,Aura,0xc0c293ce456ff0ed870add98a0828dd4d2903dbf,AURA,615330911.5610276,56424727.382285714,aura,-0.005127605309293792,-0.01921955784930207,,,-0.010861515675141941,-0.047313361864003804
2295,CEX,SwissBorg,,-,571650424.1893907,,swissborg,-0.02279615207929131,0.13891323452713045,,,,
2088,Lending,Compound V3,0xc00e94cb662c3520282e6f5717214004a7f26888,COMP,551867527.2357408,,compound-v3,-0.008324714148588042,0.2574240741257692,,,0.0004366501340800683,0.00288800076125226
1571,Cross Chain,Stargate,0xaf5191b0de278c7286d6c7cc6ab6bb8a73ba2cd6,STG,435303054.30318874,116744467.73885675,stargate,-0.009089185821210988,0.27654600022738074,,,0.016549165120593692,0.13615062414465226
113,Yield Aggregator,Yearn Finance,0x0bc529c00C6401aEF6D220BE8C6Ea1667F6Ad93e,YFI,427042103.579175,237664422.29279146,yearn-finance,-0.03042051561008674,0.09975544517623525,,,0.00128281223075303,-0.0609445142754534
119,Dexes,SushiSwap,0x6b3595068778dd592e39a122f4f5a5cf09c90fe2,SUSHI,415577431.2533588,174348322.94648707,sushiswap,-0.029670245883059776,-0.06172340397504428,0.1577,1.9158000000000002,0.0009306047191226225,0.005056459430427834
690,Dexes,SUNSwap,tron:TSSMHYeV2uE9qYH95DqyoCuNCzEL1NvU3S,SUN,408577417.8860444,,sunswap,0.00833726787389577,-0.0008548705584463523,-0.41229999999999994,0.4483,,
115,Synthetics,Synthetix,0xc011a73ee8576fb46f5e1c5751ca3b9fe0af2a6f,SNX,370727006.0993571,686548566.4521523,synthetix,-0.00034243320686688783,-0.018729294521082962,,,-0.01803065950645158,-0.0228143668566989
144,Derivatives,dYdX,0x92d6c1e31e14520e676a687f0a93788b716beff5,DYDX,356425779.46129775,332111004.4380623,dydx,0.01987486747551892,0.0460357580042523,,,0.004455823342606041,0.017556985385804778
2373,CEX,Binance US,,-,354130082.48851806,,binance-us,0.16225848569317236,0.10403491712059099,,,,
2301,CEX,Korbit,,-,342248069.7897713,,korbit,-0.011876451664705523,0.07557892547644918,,,,
2221,Liquid Staking,Frax Ether,0x5E8422345238F34275888049021821E8E08CAa1f,frxETH,336297196.58241564,,frax-ether,0.08317837602790568,0.38880099554811354,,,0.03282828282828283,0.14565826330532214
2168,Lending,Morpho Aave,0x9994e35db50125e0df82e4c2dde62496ce330999,MORPHO,323687238.9209606,,morpho-aave,0.045423848951675616,0.4215676391776506,,,0.0029154518950437317,0.04137235116044399
326,Yield Aggregator,Beefy,bsc:0xca3f508b8e4dd382ee878a314789373d80a5190a,BIFI,314548085.04118997,33627550.39632228,beefy,-0.040967735394562665,0.013547583573203958,,,,
1796,Bridge,Poly Network,,-,311510369.95,,poly-network,-0.030386248613369804,-0.016737754338033484,,,,
2769,Dexes,PancakeSwap AMM V3,bsc:0x0E09FaBB73Bd3Ade0a17ECC321fD13a19e81cE82,CAKE,304609900.8179111,,pancakeswap-amm-v3,0.24837584471101803,1.2690952209169408,0.1464,2.955,,
1541,Bridge,Portal,,-,304008941.35,,portal,0.12803745399672506,0.0617830139989024,,,,
2435,CEX,Nexo,,-,283967416.044344,377646809.57830757,nexo,-0.031213224428789377,-0.03203090162200517,,,,
148,Privacy,Tornado Cash,0x77777feddddffc19ff86db637967013e6c6a116c,TORN,274157744.6218833,9168039.473288821,tornado-cash,0.003471651228007744,0.1308592106588451,,,0.0013123359580052493,0.004608294930875576
1793,Indexes,Bwatch,0x045414e728067ab3da4bceafc0d992d59183463a,BOX,273018943.99,0.0,bwatch,-0.0132715133120761,0.06900644525417787,,,0.0,0.0588235294117647
1799,Dexes,Velodrome,optimism:0x3c8B650257cFb5f272f799F5e2b4e65093a11a05,VELO,266452198.5120246,25964164.59242544,velodrome,-0.059075953137688875,0.023026145336573656,0.3003,0.7171,,
122,Insurance,Nexus Mutual,0xd7c49cee7e9188cca6ad8ff264c1da2e69d4cf3b,NXM,266432711.74404043,346566969.3877379,nexus-mutual,0.004227042853544916,0.08079738813249948,,,0.0,-0.0007347538574577515
2706,Lending,Radiant V2,arbitrum:0x3082CC23568eA640225c2467653dB90e9250AaA0,RDNT,263632753.37609503,,radiant-v2,0.10518685302638575,0.5518507324331037,,,,
347,CDP,Abracadabra,0x090185f2135308bad17527004364ebcc2d37e5f6,SPELL,258841349.9075657,69791704.46987571,abracadabra,0.03698852173202938,0.09223212221558041,,,0.0015085861017493179,0.010034960507574776
132,Bridge,hBTC,0x0316EB71485b0Ab14103307bf65a021042c6d380,hBTC,247629873.30691716,248691739.04742098,hbtc,-0.012285545257352704,-0.031907988131088194,,,0.0007572889057175312,-0.020022246941045607
1765,Launchpad,UniCrypt,0xadb2437e6f65682b85f814fbc12fec0508a7b1d0,UNCX,240010082.09273183,9396326.650440134,unicrypt,0.05004190810486131,0.050422351976164625,,,0.005451241671714113,0.007893139040680024
2907,Dexes,Chronos,arbitrum:0x15b2fb8f08E4Ac1Ce019EADAe02eE92AeDF06851,CHR,230186550.46288145,0.0,chronos,64.13524467932388,0.0,4.098,,,
502,Yield,Coinwind,heco:0x80861a817106665bca173db6ac2ab628a738c737,COW,213502327.48528257,0.0,coinwind,-0.0008006743949823258,0.023827684216883416,,,,
295,Chain,Stacks Staking,-,STX,208361161.81713977,996695704.5086817,stacks-staking,-0.12403997464333583,-0.2981895534408163,,,,
657,Bridge,Synapse,0x0f2d719407fdbeff09d87557abb7232601fd9f29,SYN,204700400.8870002,127466105.66621292,synapse,-0.03310181167951576,0.1850141778826433,,,-0.003881156316916488,-0.010370961308336656
345,Leveraged Farming,Alpaca Leveraged Yield Farming,bsc:0x8f0528ce5ef7b51152a59745befdd91d97091d2f,ALPACA,203184197.98951882,32246130.85516365,alpaca-leveraged-yield-farming,0.2609800725270459,-0.27089899778290505,,,,
1807,Launchpad,PinkSale,bsc:0x602ba546a7b06e0fc7f58fd27eb6996ecc824689,PINKSALE,199879018.68395105,18151980.89933905,pinksale,0.013092167239467711,0.06881759469921422,,,,
641,Liquidity manager,Arrakis V1,,-,199478000.80871424,,arrakis-v1,0.04327025927889627,-0.2040661437848692,,,,
373,Dexes,BiSwap,bsc:0x965f527d9159dce6288a2219db51fc6eef120dd1,BSW,189048413.7864768,50570029.19266615,biswap,0.17575699451139792,0.005385407151843324,0.37479999999999997,0.5215,,
831,Dexes,VVS Finance,cronos:0x2D03bECE6747ADC00E1a131BBA1469C15fD11e03,VVS,177562670.92293712,116119379.32240234,vvs-finance,-0.052694483325136376,-0.009805843451920815,0.3271,1.6606,,
277,Liquid Staking,StakeWise,0x48c3399719b582dd63eb5aadf12a40b4c3f52fa2,SWISE,170461508.47191355,29238782.167995162,stakewise,0.011632780302816892,0.10008670970766143,,,-0.009705488621151271,-0.01661681621801263
704,Dexes,Chainge Finance,fusion:0xed0294dbd2a0e52a09c3f38a09f6e03de2c44fcf,CHNG,169347502.0699321,45038095.09332082,chainge-finance,-0.006906989038361844,0.02801129202200725,2.7187,1.3153,,
278,Liquid Staking,Ankr,0x8290333cef9e6d528dd5618fb97a76f268f3edd4,ANKR,160812214.3834201,214299368.10500398,ankr,-0.05348777559829232,0.0012901012013610824,,,0.0030056120412332403,0.013164136622390892
383,Dexes,Osmosis DEX,-,OSMO,155379647.1642525,382498714.4592804,osmosis-dex,-0.04993590712124607,0.011384660637711042,0.2661,1.5233,,
129,Chain,xDAI Stake Bridge,0x0Ae055097C6d159879521C384F1D2123D1f195e6,STAKE,155113387.13859338,759472.0159072108,xdai-stake-bridge,-0.015485570528828485,0.01876036412518367,,,-0.00022678308198208414,-0.00011340440009072352
1217,Liquid Staking,Parallel Liquid Crowdloan,,-,154858352.62583384,,parallel-liquid-crowdloan,-0.04550951090625077,-0.014702720133805913,,,,
2517,NFT Lending,ParaSpace Lending,,-,150178119.78353205,,paraspace-lending,0.004491025387391989,0.3489683992845607,,,,
1773,NFT Lending,BendDAO Lending,0x0d02755a5700414B26FF040e1dE35D337DF56218,BEND,149111054.5376916,,benddao-lending,-0.03725918655944327,-0.048223696575287356,,,-0.0025780578630764826,-0.000478423117405033
231,Payments,Lightning Network,-,-,148872936.539459,,lightning-network,-0.014084830264724624,0.0685340429928567,,,,
1054,Bridge,ChainPort,0x104f3152d8ebfc3f679392977356962ff36566ac,PORTX,147626901.422,2347477.5280866814,chainport,-0.08323685739508979,0.035380400922416344,,,0.006024096385542169,0.018292682926829267
1981,Bridge,Orbit Bridge,eth:0x662b67d00A13FAf93254714DD601F5Ed49Ef2F51,ORC,142396322.62127978,0.0,orbit-bridge,-0.023637005709259196,-0.1770851651680848,,,,
1166,Dexes,DefiChain DEX,-,DFI,139899192.96038902,278927383.9886092,defichain-dex,-0.09783973457806094,-0.16373690875283253,4.5979,4.5497000000000005,,
359,Algo-Stables,Frax,0x3432b6a60d23ca0dfca7761b7ab56459d9c964d0,FXS,136198457.16144666,,frax,-0.008629047063391182,-0.09559270841999046,,,0.00216998191681736,0.017702365212281475
801,Bridge,cBridge,,CELR,133870961.12268639,106705092.1024432,cbridge,-0.04120908847158633,0.027564066010433708,,,,
467,Lending,Benqi Lending,avax:0x8729438eb15e2c8b576fcc6aecda6a148776c0f5,QI,132302605.14438385,30364539.815965828,benqi-lending,-0.016745390002846916,-0.02327571692850572,,,,
2914,Liquid Staking,Binance staked ETH,,-,130738627.15012403,,binance-staked-eth,0.012307641944293568,0.0,,,,
1879,Liquid Staking,Acala LCDOT,acala:-,ACA,129021454.66396339,,acala-lcdot,-0.044406697403542306,-0.013457277198294149,,,,
1115,Lending,Tectonic,cronos:0xeAdf7c01DA7E93FdB5f16B0aa9ee85f978e89E95,TONIC,125157894.65072769,41684845.43253035,tectonic,-0.0019108771831237714,0.007655082768715182,,,,
116,Dexes,Balancer V1,0xba100000625a3754423978a60c9317c58a424e3d,BAL,122943940.1732037,,balancer-v1,-0.016160392603964624,-0.0035535759556359903,2.5362999999999998,0.7958,0.000831000699790063,0.0046979276431331225
2076,Lending,Fraxlend,,-,122474234.31410366,,fraxlend,0.04159683430736272,0.28170803141371925,,,,
177,Services,DefiSaver,-,-,121267452.702087,,defisaver,0.0008718641546341388,-0.1171637572610793,,,,
279,Liquid Staking,StakeHound,0x160b1e5aabfd70b2fc40af815014925d71ceed7e,-,120685818.54630047,0.0,stakehound,0.006574121227549634,0.08848504256999346,,,0.0,0.0
2542,RWA,Ondo Finance,-,-,116484007.7607635,,ondo-finance,0.08560592970714764,0.7168439269940021,,,,
2414,NFT Marketplace,Blur Bids,0x5283d291dbcf85356a21ba090e6db59121208b44,BLUR,112820560.75679472,209808039.66861185,blur-bids,0.04813355818401588,-0.11019330436317998,,,0.0029055108656501375,-0.013976108409273335
2313,CEX,Firi,,-,109778895.48762648,,firi,-0.010828584192386193,0.07127860988250112,,,,
1044,Liquid Staking,Stader,0x30d20208d987713f46dfd34ef128bb16c404d10f,SD,109361815.2396004,23872744.574002933,stader,0.03489456728825857,0.017422989397824162,,,-0.0014492753623188406,-0.008957175547564564
2305,CEX,MaskEX,,-,108650842.97772576,,maskex,-0.0094043948177287,-0.2513379160637833,,,,
508,Dexes,KlaySwap,-,KSP,105862750.2614037,0.0,klayswap,-0.032949653815944724,-0.025683987723622348,0.5613,0.6179,,
1864,Launchpad,Team Finance,0xCC4304A31d09258b0029eA7FE63d032f52e44EFe,SWAP,105652144.86387151,26553888.262505643,team-finance,-0.005796540254636273,0.018151023817081002,,,-0.0013916091124626328,-0.004419094599455321
412,Dexes,Thorchain,thorchain:0x0000000000000000000000000000000000000000,RUNE,105102689.94618289,364701813.2530487,thorchain,-0.03318679179152906,0.00837039127702055,,,,
126,Dexes,Loopring,0xbbbbca6a901c926f240b89eacb641d8aec7aeafd,LRC,104355069.13470536,367533165.2925174,loopring,-0.038292137006872395,0.02886700607272119,,,0.000521793784724487,0.004865412101000477
504,Algo-Stables,Mento,-,-,104059676.48676923,253613907.0711503,mento,-0.18077291465069945,-0.049867425678122856,,,,
2292,CEX,Cake DeFi,,-,102800547.4403697,,cake-defi,-0.017192969621395604,2.7881308926097783,,,,
355,Liquidity manager,Gamma,0x6bea7cfef803d1e3d5f7c0103f7ded065644e197,GAMMA,101161637.69229513,12456032.469990596,gamma,0.03261547812286669,0.7062231317744991,,,-0.008272750062672349,-0.029440628066732092
484,Liquid Staking,Marinade Finance,solana:MNDEFzGvMt87ueuHvVU9VcTqsAP5b3fTGPsHuuPA5ey,MNDE,100809501.13062061,6044183.422028455,marinade-finance,-0.07605616543392224,-0.014951554128532663,,,,
435,Cross Chain,Hop Protocol,0xc5102fe9359fd9a28f877a67e36b0f050d81a3cc,HOP,98646748.79658008,7552123.9959916705,hop-protocol,-0.009313204504378447,0.07458879669442542,,,-0.0008592910848549946,-0.0042106765629460466
1167,Synthetics,DefiChain Loans,-,DFI,98457530.62386481,,defichain-loans,0.04806394053998675,0.10722340625238425,,,,
1700,Dexes,Wombat Exchange,bsc:0xad6742a35fb341a9cc6ad674738dd8da98b94fb1,WOM,95552778.46475518,6838991.3256664565,wombat-exchange,0.003206363517311628,0.8181922437033382,1.4791999999999998,1.4967,,
2678,Lending,Alpaca Lending,bsc:0x8f0528ce5ef7b51152a59745befdd91d97091d2f,ALPACA,95099050.60766181,,alpaca-lending,0.4300853445344277,-0.13548983065381903,,,,
2346,CEX,WOO X,,-,93766140.70812045,,woo-x,-0.0273053440154446,0.18411950792635468,,,,
1427,Liquid Staking,Benqi Staked Avax,avax:0x2b2C81e08f1Af8835a78Bb2A90AE924ACE0eA4bE,SAVAX,93649140.76652545,93466824.11167091,benqi-staked-avax,-0.0534814216413112,0.08756151266632362,,,,
2369,CEX,Phemex,,-,93292255.27194622,,phemex,-0.04278756558020569,-0.01299381122272758,,,,
431,Dexes,SUN.io,tron:TSSMHYeV2uE9qYH95DqyoCuNCzEL1NvU3S,SUN,92732843.21379627,51187491.65066217,sun.io,0.013380101453488669,0.325060364367735,,,,
2616,Yield,Conic Finance,0x9ae380f0272e2162340a5bb646c354271c0f5cfc,CNC,91655707.26154205,,conic-finance,-0.03271082057896002,0.28230471809471536,,,-0.0048330404217926184,-0.0035195776506819184
140,Lending,Kava Lend,-,HARD,90059233.4247927,19370219.60361079,kava-lend,-0.019764731571096594,0.041016850920264636,,,,
2307,Dexes,Camelot V2,arbitrum:0x3d9907F9a368ad0a51Be60f7Da3b97cf940982D8,GRAIL,88325485.70522445,,camelot-v2,5.0111306624689433e-05,-0.032897627891551706,-0.6966,1.2196,,
2298,CEX,Coinsquare,,-,83968589.4630864,,coinsquare,0.03013864172095637,-0.3401407456124924,,,,
306,Dexes,Quickswap Dex,polygon:0x831753dd7087cac61ab5644b308642cc1c33dc13,QUICK,82938234.1706979,32996590.524236295,quickswap-dex,-0.0544284953332399,-0.07806112867612647,,,,
1087,Lending,Algofi Lend,,-,81789733.67559974,,algofi-lend,-0.05072071884876117,-0.03778061944971434,,,,
797,Dexes,Katana DEX,,-,81083544.71586102,,katana-dex,-0.011834029771884746,0.1033918192632024,0.2157,-0.0108,,
2190,Yield,Sushi BentoBox,0x6b3595068778dd592e39a122f4f5a5cf09c90fe2,SUSHI,77370424.23755299,,sushi-bentobox,0.0006509307135726949,0.06576223674595982,,,0.0009306047191226225,0.005056459430427834
266,Indexes,Set Protocol,-,-,77134145.21822266,,set-protocol,-0.03019556061742734,0.009212084823028377,,,,
1108,Leveraged Farming,Gearbox,0xba3335588d9403515223f109edc4eb7269a9ab5d,GEAR,76796905.65047215,7299575.57709522,gearbox,-0.02821172348099732,-0.08922951765121312,,,-0.0005758157389635317,0.0025028879476318828
225,Indexes,Enzyme Finance,0xec67005c4e498ec7f55e092bd1d35cbc47c91892,MLN,76733808.68243024,29356896.509799656,enzyme-finance,0.005324353951124294,0.06677089606710607,,,-0.0009602194787379973,0.003997794320374966
753,RWA,RealT Tokens,,-,76250113.281353,,realt-tokens,0.007738589871536972,0.043490658079631705,,,,
2415,Liquid Staking,OKC Liquid Staking,okexchain:0x97b05e6c5026d5480c4b6576a8699866eb58003b,stOKT,76089080.25483833,,okc-liquid-staking,-0.07547379387368158,0.349639776785192,,,,
654,Dexes,Beethoven X,fantom:0xf24bcf4d1e507740041c9cfd2dddb29585adce1e,BEETS,74537073.03035104,4565574.642505584,beethoven-x,-0.06336860499077479,0.022428233812149312,0.1343,-0.0276,,
143,Payments,Flexa,0xff20817765cb7f73d4bde2e66e067e58d11095c2,AMP,69855395.79029295,175363984.389346,flexa,-0.049528192424997175,-0.07524816309946991,,,0.0012213424416498474,0.0063250975292587774
1985,Dexes,Canto Dex,,-,69257582.86959395,,canto-dex,-0.05044564085173675,0.1649650706764092,0.0689,0.1572,,
2807,RWA,MatrixDock,0x530824DA86689C9C17CdC2871Ff29B058345b44a,STBT,69084082.47056745,0.0,matrixdock,0.004727316118508629,0.0,,,0.0,0.125
135,CDP,Kava Mint,,-,68000426.23983027,,kava-mint,0.0021937524999611213,-0.06953015117931727,,,,
302,Dexes,SpookySwap,fantom:0x841fad6eae12c286d1fd18d1d525dffa75c7effe,BOO,65719438.81704701,11787739.510056784,spookyswap,-0.22187358589752548,-0.037758054926340434,0.9268000000000001,1.7258000000000002,,
2111,Lending,UwU Lend,0x55C08ca52497e2f1534B59E2917BF524D4765257,UWU,65308327.747373365,24071353.30089974,uwu-lend,-0.02006659868703109,-0.03274587522184491,,,-0.0011185682326621924,0.8526970954356847
1901,Launchpad,DxSale,0xF063fE1aB7a291c5d06a86e14730b00BF24cB589,DX,65194337.58967482,1008813.9173827308,dxsale,-0.031208679216917168,-0.045827456705107905,,,-0.0010857763300760044,0.005464480874316941
382,Yield,Pendle,0x808507121b80c02388fad14726482e061b8da827,PENDLE,64499551.96673125,32934938.23227251,pendle,0.008698750227486007,0.5516688638790399,,,-0.0069367369589345175,0.06486164831895269
1544,Yield,Concentrator,ethereum:0xb3Ad645dB386D7F6D753B2b9C3F4B853DA6890B8,CTR,64284437.94954018,0.0,concentrator,0.10599468625085362,-0.008855021565772891,,,,
1995,Dexes,Bancor V3,0x1f573d6fb3f13d689ff844b4ce37794d79a7ff1c,BNT,63859777.65553197,,bancor-v3,-0.044721383891984434,-0.05164079717311287,0.9884000000000001,,0.00022897267592733933,0.00393248384872705
2121,Dexes,Frax Swap,,-,63850265.61482545,,frax-swap,-0.02501340933630425,-0.005274763338390831,1.4990999999999999,0.8783,,
2226,Yield,Wombex Finance,bsc:0xa75d9ca2a0a1D547409D82e1B06618EC284A2CeD,WMX,62235931.0402747,2395118.5447661397,wombex-finance,0.003747276931231891,1.1231595140905313,,,,
243,Yield Aggregator,Flamincome,0x57dD84042ec9507963016596A34EdaD42F7e4CCE ,FLAG,61883233.369823724,,flamincome,-0.0043415821817880396,0.04537878124017669,,,,
2239,Dexes,Quickswap V3,polygon:0xb5c064f955d8e7f38fe0460c556a72987494ee17,QUICK,60737810.87922055,,quickswap-v3,-0.05765236263977569,0.15052215208805686,0.3419,2.3775999999999997,,
172,Indexes,Index Coop,0x0954906da0Bf32d5479e25f46056d22f08464cab,INDEX,60333414.34731572,10682378.781431573,index-coop,-0.0238448687076932,0.019903544689767072,,,0.0018431292238378046,0.010326311441553075
951,Dexes,4Swap,,-,60125379.25393999,,4swap,-0.016572167067927412,0.020109279678024228,0.5211,1.1603,,
2311,CEX,CoinDCX,,-,58903314.61906827,,coindcx,-0.009298841163899674,0.03760434570234894,,,,
1018,Derivatives,Gains Network,polygon:0xe5417af564e4bfda1c483642db72007871397896,GNS,58725743.46155353,151326841.17248866,gains-network,0.006771934514033795,0.06081547944965027,,,,
449,CDP,QiDao,polygon:0x580a84c73811e1839f75d86d75d88cca0c241ff4,QI,58668169.36250793,5014767.823548662,qidao,0.11972157592893073,0.04148470533483728,,,,
2205,CDP,Pando Leaf,,-,58092394.18873791,,pando-leaf,-0.01932444434331959,0.022247502622983584,,,,
2038,CDP,Helio Protocol,bsc:0x0782b6d8c4551B9760e74c0545a9bCD90bdc41E5,HAY,57979804.448537365,39195715.81175931,helio-protocol,-0.02168521364249809,-0.03407886232738688,,,,
160,Yield,Homora V2,0xa1faa113cbe53436df28ff0aee54275c13b40975,ALPHA,57741596.494553104,77535805.26246375,homora-v2,0.0017288084664168757,0.026598011577178005,,,0.00031443244942878104,0.0047373407727129176
2237,Bridge,Axelar,0x467719ad09025fcc6cf6f8311755809d45a5e5f3,AXL,57637013.29345266,142801606.02779204,axelar,-0.11233579631115798,-0.09451225539613839,,,0.014119091467157764,0.08079816813869806
204,Synthetics,Alchemix,0xdBdb4d16EdA451D0503b854CF79D55697F90c8DF,ALCX,56997350.31435142,32891716.34305185,alchemix,0.04093392586314448,0.10647108581238296,,,0.0013377926421404682,0.005372733378106112
249,Yield,StakeDAO,0x73968b9a57c6e53d41345fd57a6e6ae27d6cdb2f,SDT,55043602.44542851,21303314.97802553,stakedao,-0.027446252224514023,-0.03539235646208083,,,0.0017232890201870998,0.004443347321648976
2654,Yield,ParaSpace APE Staking,,-,54302542.42927485,,paraspace-ape-staking,-0.06422848613883925,0.3848894127083491,,,,
1453,Lending,EOS REX,eos:eos,EOS,53686154.43445735,1005970216.7559769,eos-rex,-0.05303197225106848,-0.06058372677967894,,,,
425,Yield,Tranchess,bsc:0x20de22029ab63cf9A7Cf5fEB2b737Ca1eE4c82A6,CHESS,52855104.53883797,22229288.20017016,tranchess,-0.04102687698557894,-0.0039004283734117573,,,,
334,Dexes,MDEX,bsc:0x9c65ab58d8d978db963e63f2bfb7121627e3a739,MDX,50867358.174517795,65742596.564905934,mdex,-0.02421069827066935,-0.11122414183490492,-0.0294,0.3173,,
1494,Dexes,Minswap,cardano:asset1d9v7aptfvpx7we2la8f25kwprkj2ma5rp6uwzv,MIN,49684185.12903891,0.0,minswap,-0.00495991968178866,0.08974129348739579,2.0353,4.8789,,
854,Dexes,xExchange,elrond:MEX-455c57,MEX,48667675.98420027,19354133.024685986,xexchange,-0.07933596465031822,-0.21602570246393782,-0.1866,0.9045000000000001,,
2266,Yield Aggregator,Kava Earn,,-,46959630.54369024,,kava-earn,-0.030560813022515676,0.07708238791648525,,,,
2262,Liquid Staking,Kava Liquid,,-,46888320.09789983,,kava-liquid,-0.030341063477958063,0.07871654798713923,,,,
2949,Liquid Staking,CRETH2,0x2ba592F78dB6436527729929AAf6c908497cB200,CREAM,46427559.51671109,,creth2,0.0,0.0,,,0.000447127207690588,0.000447127207690588
2529,Dexes,PancakeSwap StableSwap,bsc:0x0E09FaBB73Bd3Ade0a17ECC321fD13a19e81cE82,CAKE,45467920.192901574,,pancakeswap-stableswap,-0.2585088820628977,-0.4463372805243617,-0.39759999999999995,-0.0029,,
506,Yield,Tetu Earn,polygon:0x255707b70bf90aa112006e1b07b9aea6de021424,TETU,45358551.94152829,,tetu-earn,0.5827481931205174,-0.14879247790015737,,,,
468,Dexes,Trader Joe DEX,avax:0x6e84a6216ea6dacc71ee8e6b0a5b7322eebc0fdd,JOE,44269414.370127186,,trader-joe-dex,-0.06471207991899464,-0.07462136729793845,1.052,2.0697,,
1207,Cross Chain,Across,0x44108f0223A3C3028F5Fe7AEC7f9bb2E66beF82F,ACX,43849387.65798522,7330876.204486064,across,0.007415812279778944,-0.0526872709181706,,,0.006505576208178439,0.017857142857142856
331,Lending,MoneyOnChain,rsk:0x9AC7fE28967B30E3A4e6e03286d715b42B453D10,MOC,43659383.58852428,,moneyonchain,-0.017319845095827735,0.06283758258719141,,,,
612,Lending,Vires Finance,waves:DSbbhLsSTeDg5Lsiufk2Aneh3DjVqJuPr2M9uU1gwy5p,VIRES,43288055.434494905,2963986.1183923027,vires-finance,-0.01699813840338671,-0.4812300668809836,,,,
146,Dexes,DODO,0x43Dfc4159D86F3A37A5A4B3D4580b888ad7d4DDd,DODO,43216592.19454033,50558368.609910116,dodo,-0.006274264496676785,0.11479012589867388,-0.607,-0.44079999999999997,-0.0005938242280285036,0.0016366612111292963
2169,Dexes,BabyDogeSwap,bsc:0xc748673057861a797275CD8A068AbB95A902e8de,BabyDoge,42868010.02582588,342177641.3395954,babydogeswap,0.01811400202694413,0.0655810701819095,0.4583,2.9196,,
643,Lending,Geist Finance,fantom:0xd8321AA83Fb0a4ECd6348D4577431310A6E0814d,GEIST,42836241.23360325,3560301.6228852575,geist-finance,-0.015793309633480135,0.13113751301277898,,,,
123,Lending,dForce,0x431ad2ff6a9c365805ebad47ee021148d6f7dbe0,DF,42121678.94828184,22441743.156325642,dforce,-0.06462242912762128,0.07466638996900032,,,0.0020391517128874386,0.011527377521613834
304,Dexes,Flamingo Finance,,FLM,41155121.52916727,37548078.71207247,flamingo-finance,-0.0391943184111081,0.0062288172189179924,-0.295,0.307,,
1772,Derivatives,ApolloX,bsc:0x78F5d389F5CDCcFc41594aBaB4B0Ed02F31398b3,APX,41034700.29389924,22654870.625841226,apollox,0.0018967878137028382,0.16127384552279178,,,,
2417,Dexes,THENA V1,bsc:0xf4c8e32eadec4bfe97e0f595add0f4450a863a11,THE,40997543.04205505,5348417.784556448,thena-v1,-0.2618221731011341,-0.3243315841300425,0.1653,0.20550000000000002,,
208,Yield Aggregator,ACryptoS,bsc:0x4197c6ef3879a08cd51e5560da5064b773aa1d29,ACS,39592721.368200004,2768250.9102387032,acryptos,-0.157451107845212,0.21159798023983467,,,,
173,Yield Aggregator,Badger DAO,0x3472A5A71965499acd81997a54BBA8D852C6E53d,BADGER,39280814.56,52255068.03937904,badger-dao,-0.005446820567965305,0.04891619697813532,,,0.0008831136062574906,0.0019259306033530136
2461,Bridge,Ad-Astra Bridge,,-,39278686.10707955,,ad-astra-bridge,-0.05807997673506249,-0.06097564717729098,,,,
2254,Derivatives,MUX Protocol,0x4e352cf164e64adcbad318c3a1e222e9eba4ce42,MCB,39171611.67481306,50573161.06248675,mux-protocol,0.1373753406637941,0.7808618867636739,,,-0.0017761989342806395,-0.004252303330970942
427,Yield Aggregator,Origin Dollar,0x9c354503c38481a7a7a51629142963f98ecc12d0,OGV,38801146.187833585,3412695.942347265,origin-dollar,0.0012345467477414829,0.16047728826965812,,,0.0050041701417848205,0.047370708387657535
1556,Bridge,Terra Bridge,,-,38761093.20808162,,terra-bridge,-0.125956551758434,-0.1395781044093699,,,,
1882,Dexes,Ferro,cronos:0x39bC1e38c842C60775Ce37566D03B41A7A66C782,FER,38564911.95198828,21698525.265184533,ferro,-0.02405761551778285,-0.06196058201966759,-0.3542,2.467,,
2235,Liquid Staking,Algo Liquid Governance,,-,38419955.021646366,,algo-liquid-governance,-0.03928330414964898,0.25970916517709175,,,,
283,Dexes,Orca,solana:orcaEKTdK7LKz57vaAYr9QeNsVEPfiu6QeMU1kektZE,ORCA,38346920.32617085,17720260.045773942,orca,-0.008236765722486106,-0.09059910147215144,0.9193000000000001,4.2297,,
1023,Yield,Overnight USD+,polygon:0x236eeC6359fb44CCe8f97E99387aa7F8cd5cdE1f,USD+,38230088.40135308,51598564.25133552,overnight-usd+,0.24209253072836678,0.49076775730585664,,,,
2626,Liquid Staking,ether.fi,,-,37871720.467421174,,ether.fi,-0.05954667357666743,1.8761257564833462,,,,
2537,Lending,Flux Finance,,-,37263745.47820611,,flux-finance,0.12138410082455464,0.09254308807521383,,,,
475,Yield Aggregator,Yield Yak Aggregator,avax:0x59414b3089ce2af0010e7523dea7e2b35d776ec7,YAK,37014880.43953433,4348408.345167539,yield-yak-aggregator,-0.0542816152528397,0.1024527163440292,,,,
1986,Lending,Canto Lending,,-,35900127.12952072,,canto-lending,-0.035749418833295965,0.11287027408593575,,,,
2817,Indexes,Agility LSD,0x5f18ea482ad5cc6bc65803817c99f477043dce85,AGI,35623608.22524965,0.0,agility-lsd,-0.6642871154312309,0.0,,,0.02478448275862069,2.979079497907949
2020,Lending,Silo Finance,0x6f80310ca7f2c654691d1383149fa1a57d8ab1f8,SILO,35416843.99820868,21551904.78428238,silo-finance,0.061686118039242066,0.25409943035827665,,,-0.007057379564283523,-0.01009483022330988
547,Cross Chain,pNetwork,0x89ab32156e46f46d02ade3fecbe5fc4243b9aaed,PNT,34919182.930151515,11279230.641295044,pnetwork,-0.07658862547096257,0.028201119700051125,,,-0.00021117094287825995,-0.000633245382585752
2539,Indexes,unshETH,0xe60779cc1b2c1d0580611c526a8df0e3f870ec48,USH,34781765.980756976,10156216.526709314,unsheth,-0.02908898367208068,2.21812145521163,,,-0.018065887353878853,0.11191335740072202
438,Yield,Tokemak,0x2e9d63788249371f1dfc918a52f8d799f4a38c94,TOKE,34692931.70931117,10504637.507724026,tokemak,-0.0314961383509017,-0.071366200153819,,,0.0015105740181268882,0.0057306590257879654
2728,Dexes,SyncSwap,,-,34351486.79432703,,syncswap,-0.2277640945848809,1.2128924460351223,,,,
1619,NFT Lending,JPEG'd,0xe80c0cd204d654cebe8dd64a4857cab6be8345a3,JPEG,34298893.38148486,12806530.217708087,jpegd,-0.00916932508667101,0.11175016648264413,,,-0.009872241579558653,-0.029963967380997533
1272,Bridge,ioTube,,-,34133903.172746904,0.0,iotube,-0.018689770696828423,0.008893966968042122,,,,
1853,Lending,Moonwell Artemis,moonbeam:0x511aB53F793683763E5a8829738301368a2411E3,WELL,33965584.15694544,2691937.715878773,moonwell-artemis,-0.002908984666987413,0.05531071494869244,,,,
2864,Dexes,THENA FUSION,bsc:0xf4c8e32eadec4bfe97e0f595add0f4450a863a11,THE,33782018.44445242,,thena-fusion,0.3792872175273978,0.0,-0.002,,,
234,Lending,Notional,0xcfeaead4947f0705a14ec42ac3d44129e1ef3ed5,NOTE,33392410.891890284,6443052.447260085,notional,2.0731069428878035,-0.4762357628279039,,,-0.001905972045743329,-0.001905972045743329
944,Dexes,Platypus Finance,avax:0x22d4002028f537599be9f666d1c4fa138522f9c8,PTP,33241137.5325644,3126571.0722099845,platypus-finance,-0.0176905217363883,0.05138579151718603,1.6007,4.1514,,
190,Indexes,dHEDGE,0xca1207647ff814039530d7d35df0e1dd2e91fa84,DHT,32970000.925483987,6034193.134526985,dhedge,-0.013873134018335675,0.22473049630065667,,,0.0011179429849077697,0.00027925160569673273
207,Insurance,Unslashed,0xe0e05c43c097b0982db6c9d626c4eb9e95c3b9ce,USF,32859289.377528995,857720.0286763986,unslashed,0.0066802809563968335,0.09374629541267532,,,0.0,0.0006743088334457181
2707,Services,SPL Governance,,-,32292592.64927964,,spl-governance,0.0014587604102904717,-0.0013827325278110703,,,,
2251,Liquid Staking,Stride,,STRD,32135857.641357165,117692517.79420952,stride,0.02597731520930191,0.5288111155676647,,,,
246,Dexes,Pangolin,avax:0x60781C2586D68229fde47564546784ab3fACA982,PNG,31718984.88669182,5396484.120359393,pangolin,-0.04752053296452097,0.025127915617859875,1.3208000000000002,2.6620999999999997,,
1848,CDP,Acala Dollar,acala:-,aUSD,31520216.456828915,,acala-dollar,-0.04211473124484666,0.43281967375986263,,,,
265,CDP,Reflexer,0x6243d8cea23066d098a15582d81a598b4e8391f4,FLX,31380954.747394003,9463540.835591182,reflexer,-0.0018540639805856296,0.058124869531466894,,,0.0002845759817871372,-0.0036848072562358277
2395,Derivatives,Level Finance,bsc:0xB64E280e9D1B5DbEc4AcceDb2257A87b400DB149,LVL,31364767.84264429,,level-finance,-0.1881300084665275,0.45699991784047467,0.2743,17.320899999999998,,
149,Lending,B.Protocol,0xbbBBBBB5AA847A2003fbC6b5C16DF0Bd1E725f61,BPRO,31320892.574308645,4448422.719473626,b.protocol,-0.006423208996520824,0.0813059859713181,,,-0.0007363770250368188,-0.0036710719530102785
276,Liquid Staking,Stafi,0xef3A930e1FfFFAcd2fc13434aC81bD278B0ecC8d,FIS,31057414.474701166,18598113.304195937,stafi,-0.015926930217724955,0.061740548587458255,,,0.002144082332761578,0.0012853470437017994
2142,Lending,Sonne Finance,optimism:0x1db2466d9f5e10d7090e7152b68d62703a2245f0,SONNE,31019878.869659513,3564308.912253422,sonne-finance,-0.08057590867561171,-0.11528430824253821,,,,
1433,Options Vault,Jones DAO,arbitrum:0x10393c20975cf177a3513071bc110f7962cd67da,JONES,30930727.872847576,7874764.966527037,jones-dao,-0.015258393366430978,0.03993500988676968,,,,
1525,Yield,Vector Finance,avax:0x5817d4f0b62a59b17f75207da1848c2ce75e7af4,VTX,30882143.554763258,1272051.1891028045,vector-finance,-0.07161328381471088,0.020168117224445448,,,,
281,Options Vault,Ribbon,0x6123b0049f904d730db3c36a31167d9d4121fa6b,RBN,30792809.935358282,,ribbon,0.001969853061350557,-0.14436279614534342,,,-0.00022276676319893073,0.00335345405767941
150,Yield Aggregator,Idle,0x875773784Af8135eA0ef43b5a374AaD105c5D39e,IDLE,30778748.791646138,1309277.8550426844,idle,0.3871594886823473,-0.08619496329417098,,,0.0018587360594795538,-0.0015877216194760519
636,Derivatives,Keep3r Network,0x1ceb5cb57c4d4e2b2433641b95dd330a33185a44,KP3R,30430552.260906134,31050110.000599813,keep3r-network,-0.14965717537088086,0.2935261760988819,,,0.0005163955589981926,0.005057709765270393
398,Dexes,ApeSwap AMM,bsc:0x603c7f932ed1fc6575303d8fb018fdcbb0f39a95,BANANA,30348484.842474606,,apeswap-amm,-0.04686628525574499,-0.1274746416494117,1.2779,2.1197999999999997,,
275,Liquid Staking,SharedStake,0x84810bcf08744d5862b8181f12d17bfd57d3b078,SGT,29535032.371791705,981664.2882851401,sharedstake,0.006574121227550744,0.0874599642679823,,,0.0,0.0008517887563884157
1928,Services,CIAN,,-,29234151.476529997,,cian,-0.046335922712518074,-0.04962266391912151,,,,
1181,Dexes,MojitoSwap,kcc:0x2ca48b4eea5a731c2b54e7c3944dbdb87c0cfb6f,MJT,28892133.621374276,0.0,mojitoswap,-0.019386853639547508,-0.012788099591238833,1.2819999999999998,1.521,,
954,Lending,REX Staking,,-,28470171.10363317,,rex-staking,-0.04911368850902209,0.17477688482682607,,,,
214,Dexes,Raydium,4k3Dyjzvzp8eMZWUXbBCjEvwSkkk59S5iCNLY3QrkX6R,RAY,28237699.275775608,41270470.365473926,raydium,-0.020260606914784263,-0.15242790970947473,2.3553,5.899,,
503,Options,Lyra,optimism:0x50c5725949a6f0c72e6c4a641f24049a917db0cb,LYRA,28087101.870633967,32255972.732851617,lyra,-0.0040695097908795,-0.11373951112582392,-0.6418,-0.8038,,
507,Dexes,DefiBox,bsc:0x708c0e1d2417603d9acb0ae04fefbb93a7a322ff,BOX,28062762.884435456,2747820.1531846174,defibox,-0.04355393318111467,-0.07354398875607004,2.9294,1.4619,,
1523,Liquid Staking,KLAYstation,,-,28051481.3,,klaystation,-0.016637030521475804,-0.004508336334992147,,,,
217,Cross Chain,Connext,-,-,27518571.095077787,,connext,0.08076074708401482,2.497998216216149,,,,
2906,Dexes,Joe V2.1,avax:0x6e84a6216ea6dacc71ee8e6b0a5b7322eebc0fdd,JOE,27430606.191910334,,joe-v2.1,-0.10439632627254192,22.997136842450242,0.2005,,,
520,Synthetics,Youves,tezos:KT1Xobej4mc6XgEjDoJoHtTKgbD1ELMvcQuL,YOU,27206018.464114696,2604446.631910035,youves,-0.02146546306251984,-0.04694972032002187,,,,
2255,NFT Lending,NFTfi,,-,26692054.14252736,,nftfi,-0.015244694392461566,0.13806860094075946,,,,
2309,CDP,Indigo,cardano:asset1u8caujpkc0km4vlwxnd8f954lxphrc8l55ef3j,INDY,26667130.63558557,6886781.989591738,indigo,-0.030194394479110098,0.30471523479492646,,,,
1952,RWA,Lofty,,-,26548478.0561,,lofty,-0.023009921772676356,0.01045995818650547,,,,
183,Lending,Wing Finance,-,WING,26421602.206999995,18795363.09356424,wing-finance,-0.01951957378886071,-0.052240421586046915,,,,
2231,RWA,Tangible,polygon:0xb5DFABd7fF7F83BAB83995E72A52B97ABb7bcf63,USDR,26381910.574687663,0.0,tangible,0.05970790765550471,0.8373210486364682,,,,
397,Dexes,ShibaSwap,0x9813037ee2218799597d83d4a5b6f3b6778218d9,BONE,25958166.23856689,180225100.45693853,shibaswap,-0.07511128371314368,-0.04215512483651751,0.3069,0.9490999999999999,-0.004644966152959815,0.010122049258203612
1883,Dexes,iZiSwap,0x9ad37205d608B8b219e6a2573f922094CEc5c200,IZI,25565241.622005325,,iziswap,0.030352819908300077,10.900571534213169,-0.15039999999999998,0.9536,0.0062860136196961755,0.10402298850574714
1466,Dexes,ALEX,stacks:SP3K8BC0PPEVCV7NZ6QSRWPQ2JE9E5B6N3PA0KBR9,ALEX,25100392.469119184,48408192.46238644,alex,0.0459212316544253,-0.13120286771727951,,10.5824,,
1250,Yield,Llama Airforce,,-,24975162.269713074,,llama-airforce,-0.01714595826672649,-0.026632266541452676,,,,
2099,Dexes,OKCSwap,,-,24961516.050745632,,okcswap,-0.020444130178234432,-0.013523202027677761,0.1991,2.8507,,
238,Dexes,Ellipsis Finance,bsc:0xA7f552078dcC247C2684336020c03648500C6d9F,EPS,24686820.973225847,24109825.478311274,ellipsis-finance,0.04494148844680468,0.036073446977922696,0.16649999999999998,1.0252,,
580,Dexes,SashimiSwap,0xC28E27870558cF22ADD83540d2126da2e4b464c2,SASHIMI,24243600.613638293,1245976.9604249035,sashimiswap,0.003315951099444936,0.07956039319827468,,,-0.00040551500405515005,-0.00040551500405515005
285,Options,Opyn Gamma,,-,24112356.148354992,,opyn-gamma,-0.0008428993477266333,-0.15063545213920548,,,,
2147,Derivatives,IPOR,0x1e4746dc744503b53b4a082cb3607b169a289090,IPOR,24064934.114978768,2334721.502257244,ipor,-0.11296665520183269,-0.10072829094173319,,,-0.004878048780487805,-0.05027932960893855
1953,RWA,Toucan Protocol,,-,23763320.310000002,,toucan-protocol,0.06616127681594564,-0.24800541550290922,,,,
1491,Bridge,RelayChain,0x5d843fa9495d23de997c394296ac7b4d721e841c,RELAY,23607359.849724963,1123731.1706035305,relaychain,-0.12184810062834761,-0.3342966229347273,,,0.0,-0.0068560235063663075
573,Lending,Liqee,-,LQE,23516327.606836062,,liqee,-0.021678817505054848,-0.10017038358530905,,,,
117,Bridge,RenVM,0x408e41876cccdc0f92210600ef50372656052a38,REN,23472249.440923586,75299305.8788098,renvm,-0.03749542064009248,-0.08142517584678899,,,0.0002515644162133266,-9.43040362127499e-05
660,Options,Dopex,0xeec2be5c91ae7f8a338e1e5f3b5de49d07afdc81,DPX,23469849.7834991,37005238.361008115,dopex,-0.04194410675072102,-0.059431494231533044,,,-0.0007423904974016332,0.0212443095599393
1878,Derivatives,ApeX Protocol,0x52a8845df664d76c69d2eea607cd793565af42b8,APEX,23464368.107028525,11940899.895080054,apex-protocol,0.01199255752585926,73.6708456806481,,,0.0684931506849315,0.14146341463414633
1881,Indexes,Toros,,-,22990615.345376063,,toros,-0.008165835579041048,0.17128027005830226,,,,
2622,Lending,Mare Finance,kava:0xd86C8d4279CCaFbec840c782BcC50D201f277419,MARE,22747042.10244382,,mare-finance,-0.38755049471385905,0.3979201462630473,,,,
1303,Lending,Iron Bank,fantom:0x00a35FD824c717879BF370E70AC6868b95870Dfb,IB,22625652.692875657,272049.9101493584,iron-bank,0.007855675634388382,-0.012296129390984789,,,,
162,Dexes,Bancor V2.1,0x1f573d6fb3f13d689ff844b4ce37794d79a7ff1c,BNT,22316898.3876349,,bancor-v2.1,-0.023256505514097636,-0.04522076127589714,-0.9859,-0.9018,0.00022897267592733933,0.00393248384872705
1955,Lending,Parallel Lending,,-,21954566.22495977,,parallel-lending,-0.18639579997585276,-0.0748234018951941,,,,
1052,Dexes,Astroport,terra:terra1xj49zyqrwpv5k928jwfpfy2ha668nwdgkwlrg3,ASTRO,21943989.075750336,355887.3470752641,astroport,0.03999430740119281,0.16478298104630063,,,,
458,Lending,Solend,solana:SLNDpmoWTVADgEdndyvWzroNL7zSi1dF9PC3xHGtPwp,SLND,21743647.398599967,13566729.752999073,solend,-0.011891892037547258,0.0797501709336077,,,,
483,NFT Marketplace,NFTX,0x87d73e916d7057945c9bcd8cdd94e42a6f47f776,NFTX,21341163.096550908,6642084.12985215,nftx,0.03794609980351016,0.011280897801500878,,,-0.0004200798151648813,-0.0031420192710515295
1738,Liquid Staking,Bifrost Liquid Staking,kusama:-,BNC,21270514.56603087,2933252.025661641,bifrost-liquid-staking,-0.534064913106534,0.32884527567798405,,,,
1660,Dexes,Swappi,conflux:0x22f41abf77905f50df398f21213290597e7414dd,PPI,21218626.104037374,0.0,swappi,-0.042815368289287004,0.14239406246170794,0.48479999999999995,3.4158,,
2844,CDP,Sovryn Zero,rsk:0xEfC78FC7D48B64958315949279bA181C2114abbD,SOV,21040269.474732537,,sovryn-zero,-0.011584439593951945,0.0,,,,
2137,CDP,DeFi Franc,0x045da4bFe02B320f4403674B3b7d121737727A36,DCHF,20901742.564644832,,defi-franc,0.0007058315529233639,0.24592670393906269,,,0.0,0.010532150776053215
329,Dexes,Sovryn Dex,rsk:0xEfC78FC7D48B64958315949279bA181C2114abbD,SOV,20850937.937829997,13970579.660290468,sovryn-dex,0.008909721054227493,-0.10236174529368924,,,,
2108,Dexes,W3swap,bsc:0xc5db5afee4c55dfad5f2b8226c6ac882e6956a0a,OSK-DAO,20826801.872300126,,w3swap,-0.0201017519214316,-0.13357961703963417,,,,
2479,Leveraged Farming,DeltaPrime,,-,20583710.285276074,,deltaprime,0.0315676448691542,0.35520882661665665,,,,
2289,Dexes,Cetus,,-,20502318.15712307,,cetus,195.6770572828216,42.02597315607462,3865.8340999999996,2878.3920000000003,,
2679,Lending,Kleva Lend,klaytn:0x5fff3a6c16c2208103f318f4713d4d90601a7313,KLEVA,20387773.93962294,,kleva-lend,-0.14877414500429142,-0.13043490408227254,,,,
434,Lending,Tarot,fantom:0xc5e2b037d30a390e62180970b3aa4e91868764cd,TAROT,20342416.3780204,4677656.184203794,tarot,-0.1342848297838768,0.005023036784532531,,,,
151,Dexes,Rhino.fi,0xdddddd4301a082e62e84e43f474f044423921918,DVF,20037188.678298574,16986071.135717105,rhino.fi,0.3086972631247651,0.08308903640158283,,,0.005330490405117271,0.0010615711252653928
251,CDP,Mimo Protocol,0x90b831fa3bebf58e9744a14d638e25b4ee06f9bc,MIMO,19928320.432251442,13285733.163245624,mimo-protocol,0.0044834433980041055,0.07890375668011251,,,0.0003837298541826554,0.0030781069642170067
362,Derivatives,Perpetual Protocol,0xbc396689893d065f41bc2c6ecbee5e0085233447,PERP,19737223.41836387,41672335.96866172,perpetual-protocol,0.04978192110401136,0.03741588013615349,,,0.0012887784221669888,0.005082239881722417
2920,Indexes,LSDx ETHx,0xfAC77A24E52B463bA9857d6b758ba41aE20e31FF,LSD,19733061.67693786,,lsdx-ethx,-0.025360449829343712,0.13451400917058853,,,-0.02974504249291785,-0.1251596424010217
519,Dexes,Tezos Liquidity Baking,tezos:KT1TxqZ8QtKvLu3V3JH7Gx58n7Co8pgtpQU5,-,19704649.279180706,,tezos-liquidity-baking,-0.02248456132480192,0.034734161311380074,,,,
1315,Liquid Staking,NeoBurger,,-,19450435.159259982,,neoburger,-0.08271082299516319,-0.0715149601433458,,,,
2685,Dexes,Arbitrum Exchange,arbitrum:0xD5954c3084a1cCd70B4dA011E67760B8e78aeE84,ARX,19290943.44625534,0.0,arbitrum-exchange,-0.2708503900503405,-0.5775376380055336,,,,
2644,Dexes,Maverick Protocol,,-,19197879.110170186,,maverick-protocol,0.02386151910493428,0.5452719169651044,0.9881,1.4066,,
2086,Yield,Rage Trade,,-,19053569.137511734,,rage-trade,0.005276774548580887,0.1751097621056421,,,,
2332,Dexes,Equalizer Exchange,fantom:0x3Fd3A0c85B70754eFc07aC9Ac0cbBDCe664865A6,EQUAL,19037029.363079343,727562.614389119,equalizer-exchange,-0.22352807910579464,-0.09332983387653704,0.9224,0.9065000000000001,,
2782,RWA,Aktionariat,0x6f38e0f1a73c96cb3f42598613ea3474f09cb200,DAKS,18979757.54716597,,aktionariat,-0.0006666793700140783,13.69187439240873,,,0.005617977528089888,0.022857142857142857
127,Dexes,KyberSwap Classic,0xdefa4e8a7bcba345f687a2f1456f5edd9ce97202,KNC,18912550.40613819,,kyberswap-classic,-0.041757112745674285,-0.00946920385571337,0.3259,3.5109,0.0023720772619451034,0.012181768409526417
1726,Dexes,Meshswap,polygon:0x82362ec182db3cf7829014bc61e9be8a2e82868a,MESH,18773668.531804062,0.0,meshswap,-0.02525791599179472,-0.07253611858861542,0.799,1.1344,,
726,Yield,Solo Top,,-,18720957.930845127,,solo-top,0.1032105330413251,0.009135759096926321,,,,
2675,Dexes,Ramses Exchange,arbitrum:0xaaa6c1e32c55a7bfa8066a6fae9b42650f262418,RAM,18640059.041422676,1207610.55046226,ramses-exchange,-0.4617304691325361,-0.11525308741875684,-0.32030000000000003,0.1977,,
1979,Dexes,SaucerSwap,hedera:0.0.731861,SAUCE,18546856.5603,6204451.831928475,saucerswap,-0.06321088853341561,0.04089210769048379,0.1586,0.4375,,
2112,Liquid Staking,Stake.ly,klaytn:0xF80F2b22932fCEC6189b9153aA18662b15CC9C00,stKLAY,18422913.010489903,,stake.ly,-0.039393782017640544,-0.024536887071685665,,,,
145,Dexes,Serum,,SRM,18015844.35533719,32153436.50532077,serum,-0.0020050676684559843,1.8091736641616198,,,,
130,Services,The Tokenized Bitcoin,0x3212b29E33587A00FB1C83346f5dBFA69A458923,imBTC,17815529.56192668,,the-tokenized-bitcoin,-0.032094957480564124,0.11736910925371902,,,0.0020348179968347276,0.005672793283412752
253,Lending,BiFi,0x2791BfD60D232150Bff86b39B7146c0eaAA2BA81,BiFi,17723715.658446882,2803809.1172662424,bifi,-0.0037751799704734967,0.013830499321894285,,,0.004132231404958678,0.015143603133159269
2385,Lending,Exactly,,-,17377405.662001807,,exactly,-0.011652802919553618,3.5029547364014997,,,,
1514,Lending,Granary Finance,,-,17190309.574410822,,granary-finance,0.0818076378803334,0.15304727313838207,,,,
2271,Yield,Magpie,bsc:0xD06716E1Ff2E492Cc5034c2E81805562dd3b45fa,MGP,17135394.560134646,0.0,magpie,-0.05244948302945729,1.1001572021219346,,,,
2139,Yield Aggregator,Sommelier,0xa670d7237398238de01267472c6f13e5b8010fd1,SOMM,17066208.886020083,25375262.767866917,sommelier,0.024343124005908656,0.15285456907288353,,,0.010335917312661501,0.0653950953678474
1601,Dexes,WingRiders,cardano:asset18v68f0vgv2nc3at8cuuem7f3fztwqcq2usgjyp,WRT,17027134.760674354,0.0,wingriders,-0.027803640855611267,0.06655924949253467,-0.11699999999999999,1.3222999999999998,,
2363,CEX,Hotbit,,-,16955260.393970907,,hotbit,-0.09005395828114926,-0.05584434358568224,,,,
1873,Lending,Torches,,-,16931964.85219137,,torches,-0.004951942450856062,0.004874993959183449,,,,
2153,Yield Aggregator,LUSD ChickenBonds,0xB9D7DdDca9a4AC480991865EfEf82E01273F79C3,bLUSD,16852624.339887016,,lusd-chickenbonds,-0.0024422514784466776,-0.04742300891528006,,,0.0,-0.012658227848101267
2413,Dexes,Decryption,tlchain:0x24d8421cE5709AE8e957Cf0FA046622CA599411c,X,16772208.868987212,,decryption,0.0043626451184208825,0.011727995430403926,,,,
318,Dexes,Dfyn Network,polygon:0xc168e40227e4ebd8c1cae80f7a55a4f0e6d66c97,DFYN,16636155.107915182,7030523.97947482,dfyn-network,-0.021715361662026922,-0.0432324462409831,0.0024,1.3041999999999998,,
653,Dexes,Atrix,,-,16622717.81671263,,atrix,-0.003507105334490057,-0.009721153998632825,,,,
1732,Dexes,Verse,0x249ca82617ec3dfb2589c4c17ab7ec9765350a18,VERSE,16505279.178936077,8506436.691087276,verse,0.006750586041367246,0.6508872964475116,0.32020000000000004,2.2027,-0.008875083203905036,0.1921537229783827
541,Dexes,Ref Finance,-,REF,16163179.435512964,2828065.8830984794,ref-finance,-0.03608666292534313,-0.45081603436662343,0.7923,1.3561,,
1444,CDP,Vesta Finance,arbitrum:0xa684cd057951541187f288294a1e1C2646aA2d24,VSTA,16115946.593773136,3079779.655417192,vesta-finance,-0.011770208349022981,-0.014160037097418865,,,,
209,Yield Aggregator,Autofarm,bsc:0xa184088a740c695e156f91f5cc086a06bb78b827,AUTO,15665746.67554822,1800294.9125246576,autofarm,-0.10266742432908371,-0.1836183614405007,,,,
2361,Derivatives,Mummy Finance,fantom:0x01e77288b38b416F972428d562454fb329350bAc,MMY,15653032.233499892,5408029.860958774,mummy-finance,-0.002498459760789662,-0.07584920480797097,0.2299,1.5336,,
2904,CDP,Lybra Finance,0xF1182229B71E79E504b1d2bF076C15a277311e05,LBR,15595878.853791421,1227570.686564195,lybra-finance,-0.23909891964383634,0.0,,,1.7575757575757576,363.0
756,CDP,Angle,0x31429d1856aD1377A8A0079410B297e1a9e214c2,ANGLE,15436651.170859206,6992822.453499672,angle,-0.3673278073725359,-0.36992718965643756,,,-0.0013545546901456145,0.00993150684931507
1642,Lending,Folks Finance Lending,,-,15387579.367539378,,folks-finance-lending,-0.06110142201492208,0.15337735211663084,,,,
620,Yield,Francium,-,-,15350680.70399233,,francium,0.006219127084506226,0.0545171605945205,,,,
557,Liquid Staking,Meta Pool,near:-,META,15344877.307872001,0.0,meta-pool,-0.054266333946776046,0.04389685750662853,,,,
220,Yield Aggregator,Vesper,0x1b40183efb4dd766f11bda7a7c3ad8982e998421,VSP,15334578.283880368,3039035.695936926,vesper,0.007539645098241454,0.08942729020337414,,,-0.0003474635163307853,-0.0008103727714748785
2696,Yield,Overnight DAI+,,-,15217817.018767474,,overnight-dai+,0.5690230471327022,1.2431837699891735,,,,
1707,Yield,CLever,0xf05e58fCeA29ab4dA01A495140B349F8410Ba904,clev-CVX,15005591.718939655,,clever,-0.007691906219106981,0.06955450734766977,,,0.04,0.0684931506849315
394,Yield Aggregator,Reaper Farm,fantom:0x21ada0d2ac28c3a5fa3cd2ee30882da8812279b6,OATH,14919881.209699752,12036413.227038372,reaper-farm,-0.048488678257061824,-0.17875622184576567,,,,
1577,Lending,Sturdy,,-,14911945.570951227,,sturdy,-0.021872033018844106,-0.2358440927226606,,,,
2554,Yield,BendDAO APE Staking,0x0d02755a5700414B26FF040e1dE35D337DF56218,BEND,14817827.512336636,,benddao-ape-staking,-0.09437285998482858,-0.22154847196815453,,,-0.0025780578630764826,-0.000478423117405033
2259,Dexes,Helix,,-,14815273.323990656,,helix,0.28501203923022533,0.08879371135725167,0.5289,3.1275999999999997,,
310,Yield,Belt Finance,bsc:0xe0e514c71282b6f4e823703a39374cf58dc3ea4f,BELT,14806666.975046325,2086208.2160392331,belt-finance,-0.007363107059720098,-0.032110086130688664,,,,
239,Services,PoolTogether,0x0cec1a9154ff802e7934fc916ed7ca50bde6844e,POOL,14785087.213067506,2442543.1684984085,pooltogether,-0.16225101976848444,-0.47096982541703625,,,-0.0003492026539401699,0.006209724663151728
2092,Yield,Pirex,,-,14715776.074043939,,pirex,0.020430175268651984,0.04025199143357172,,,,
1650,Liquid Staking,sICX,icx:cx2609b924e33ef00b648a409245c7ea394c467824,sICX,14633530.993813576,0.0,sicx,-0.07661775454853403,0.119474483175247,,,,
2535,Bridge,tBTC,0xcdf7028ceab81fa0c6971208e83fa7872994bee5,T,14532586.2574755,0.0,tbtc,-0.013670437218226028,0.19107502302290236,,,-0.10202388852023889,0.010453612096322569
2393,Dexes,Joe V2,avax:0x6e84a6216ea6dacc71ee8e6b0a5b7322eebc0fdd,JOE,14414749.350672878,,joe-v2,-0.19460735102729787,-0.2728983965123023,-0.2762,-0.5882000000000001,,
133,Dexes,Shell Protocol,,-,14345704.904462354,,shell-protocol,-0.010406216029122173,0.197880842261557,0.198,2.6216000000000004,,
2403,Derivatives,NestFi,0x04abeda201850ac0124161f037efd70c74ddc74c,NEST,14339840.494455727,,nestfi,-0.1076798140022619,-0.12648692232115277,,,0.0018719080090921247,0.009974390079525542
2192,Yield,PlutusDAO,arbitrum:0x51318B7D00db7ACc4026C88c3952B66278B6A67F,PLS,14315109.040752623,5198740.594619114,plutusdao,0.01088161035797719,-0.07730662990452997,,,,
2484,CDP,Djed Stablecoin,null,-,14190396.701300154,,djed-stablecoin,-0.04747078042465802,0.23233916942064914,,,,
2005,Liquid Staking,ExinPool,,-,13893471.23,,exinpool,-0.014397322071346474,0.0069042465994153535,,,,
2338,Liquid Staking,Bifrost Liquid Crowdloan,,-,13879029.730304038,,bifrost-liquid-crowdloan,-0.05446998353637378,-0.013739891678173577,,,,
626,CDP,Reserve,0x8762db106b2c2a0bccb3a80d1ed41273552616e8,RSR,13819203.445466984,153378051.0021313,reserve,0.019582896784405168,0.3264217552141151,,,0.0,0.0
2204,Lending,Pando Rings,,-,13778625.69226243,,pando-rings,0.009911423897733806,0.13945074539951263,,,,
1997,Lending,Morpho Compound,0x9994e35db50125e0df82e4c2dde62496ce330999,MORPHO,13727973.853952175,,morpho-compound,-0.12297687205674113,-0.27066322668827814,,,0.0029154518950437317,0.04137235116044399
2157,Lending,Green Planet,bsc:0xb3cb6d2f8f2fde203a022201c81a96c167607f15,GAMMA,13664696.612822112,,green-planet,-0.05666824383687674,0.015172672575551438,,,,
2310,CEX,NBX,,-,13640299.27047504,,nbx,-0.004113747248816524,0.058320123291493164,,,,
1838,Lending,AAVE V1,0x7fc66500c84a76ad7e9c93437bfc5ac33e2ddae9,AAVE,13602442.175222054,,aave-v1,-0.00955232340514689,-0.2411161937071361,,,0.001768676979797225,0.010211643534509828
1025,Cross Chain,Wrapped,,-,13334332.641785312,,wrapped,-0.037454884182658854,0.04252350613977396,,,,
1752,Yield Aggregator,Spool Protocol,0x40803cea2b2a32bda1be61d3604af6a814e70976,SPOOL,13303527.928260025,22631234.51553955,spool-protocol,0.012139238025257848,-0.16892615321716287,,,0.1337748344370861,0.24418604651162787
2753,Dexes,Velocore,,VC,13300552.51013228,,velocore,-0.16640588963634262,2.4511636127042276,,,,
2674,Dexes,WEMIX.FI AMM,,-,13281589.823099265,,wemix.fi-amm,-0.0631402107377751,-0.006039974670383308,2.5343999999999998,3.9249,,
2308,Liquid Staking,Jito,solana:J1toso1uCk3RLmjorhTtrVwY9HJ7X8V9yYac6Y7kGCPn,JitoSOL,13156390.467971915,0.0,jito,0.007541417074670598,0.22774432580710058,,,,
696,Lending,Agave,xdai:0x3a97704a1b25f08aa230ae53b352e2e72ef52843,AGVE,13145128.97733068,1010907.258240635,agave,-0.040216662183763074,0.105347470307672,,,,
2399,Derivatives,Opyn Squeeth,,-,13020355.326558162,0.0,opyn-squeeth,0.014258086255048097,0.06171176138409229,,,,
862,Yield,Quarry,,-,12939435.393423809,,quarry,-0.04494703530730926,0.021304223088310703,,,,
1662,CDP,Yeti Finance,avax:0x77777777777d4554c39223C354A05825b2E8Faa3,YETI,12922904.961978449,503358.2903807521,yeti-finance,-0.0317724446920884,-0.05314197296289502,,,,
2284,Yield,WOOFi Earn,0x4691937a7508860f876c9c0a2a617e7d9e945d4b,WOO,12883972.1872872,,woofi-earn,-0.005434317897148766,0.25480182152683417,,,0.001774622892635315,0.023429328498709993
1046,Dexes,Ouchi Finance,0xDe52a16C6DB7914e6953E27A7df4Ce6A315f8b45,OUCHI,12871919.342258366,,ouchi-finance,0.14072978188479812,-0.28940781701545604,,,-0.0010515247108307045,-0.0005260389268805891
2901,Liquid Staking,Swell,,-,12871341.99056456,,swell,1.3516888043096054,0.0,,,,
315,Yield,Tulip Protocol,TuLipcqtGVXP9XR62wM8WWCm6a9vhLs7T1uoWBk6FDs,TULIP,12704832.127995318,1689624.9975580447,tulip-protocol,0.01660654907405057,-0.010835696477544787,,,,
589,Lending,Strike,0x74232704659ef37c08995e386a2e26cc27a8d7b1,STRK,12666020.71900109,45161651.158748664,strike,-0.14791687511684481,0.005929680230599921,,,0.0004977105315548477,0.00399560483468185
2319,Yield Aggregator,GMD Protocol,arbitrum:0x4945970EfeEc98D393b4b979b9bE265A3aE28A8B,GMD,12564677.092762409,0.0,gmd-protocol,0.060938333766889397,0.36978418837862925,,,,
2586,Dexes,Equilibre,kava:0xE1da44C0dA55B075aE8E2e4b6986AdC76Ac77d73,VARA,12436474.618795088,,equilibre,-0.2423187548742327,-0.2285302734202953,0.54,0.0786,,
1056,Yield,Redacted Protocol,0xc55126051B22eBb829D00368f4B12Bde432de5Da,BTRFLY,12350871.672664048,39900477.75688377,redacted-protocol,-0.019154051592300436,0.016373334684147922,,,-0.005691519635742743,-0.020739910313901343
349,Bridge,Injective Bridge,0xe28b3b32b6c345a34ff64674606124dd5aceca30,INJ,12294097.490349747,525423196.36387897,injective-bridge,-0.022456952951683817,0.30182090606069,,,0.008,0.06578947368421052
2695,Dexes,SmarDex,0x5de8ab7e27f6e7a1fff3e5b337584aa43961beef,SDEX,12285554.99168385,20682589.942368966,smardex,-0.15975621107380655,0.1627189954176118,38.5543,11.5802,0.05042016806722689,0.10326566637246248
916,Derivatives,Pika Protocol,,-,12161353.607163485,,pika-protocol,-0.18125968594565645,0.01776408462376522,,,,
1531,Dexes,01,,-,12091322.260446299,,01,-0.014924864121966919,0.04230549130371197,,,,
1740,Liquid Staking,LiNEAR Protocol,near:0x918dbe087040a41b786f0da83190c293dae24749,LINEAR,12049316.371222924,0.0,linear-protocol,-0.06397808632041702,0.16918123978090205,,,,
2152,Dexes,Sushi Trident,,-,12022398.365815368,,sushi-trident,-0.0062463050031904555,0.30254547033114454,0.66,-0.5034000000000001,,
2454,Liquid Staking,GETH,0x3802c218221390025bceabbad5d8c59f40eb74b8,GETH,11897568.57381436,0.0,geth,0.007985067172617155,0.09431383708457264,,,0.0015067805123053742,0.008598887202832575
972,Dexes,StellarX,,-,11889490.80398349,,stellarx,-0.03394737374593826,0.18314995339724005,0.4832,1.7228999999999999,,
2491,Lending,Liqwid,cardano:8e420ce194ca84040ba6971e6ab816e3d76ee9ee,LQ,11807299.057750616,0.0,liqwid,0.029461512249345123,0.6825008704754711,,,,
348,Lending,FilDA,heco:0xe36ffd17b2661eb57144ceaef942d95295e637f0,FILDA,11762773.078787934,271866.61306563806,filda,-0.014608464277332533,-0.10166454315036211,,,,
1395,Dexes,ArthSwap,astar:0xde2578edec4669ba7f41c5d5d2386300bcea4678,ARSW,11725914.715971218,0.0,arthswap,-0.07579396455128073,-0.10715738116311524,,,,
1849,Liquid Staking,Acala Liquid-Staking,acala:-,ACA,11685944.443817535,,acala-liquid-staking,-0.05320416362225122,-0.05293537911291035,,,,
1173,Liquid Staking,JPool,solana:7Q2afV64in6N6SeZsAAB81TJzwDoD6zpqmHkzi9Dcavn,JSOL,11681705.191418948,0.0,jpool,-0.01636175708848331,0.09791633862934068,,,,
2795,Dexes,ThalaSwap,aptos:0x7fd500c11216f0fe3095d0c4b8aa4d64a4e2e04f83758462f2b127255643615,THL,11550006.65983128,3510756.6867852667,thalaswap,-0.2228376851423206,1.2111508258180401,,,,
1593,Yield,Sphere Finance,polygon:0x62f594339830b90ae4c084ae7d223ffafd9658a7,SPHERE,11540566.3766372,17757368.054299857,sphere-finance,-0.026535377400888627,0.09404899284925472,,,,
2339,Lending,Lodestar Finance,arbitrum:0xF19547f9ED24aA66b03c3a552D181Ae334FBb8DB,LODE,11481695.488700118,1598282.0651268384,lodestar-finance,-0.2513507503234216,46.23540015069638,,,,
1679,Yield,Dot Dot Finance,bsc:0x84c97300a190676a19D1E13115629A11f8482Bd1,DDD,11406986.180347305,166941.4985717143,dot-dot-finance,0.12587106236919454,0.2014849913599457,,,,
1320,Privacy,Railgun,0xe76c6c83af64e4c60245d8c7de953df673a7a33d,RAIL,11366131.575262468,27929579.30051982,railgun,0.24251737655949923,0.9447991035420971,,,-0.0008976660682226212,0.010440308669995462
1016,Privacy,Aztec,,-,11278087.964680787,,aztec,-0.03676839965737433,-0.28116103178815377,,,,
112,Yield Aggregator,Harvest Finance,0xa0246c9032bC3A600820415aE600c6388619A14D,FARM,11267607.960674806,18178606.57658004,harvest-finance,-0.0803662953339539,-0.12321127668929921,,,0.0006131207847946045,0.002662297767765718
2833,Launchpad,Juicebox V1,0x3abf2a4f8452ccc2cf7b4c1e4663147600646f66,JBX,11189759.442035628,,juicebox-v1,0.005058782219939939,0.0,,,-0.0006474587245063128,-0.006117192530585963
202,Dexes,Saddle Finance,0xf1dc500fde233a4055e25e5bbf516372bc4f6871,SDL,10941983.85006634,3317595.850539799,saddle-finance,-0.013007023022813535,0.0482489478907393,-0.1024,36.1508,0.007902735562310031,0.01968019680196802
200,Yield,Bella Protocol,0xa91ac63d040deb1b7a5e4d4134ad23eb0ba07e14,BEL,10929806.758796062,39141371.329907194,bella-protocol,-0.005034760241809932,0.0014168227044353277,,,-0.0015552099533437014,0.006795608991113434
518,Chain,Nuls,-,NULS,10913338.77,21833434.901027825,nuls,-0.04663692273815434,-0.02164064134222754,,,,
2540,Dexes,Megaton Finance,ton:EQB-cCOQDwerEnUD4-6xoYD0eL6_yC1zogAvA5GuXTF0iDIf,MEGA,10870279.055635002,,megaton-finance,-0.08491473843605857,-0.025001906922822892,0.056900000000000006,0.22940000000000002,,
622,Dexes,Clipper,-,-,10726614.058612248,,clipper,0.035657092350722674,0.025507751881052476,0.3848,1.2606,,
2921,NFT Lending,Blur Lending,0x5283d291dbcf85356a21ba090e6db59121208b44,BLUR,10559661.1593984,,blur-lending,0.4679732895703004,0.0,,,0.0029055108656501375,-0.013976108409273335
2436,NFT Lending,Arcade xyz,,-,10493133.823529676,,arcade-xyz,0.008576613186483062,-0.10728170628769684,,,,
1929,Liquid Staking,Algem,,-,10415815.51809978,,algem,-0.21039151140894263,-0.16763909369095997,,,,
2668,Dexes,Velocimeter V2,canto:0xb5b060055f0d1ef5174329913ef861bc3addf029,FLOW,10194253.111622788,,velocimeter-v2,-0.17854505267322884,0.8758089241390001,-0.1168,-0.5625,,
2196,Dexes,Uniswap V1,0x1f9840a85d5af5bf1d1762f925bdaddc4201f984,UNI,8135113.824222384,3736991413.253455,uniswap-v1,-0.004463307888138757,-0.019209996405526675,-0.37520000000000003,0.7583,0.003061939119529634,-0.015290731759313543
245,Chain,Secret Network,-,SCRT,7278869.749128945,109743234.33861972,secret-network,0.00014490176679582412,-0.06743554280985331,,,,
189,Dexes,1inch Network,0x111111111117dc0aa78b770fa6a738034120c302,1INCH,6148059.71362404,335191109.68279785,1inch-network,-0.1172926646878365,0.000608919061572788,,,0.002269137505283531,0.012495224397150369
2405,Launchpad,FlokiFi Locker,0xcf0c122c6b73ff809c693db761e7baebe62b6a2e,FLOKI,3996610.795853515,337054973.2168754,flokifi-locker,0.13489990338671465,0.23542370720032313,,,0.017346655564807106,0.02884008139779665
221,Dexes,Defi Swap,0xa0b73e1ff0b80914ab6fe0444e65848c4c34450b,CRO,2169120.4631679626,1680911168.5920022,defi-swap,-0.013547574524379824,0.022428651086312756,0.3671,0.5984,0.0012870489853539216,0.005487831697472282
237,Dexes,Swipe,0x8ce9137d39326ad0cd6491fb5cc0cba0e089b6a9,SXP,185447.11647835647,253832286.52434117,swipe,-0.025401716407249197,0.08761231190733576,,,0.0002630293465599519,0.0003006162633398467
255,Algo-Stables,Fei Protocol,0xc7283b66eb1eb5fb86327f08e1b5816b0720212b,TRIBE,5.907808896617777,137296416.67316595,fei-protocol,0.0038076806957827447,0.058453241256873456,,,0.00048209366391184575,0.00679187746898607
340,Reserve Currency,Olympus DAO,0x64aa3364F17a4D01c6f1751Fd97C2BD3D7e7f1D5,OHM,0.0,291582111.1317826,olympus-dao,0.0,0.0,,,0.0025699168556311412,0.015931372549019607
447,Yield,Illuvium,0x767fe9edc9e0df98e07454847909b5e959d7ca0e,ILV,0.0,235823213.91899174,illuvium,0.0,-0.5298281030828869,,,0.0027417746759720836,0.01770806982038958
456,Payments,Telcoin,polygon:0xdf7837de1f2fa4631d716cf2502f8b230f1dcc32,TEL,0.0,126469335.30466986,telcoin,0.0,0.0,,,,
921,Services,DAO Maker Vesting,0x0f51bb10119727a7e5ea3538074fb341f56b09ad,DAO,0.0,251432485.19941282,dao-maker-vesting,0.0,0.0,,,0.016800178015131288,0.03388200690084281
1065,Gaming,The Sandbox,0x3845badAde8e6dFF049820680d1F14bD3903a5d0,SAND,0.0,933490677.2877318,the-sandbox,0.0,0.0,,,0.0014860413534000362,0.00972764375839165
1339,Oracle,API3,0x0b38210ea11411557c13457d4da7dc6ea731b88a,API3,0.0,108565618.41843253,api3,0.0,0.0,,,0.0005812263876780006,0.0030102932608273452
1350,Yield,TreasureDAO,0xb0c7a3ba49c7a6eaba6cd4a96c55a1391070ac9a,MAGIC,0.0,181432012.23650724,treasuredao,0.0,0.0,,,-0.0018352833218628125,-0.004803293687099725
1905,Yield,Bitgert,bsc:0x8fff93e810a2edaafc326edee51071da9d398e83,BRISE,0.0,124014644.31419541,bitgert,0.0,0.0,,,,
2501,Services,Aragon,0xa117000000f279d81a1d3cc75430faa017fa5a2e,ANT,0.0,110839975.5377279,aragon,0.0,0.0,,,0.00233950319961467,0.015263451352104824
2502,Services,BitDAO,0x1a4b46696b2bb4794eb3d4c26f1c55f9170fa4c5,BIT,0.0,705458554.3717974,bitdao,0.0,0.0,,,0.019929453262786598,0.12318523913571255
2519,Services,ENS,0xc18360217d8f7ab5e7c516566761ea12ce7f9d72,ENS,0.0,266637852.80075672,ens,0.0,0.0,,,-0.00024791595649074964,0.0005582607077505195
2520,Services,Gnosis DAO,0x6810e776880c02933d47db1b9fc05908e5386b96,GNO,0.0,293751344.1292665,gnosis-dao,0.0,0.0,,,0.0017491395361959037,0.008578083281258876
2623,Oracle,Chainlink,0x514910771af9ca656af840dff83e8264ecf986ca,LINK,0.0,3395885566.4538884,chainlink,0.0,0.0,,,0.0012698197962754002,0.007797014574336233
2665,Yield,ApeCoin,0x4d224452801aced8b2f0aebe155379bb5d594381,APE,0.0,1239109534.6184404,apecoin,0.0,0.0,,,0.0026587986230923745,0.033585648128259545
2725,Staking Pool,Aptos,,APT,0.0,1570189870.605898,aptos,0.0,0.0,,,,
2726,Services,Canto,canto:0x826551890dc65655a0aceca109ab11abdbd7a07b,CANTO,0.0,102972147.33458589,canto,0.0,0.0,,,,
2785,Staking Pool,Arbitrum,,ARB,0.0,1381127157.845649,arbitrum,0.0,0.0,,,,
2786,Staking Pool,Bitcoin,,BTC,0.0,534846730436.7412,bitcoin,0.0,0.0,,,,
2788,Staking Pool,Moonbeam,,GLMR,0.0,185895578.55682528,moonbeam,0.0,0.0,,,,
