id,category,name,address,symbol,tvl,mcap,slug,TVL (7dma),TVL (1mma),Volume (7dma),Volume (1mma),Holders (7d delta),Holders (1m delta),Status,DAU_7DMA_PER,DAU_30DMA_PER,TX_7DMA_PER,TX_30DMA_PER,AVG_RETURNING_USERS_7D,AVG_RETURNING_USERS_30D,AVG_NEW_USERS_7D,AVG_NEW_USERS_30D
2269,CEX,Binance CEX,,-,59383639415.29425,,binance-cex,0.05018344966388155,-0.08316337079134883,,,,,1,-10.718138388000,-4.360018494500,-10.895577460300,-4.335105741700,252.100000,336.825000,134.066667,166.166667
182,Liquid Staking,Lido,0x5a98fcbea516cf06857215779fd812ca3bef1b32,LDO,14000522926.228447,1609290833.264289,lido,0.06376615489068849,0.0945267352912893,,,0.004672770246407129,0.04815486650416643,1,-10.656395442100,-2.356435147000,-10.240442253900,-2.524171005800,218.906250,256.959677,129.031250,146.048387
2272,CEX,OKX,,-,10258935761.05659,,okx,0.01003800471504479,0.019603989723707693,,,,,1,6.666640000000,0.077688881600,6.666640000000,0.158941266500,0.500000,2.058824,1.000000,3.588235
2275,CEX,Bitfinex,,-,9787519985.828766,,bitfinex,0.07511963435395774,-0.023800462489435237,,,,,No Data,,,,,,,,
118,CDP,MakerDAO,0x9f8f72aa9304c8b593d555f12ef6589cc3a579a2,MKR,6270103449.77767,614176419.5846474,makerdao,0.07380018609837413,-0.13509597195578804,,,-0.030413676656817223,-0.031711404091182144,1,-7.500785731100,-3.857216009600,-8.647495470200,-4.241630884400,1441.150000,1485.741935,913.325000,707.535484
2,Bridge,WBTC,,-,4806043966.21839,,wbtc,0.12354387510840059,-0.011563756477671938,,,,,1,-9.552910916100,-3.886385291000,-10.362809355100,-4.107259233800,101.791667,108.107527,132.541667,141.860215
3,Dexes,Curve DEX,0xD533a949740bb3306d119CC777fa900bA034cd52,CRV,3802013821.005615,,curve-dex,0.005550219381365684,-0.07059739757654515,-0.4794,0.6299,0.0031012875427380306,0.006337345710496787,1,-11.628742515000,-2.976711532700,-12.786573780900,-2.726980531700,132.736842,144.901316,60.605263,73.473684
494,Lending,JustLend,tron:TCFLL5dx5ZJdKnWuesXxi1VPwjLVmWZZy9,JST,3775603466.61959,199287405.35833985,justlend,0.06577752486450072,-0.02542484457711336,,,,,No Data,,,,,,,,
111,Lending,AAVE V2,0x7fc66500c84a76ad7e9c93437bfc5ac33e2ddae9,AAVE,3714569202.497425,824483400.2435037,aave-v2,0.07307540849620042,-0.0347973554105524,,,-0.06538070562566632,-0.06549655411770539,1,-5.435350078300,-1.619641153600,-8.430372574000,-2.055195671600,390.525000,403.432258,424.575000,251.406452
694,Bridge,JustCryptos,tron:TCFLL5dx5ZJdKnWuesXxi1VPwjLVmWZZy9,JST,3610020331.0,,justcryptos,0.11804447023727693,-0.023428818727465828,,,,,No Data,,,,,,,,
2286,CEX,Bybit,,-,3184468396.731418,,bybit,0.039123723281875744,0.01885974776211574,,,,,1,0.252397879900,2.476175337200,0E-12,2.465004260500,210.285714,412.066667,73.428571,1042.500000
2270,CEX,Crypto-com,,-,3154039319.6585026,,crypto-com,0.03223042225426864,-0.08243329124509025,,,,,1,0.854586531000,-1.506024096400,0.620540274100,-1.668039538700,76.375000,71.187500,79.375000,112.500000
2276,CEX,Huobi,,-,3135306804.55202,,huobi,0.06289137921982335,-0.0009799186295494922,,,,,1,0E-12,1.717210199500,0E-12,-0.395254545500,1.333333,1.294118,1.666667,5.000000
319,Yield,Convex Finance,0x4e3fbd56cd56c3e72c1403e103b45db9da5b9d2b,CVX,3028900173.5927176,290959388.4122884,convex-finance,0.03298800273736058,-0.02158982678648136,,,0.005261851576073467,0.026562579206164137,1,-12.098623853200,-1.991243701700,-11.329305136000,-1.788693105400,90.000000,99.383333,12.133333,16.166667
2198,Dexes,Uniswap V3,0x1f9840a85d5af5bf1d1762f925bdaddc4201f984,UNI,2802398467.4545813,,uniswap-v3,0.0471409853842224,-0.02667073211942861,0.0174,-0.11220000000000001,0.0021911533948741147,-0.04232498324940022,1,-8.600309093200,-5.519043609700,-10.497181235800,-5.121441184000,2514.400000,6077.658065,767.900000,1958.038710
2274,CEX,Kucoin,,-,2583084352.1083946,,kucoin,0.03100592344898634,-0.05984105617652569,,,,,1,-9.731373542800,-3.921568920100,-9.933774834400,-4.123430354700,50.062500,49.220339,61.250000,62.050847
2222,Liquid Staking,Coinbase Wrapped Staked ETH,,-,2122721313.7602167,,coinbase-wrapped-staked-eth,0.0702839636744994,-0.04403564806110327,,,,,1,-4.020324147900,-1.354993097600,-5.215570860800,-1.592189973000,5308.125000,3577.096774,4396.500000,3590.290323
120,Services,Instadapp,0x6f40d4a6237c257fff2db00fa0510deeecd303eb,INST,2029722495.3122666,24756285.326744888,instadapp,0.024023345097198057,-0.030240137577167925,,,-0.0002852253280091272,0.00028538812785388126,1,-6.060606060600,1.020407132400,4.347826087000,1.452695573600,2.600000,1.944444,2.800000,1.888889
2273,CEX,Deribit,,-,1951107013.8796933,,deribit,0.10081630218236448,-0.010394969631887463,,,,,No Data,,,,,,,,
900,Liquid Staking,Rocket Pool,0xd33526068d116ce69f19a9ee46f0bd304f21a51f,RPL,1822942308.0313184,748581092.6338735,rocket-pool,0.06938698320068704,0.12445611390280975,,,0.006012693463979512,0.06094410521371536,1,36.363623966900,0E-12,36.363623966900,0E-12,0.000000,0.100000,5.000000,2.200000
1599,Lending,AAVE V3,0x7fc66500c84a76ad7e9c93437bfc5ac33e2ddae9,AAVE,1822660626.2427883,,aave-v3,0.0970854316602161,0.14429665790418422,,,-0.06538070562566632,-0.06549655411770539,1,-5.435350078300,-1.619641153600,-8.430372574000,-2.055195671600,390.525000,403.432258,424.575000,251.406452
2314,CEX,Gate-io,,-,1667839073.5131977,,gate-io,0.032246511733236005,-0.1282312246273407,,,,,No Data,,,,,,,,
2352,CEX,Bitget,,-,1447557753.8482156,,bitget,0.005519612381985839,-0.015244847218054969,,,,,No Data,,,,,,,,
114,Lending,Compound,0xc00e94cb662c3520282e6f5717214004a7f26888,COMP,1355366817.669443,,compound,0.05748748614680199,0.0010310386209675393,,,0.0007497283421038896,-0.00046445717752216834,1,-10.880829015500,-2.902098586200,-10.712250712300,-2.839242975200,25.562500,27.387097,49.687500,62.193548
591,Bridge,Multichain,0x9Fb9a33956351cf4fa040f65A13b835A3C8764E3,MULTI,1329775732.2921057,68941871.3063357,multichain,-0.052324055948947734,-0.17324916331641582,,,0.0,0.0,1,-12.958715995600,-4.371138895100,-12.779466875700,-6.109016974500,47.888889,54.688889,19.022222,23.383333
691,CDP,JustStables,tron:TMwFHYXLJaRUPeW6421aqXL4ZEzPRFGkGT,USDJ,1254884419.2017791,0.0,juststables,0.011673827544290916,0.047571331832053865,,,,,No Data,,,,,,,,
194,Dexes,PancakeSwap AMM,bsc:0x0E09FaBB73Bd3Ade0a17ECC321fD13a19e81cE82,CAKE,1246791275.3246908,,pancakeswap-amm,0.006270569988947816,-0.2230188497796799,-0.1206,-0.5705,,,1,-8.261080949700,-2.598053391100,-9.836104789000,-3.457327717000,47921.500000,48214.806452,14346.750000,12416.774194
2197,Dexes,Uniswap V2,0x1f9840a85d5af5bf1d1762f925bdaddc4201f984,UNI,1178195844.7781801,,uniswap-v2,0.0688375269585575,-0.02350986384570586,1.541,-0.6739,0.0021911533948741147,-0.04232498324940022,1,-8.600309093200,-5.519043609700,-10.497181235800,-5.121441184000,2514.400000,6077.658065,767.900000,1958.038710
3075,CEX,MEXC,,-,1088141365.4419215,,mexc,0.07279265482280617,0.0,,,,,1,-2.162849872800,-3.080082357700,-2.109181141400,-3.043753757500,37.857143,19.500000,71.857143,27.666667
2611,Dexes,Balancer V2,0xba100000625a3754423978a60c9317c58a424e3d,BAL,927683698.2177103,,balancer-v2,0.05792591007169534,-0.12276118532788816,0.9714,1.9508,0.001093996149133555,-0.0023331370881576937,1,-10.528132550900,-2.841520368800,-11.080636313800,-2.831684005600,283.750000,328.241935,202.250000,283.637097
2293,CEX,Bitmex,,-,867046129.8281076,,bitmex,0.1090323080279001,-0.03989120337110885,,,,,1,-19.999986000000,-1.219502617500,-15.384598816600,-3.225803538000,,1.300000,,3.200000
270,CDP,Liquity,0x6DEA81C8171D0bA574754EF6F8b412F2Ed88c54D,LQTY,745301585.5779501,87130864.32881886,liquity,0.07322897597564015,-0.03085525562701652,,,-0.0013364219529579473,0.02271897810218978,1,-8.943089430900,-2.587209533400,-9.443631039500,-2.768866826100,65.875000,73.645161,32.125000,34.451613
212,Lending,Venus,bsc:0xcf6bb5389c92bdda8a3747ddb454cb7a64626c63,XVS,679854222.6288593,57797196.43495367,venus,0.06395585797079462,-0.1529491698824953,,,,,1,-10.499359795100,-2.728677759500,-11.446387614700,-2.627872716800,450.000000,526.129032,74.250000,123.580645
337,Derivatives,GMX,arbitrum:0xfc5A1A6EB076a2C7aD06eD22C90d7E710E35ad0a,GMX,624270244.8488003,468403562.9574801,gmx,0.08464028607769425,-0.13067584014971034,0.1393,-0.11779999999999999,,,1,-9.629629629600,-3.519730877200,-10.735250757200,-3.472507123800,1140.062500,1084.258065,209.562500,211.145161
2295,CEX,SwissBorg,,-,595140222.809047,,swissborg,0.0980053730660837,-0.03520550330443617,,,,,1,-11.111111111100,0E-12,-17.506631299700,-0.402413683700,9.571429,8.535714,4.714286,25.607143
1918,Yield,Aura,0xc0c293ce456ff0ed870add98a0828dd4d2903dbf,AURA,533293296.7271731,46454064.550630674,aura,0.09831624508470771,-0.12973359788941818,,,-0.001987083954297069,0.013366960907944515,1,-8.156606851500,-3.990701681600,-7.760532150800,-4.254188262000,53.250000,57.419355,17.125000,22.516129
2088,Lending,Compound V3,0xc00e94cb662c3520282e6f5717214004a7f26888,COMP,495191712.50700307,,compound-v3,-0.05585011400189255,-0.07021174063262903,,,0.0007497283421038896,-0.00046445717752216834,1,-10.880829015500,-2.902098586200,-10.712250712300,-2.839242975200,25.562500,27.387097,49.687500,62.193548
113,Yield Aggregator,Yearn Finance,0x0bc529c00C6401aEF6D220BE8C6Ea1667F6Ad93e,YFI,448670175.9794023,207842873.87685713,yearn-finance,0.07654171776347574,-0.012009102550880058,,,0.0023450852577606425,-0.03751765199801534,1,-17.704280205700,0.348551938300,-16.758655251800,0.319548099300,176.363636,148.418605,438.545455,393.488372
2221,Liquid Staking,Frax Ether,,-,430729706.69828254,,frax-ether,0.0944274631792299,0.1866494420901983,,,,,1,-4.949196656800,-1.701837817800,-8.745668571400,-2.389277243600,42.781250,34.268657,74.281250,44.835821
1571,Cross Chain,Stargate,0xaf5191b0de278c7286d6c7cc6ab6bb8a73ba2cd6,STG,404326764.2197688,119932985.0077495,stargate,0.015183002415030566,-0.06915276089735167,,,0.010745696588070223,0.057881729288298295,1,-11.297392389000,-3.007905819700,-11.787597026000,-3.110670335700,11943.937500,12688.811828,6901.375000,8676.752688
2305,CEX,MaskEX,,-,388393269.4980472,,maskex,0.09541115288207758,0.34499469782429903,,,,,1,-4.459459459500,-0.422385640200,-3.771929824600,-0.592630777600,67.375000,63.096774,21.000000,28.161290
2301,CEX,Korbit,,-,378308551.56079996,,korbit,0.09324698849110091,0.033858456229009404,,,,,No Data,,,,,,,,
690,Dexes,SUNSwap V1,tron:TSSMHYeV2uE9qYH95DqyoCuNCzEL1NvU3S,SUN,371011058.9984148,,sunswap-v1,0.007643317579008935,-0.08335492273526168,-0.3212,0.3159,,,No Data,,,,,,,,
1541,Bridge,Portal,,-,367873712.36,,portal,0.017863070117241975,0.13702460122312576,,,,,No Data,,,,,,,,
144,Derivatives,dYdX,0x92d6c1e31e14520e676a687f0a93788b716beff5,DYDX,356725528.80036205,307679910.89212185,dydx,0.03113882073640184,0.005096239751612108,,,0.006435399394039035,0.04857338618900798,1,-11.570561456800,-1.697811999800,-11.741059051800,-1.678892763000,146.625000,150.000000,144.750000,128.290323
119,Dexes,SushiSwap,0x6b3595068778dd592e39a122f4f5a5cf09c90fe2,SUSHI,353357942.6509355,129975349.05910689,sushiswap,0.049702847181090526,-0.1177532854184491,-0.293,-0.4073,0.0016489906441478188,0.00048545372585734597,1,-11.172959281000,-3.413191906200,-10.212712818200,-3.150471859600,493.104167,588.456989,746.958333,1083.564516
115,Synthetics,Synthetix,0xc011a73ee8576fb46f5e1c5751ca3b9fe0af2a6f,SNX,349353716.7619984,615791696.9956627,synthetix,0.06711428734928448,-0.07695323202882376,,,-0.007801673813654566,-0.022635912207915044,1,-7.818622877400,-4.400345091100,-10.862363216500,-5.746480950100,486.312500,517.564516,131.187500,125.790323
2168,Lending,Morpho Aave,0x9994e35db50125e0df82e4c2dde62496ce330999,MORPHO,311761717.58817524,,morpho-aave,0.05706093457516159,-0.030573108816067673,,,0.0009025270758122744,0.05418250950570342,1,-2.777793981500,-0.363843208800,-25.000000000000,-0.280192032600,1.500000,1.050000,1.500000,2.100000
2435,CEX,Nexo,,-,310578328.77247345,362973515.1198508,nexo,0.08202385911810794,-0.020607989697376983,,,,,1,-30.762331838600,-1.719105350300,-18.146995451300,-2.225567858400,36.750000,43.193548,59.750000,54.548387
1793,Indexes,Bwatch,0x045414e728067ab3da4bceafc0d992d59183463a,BOX,300617905.51,0.0,bwatch,0.13179328538792356,-0.013564604361271049,,,0.027777777777777776,0.027777777777777776,No Data,,,,,,,,
2995,Dexes,PulseX V1,pulse:0x95B303987A60C71504D99Aa1b13B4DA07b0790ab,PLSX,297922790.1738261,,pulsex-v1,0.11197876653502847,-0.13151561109969512,-0.35240000000000005,0.0,,,No Data,,,,,,,,
2769,Dexes,PancakeSwap AMM V3,bsc:0x0E09FaBB73Bd3Ade0a17ECC321fD13a19e81cE82,CAKE,288957426.75419086,,pancakeswap-amm-v3,0.05384153117170287,0.12837685111388542,-0.18359999999999999,-0.0562,,,1,-8.261080949700,-2.598053391100,-9.836104789000,-3.457327717000,47921.500000,48214.806452,14346.750000,12416.774194
1796,Bridge,Poly Network,,-,282840400.25,,poly-network,0.020055110072110693,-0.08024111882993379,,,,,1,2.857140285700,0.215531182600,1.298699881900,2.403333333300,1.000000,1.000000,1.000000,1.000000
148,Privacy,Tornado Cash,0x77777feddddffc19ff86db637967013e6c6a116c,TORN,279035593.2800773,5848859.926519041,tornado-cash,0.04524933505905859,0.015486540874733556,,,-0.0017864649012189996,-0.00010526315789473683,1,-10.704063447500,-1.785714285700,-12.841277452300,-1.948772327800,17.769231,22.510000,42.153846,33.220000
122,Insurance,Nexus Mutual,0xd7c49cee7e9188cca6ad8ff264c1da2e69d4cf3b,NXM,272804742.91456145,358642277.41574085,nexus-mutual,0.06831666614649556,-0.00978772406040107,,,0.0004911591355599214,-0.0014705882352941176,1,2.040828571400,1.802454694700,3.736258461500,2.446352371000,3.000000,5.833333,1.000000,1.000000
132,Bridge,hBTC,,-,271865454.21373004,,hbtc,0.13423106283191522,-0.014903852440209642,,,,,No Data,,,,,,,,
326,Yield Aggregator,Beefy,bsc:0xca3f508b8e4dd382ee878a314789373d80a5190a,BIFI,253870350.69395998,30527390.036453433,beefy,0.008453116339919742,-0.14634956591590886,,,,,1,-9.353218090500,-2.126074309700,-8.080244861200,-2.170135988300,31.176471,29.528736,6.294118,5.827586
2706,Lending,Radiant V2,arbitrum:0x3082CC23568eA640225c2467653dB90e9250AaA0,RDNT,243849191.5487303,,radiant-v2,0.08515894572267246,-0.04829706396975897,,,,,1,-10.330788804100,-2.596775936400,-10.391005442600,-2.719483411700,642.750000,709.774194,899.000000,885.580645
347,CDP,Abracadabra,0x090185f2135308bad17527004364ebcc2d37e5f6,SPELL,228823146.3614477,57145573.239370234,abracadabra,0.0925699493218608,-0.10398661181880897,,,0.0032089453486833395,-0.012279330336785877,1,-13.192612734500,-16.285119667000,-11.586313794000,-12.023142288900,19.047619,18.289474,11.571429,22.973684
1765,Launchpad,UniCrypt,0xadb2437e6f65682b85f814fbc12fec0508a7b1d0,UNCX,223427683.32322735,10173404.53188573,unicrypt,0.06371863638600117,-0.049733237337614256,,,0.0011997600479904018,0.00421179302045728,1,-4.339702420400,-2.395964705900,-5.317681833400,-2.915069607800,45.133333,50.442623,48.733333,57.409836
502,Yield,Coinwind,heco:0x80861a817106665bca173db6ac2ab628a738c737,COW,213370642.13660073,0.0,coinwind,0.03184798317165338,-0.01770411149492135,,,,,No Data,,,,,,,,
641,Liquidity manager,Arrakis V1,,-,196227831.83856747,,arrakis-v1,0.005402540353149243,-0.013096083666404912,,,,,1,,,,,,,,
1799,Dexes,Velodrome,optimism:0x3c8B650257cFb5f272f799F5e2b4e65093a11a05,VELO,189910102.83744994,20891140.360988688,velodrome,-0.055253836260533595,-0.16676026217418327,0.1938,-0.0751,,,1,-8.384491114700,-3.106269119700,-5.623711846100,-2.138787851300,1260.750000,1346.064516,157.000000,254.838710
2904,CDP,Lybra Finance,0xF1182229B71E79E504b1d2bF076C15a277311e05,LBR,188515206.9533237,10399002.91127376,lybra-finance,0.17136464215303016,4.2936253858197135,,,0.10412494993992791,0.9949348769898697,1,-6.472491909400,-2.612342700000,-7.880967952900,-2.386879478100,142.750000,151.483871,74.000000,110.677419
1807,Launchpad,PinkSale,bsc:0x602ba546a7b06e0fc7f58fd27eb6996ecc824689,PINKSALE,184082764.86117405,14819364.87001741,pinksale,0.03625008526686191,-0.007286341531138607,,,,,1,-11.113749703200,-2.982530963200,-10.449377368700,-3.227916303500,70.312500,80.129032,163.625000,176.951613
359,Algo-Stables,Frax,0x3432b6a60d23ca0dfca7761b7ab56459d9c964d0,FXS,183259392.13118258,,frax,0.044659819523167554,0.19528884508532585,,,-0.0818410839517941,-0.03685451039211485,1,-4.949196656800,-1.701837817800,-8.745668571400,-2.389277243600,42.781250,34.268657,74.281250,44.835821
657,Bridge,Synapse,0x0f2d719407fdbeff09d87557abb7232601fd9f29,SYN,181271402.00719056,125111778.51654431,synapse,0.028064798561684645,-0.11021790150679667,,,0.002637478570486615,0.021085146387322052,1,1.046081739000,-0.086211536100,-0.525489909700,-1.908362853300,109.125000,93.081081,824.625000,307.605405
277,Liquid Staking,StakeWise,0x48c3399719b582dd63eb5aadf12a40b4c3f52fa2,SWISE,178719480.05322826,22050208.100333434,stakewise,0.08519301506943333,0.005506886030065106,,,0.002081165452653486,-0.015337423312883436,1,-8.376963350800,-2.412867975400,-9.309309309300,-2.517702439000,16.250000,16.806452,5.625000,6.677419
231,Payments,Lightning Network,,-,166370706.8550679,,lightning-network,0.14920488817280275,-0.013175300065064843,,,,,1,-2.777777777800,0.265251742400,0E-12,0.667175442100,,2.714286,,1.428571
704,Dexes,Chainge Finance,fusion:0xed0294dbd2a0e52a09c3f38a09f6e03de2c44fcf,CHNG,164415533.6043356,40667986.33006122,chainge-finance,0.020914915953982538,-0.0175526144979673,0.5924,-0.1465,,,No Data,,,,,,,,
831,Dexes,VVS Finance,cronos:0x2D03bECE6747ADC00E1a131BBA1469C15fD11e03,VVS,150410612.7064161,99781120.52531326,vvs-finance,0.00729182404952855,-0.11473694891155617,0.2555,-0.1255,,,No Data,,,,,,,,
3113,CEX,Okcoin,,-,150209732.11790854,,okcoin,-0.01739318870099582,0.0,,,,,No Data,,,,,,,,
1217,Liquid Staking,Parallel Liquid Crowdloan,,-,144732283.08381024,,parallel-liquid-crowdloan,0.08002202665966274,-0.11003546942257858,,,,,1,,,,,,,,
278,Liquid Staking,Ankr,0x8290333cef9e6d528dd5618fb97a76f268f3edd4,ANKR,140396166.10580447,218098571.90119445,ankr,0.05890947823745574,-0.11600002817453758,,,0.004065800542106739,0.0005821399464431249,1,-2.131672514600,-0.326562775900,-1.751291723600,0.497445259800,30.461538,28.862385,19.076923,29.366972
1166,Dexes,DefiChain DEX,,DFI,137793122.9030748,261425465.61779317,defichain-dex,0.12002753595333338,-0.1455849481921354,0.1066,-0.4604,,,1,-10.000018000000,-0.444426666700,0E-12,-3.589753846200,,,,
2914,Liquid Staking,Binance staked ETH,,-,134766677.2455681,,binance-staked-eth,0.08527623497412495,-0.0032415253856773463,,,,,No Data,,,,,,,,
2076,Lending,Fraxlend,,-,133785247.55378404,,fraxlend,0.07421661218616182,0.07449255059480842,,,,,1,0E-12,-5.263137950100,0E-12,-35.606054545500,0.333333,0.545455,1.000000,1.090909
2369,CEX,Phemex,,-,133500378.48063013,,phemex,0.030312219507945493,0.3050881289051044,,,,,No Data,,,,,,,,
2542,RWA,Ondo Finance,,-,130080579.09188834,,ondo-finance,-0.05793113000929584,0.03278183391284073,,,,,1,11.111133333300,-3.557309090900,16.666650000000,-3.859308212100,1.000000,1.357143,1.000000,1.857143
383,Dexes,Osmosis DEX,,OSMO,127339666.13078609,310595074.14770746,osmosis-dex,0.06457062743196884,-0.17349277458803658,-0.0513,-0.0159,,,No Data,,,,,,,,
467,Lending,Benqi Lending,avax:0x8729438eb15e2c8b576fcc6aecda6a148776c0f5,QI,127283347.15559496,23788978.648874436,benqi-lending,0.09889535264760685,-0.06129955711953983,,,,,1,-8.821104699100,-3.778213684900,-8.263836239600,-3.306719881400,187.750000,222.806452,88.750000,93.483871
2616,Yield,Conic Finance,0x9ae380f0272e2162340a5bb646c354271c0f5cfc,CNC,126329174.15448152,,conic-finance,0.007035042708893213,0.22038595284647133,,,0.00245398773006135,0.08691796008869179,1,0.886697931000,-0.017293255300,0.131060550500,0.824773671800,12.142857,16.500000,6.142857,8.366667
1981,Bridge,Orbit Bridge,eth:0x662b67d00A13FAf93254714DD601F5Ed49Ef2F51,ORC,126141448.46952355,0.0,orbit-bridge,0.009319160230343071,-0.07931890274961839,,,,,1,,,,,,,,
3005,Dexes,SUNSwap V2,tron:TSSMHYeV2uE9qYH95DqyoCuNCzEL1NvU3S,SUN,125673229.87751688,,sunswap-v2,0.0036179220504901632,-0.15937711501767093,-0.0412,-0.655,,,No Data,,,,,,,,
1115,Lending,Tectonic,cronos:0xeAdf7c01DA7E93FdB5f16B0aa9ee85f978e89E95,TONIC,123497581.00395466,31216552.971664812,tectonic,0.0034017409733182458,-0.005600138924919507,,,,,No Data,,,,,,,,
2414,NFT Marketplace,Blur Bids,0x5283d291dbcf85356a21ba090e6db59121208b44,BLUR,122786416.81110863,248345722.7600473,blur-bids,0.06799501128126106,0.017375653344046338,,,-0.001769107556958091,0.002328484324739546,1,-8.382197103500,-2.196794258800,-8.716120011800,-2.029151379400,2785.750000,3007.096774,456.375000,466.967742
279,Liquid Staking,StakeHound,0x160b1e5aabfd70b2fc40af815014925d71ceed7e,-,122620374.39601743,0.0,stakehound,0.08403132863949425,-0.01427262136819929,,,0.0,0.0,1,,,,,,,,
1879,Liquid Staking,Acala LCDOT,acala:-,ACA,120580798.75136766,,acala-lcdot,0.08008863564416147,-0.14672060098237594,,,,,No Data,,,,,,,,
2313,CEX,Firi,,-,118292839.56942968,,firi,0.0918526633883443,0.0044825527730480985,,,,,No Data,,,,,,,,
801,Bridge,cBridge,,CELR,117262827.25690927,94770959.0453373,cbridge,0.020339139801802908,-0.11992184283631457,,,,,1,-10.805027272800,-5.154740872500,-9.945007513400,-6.676630065800,34.510638,46.508108,36.340426,57.497297
140,Lending,Kava Lend,,HARD,115911608.87676086,16678593.694993736,kava-lend,0.13310668108704804,0.16316669268869877,,,,,No Data,,,,,,,,
382,Yield,Pendle,0x808507121b80c02388fad14726482e061b8da827,PENDLE,114913836.66864187,61046123.50416535,pendle,0.1204340748801902,0.415858508194471,,,0.02583507306889353,0.09346314325452017,1,-6.680636065600,0.001432171200,-6.404936711200,-0.010779979700,150.312500,199.564516,322.687500,322.000000
373,Dexes,BiSwap,bsc:0x965f527d9159dce6288a2219db51fc6eef120dd1,BSW,114767911.9031802,34461928.81666768,biswap,0.01698851755275288,-0.21690279054380135,-0.35840000000000005,0.2346,,,1,-15.493796526100,-2.656860754800,-13.932404506400,-2.509110443000,900.500000,1190.838710,163.750000,230.967742
1773,NFT Lending,BendDAO Lending,0x0d02755a5700414B26FF040e1dE35D337DF56218,BEND,114437150.8606998,,benddao-lending,-0.0485016477011716,-0.09883559794460262,,,-0.008219439931186085,-0.006795558958652374,1,5.971659919000,2.779923207900,1.880257298400,0.631364561200,112.375000,76.225806,18.500000,9.645161
116,Dexes,Balancer V1,0xba100000625a3754423978a60c9317c58a424e3d,BAL,111033802.07295223,,balancer-v1,0.07516137738476814,-0.10871667781914851,-0.4682,0.6659,0.001093996149133555,-0.0023331370881576937,1,-11.111111111100,-2.325567712300,-9.090909090900,-5.172422681300,0.500000,0.750000,2.000000,1.500000
1167,Synthetics,DefiChain Loans,,DFI,108660971.83077614,,defichain-loans,0.09659310777151209,0.0300277690462325,,,,,1,-10.000018000000,-0.444426666700,0E-12,-3.589753846200,,,,
484,Liquid Staking,Marinade Finance,solana:MNDEFzGvMt87ueuHvVU9VcTqsAP5b3fTGPsHuuPA5ey,MNDE,106985278.54823658,13382926.773855055,marinade-finance,0.12624063360964888,0.012737606077978691,,,,,No Data,,,,,,,,
2292,CEX,Cake DeFi,,-,105385509.53190677,,cake-defi,0.09727190394269813,-0.041436655780901055,,,,,No Data,,,,,,,,
2237,Bridge,Axelar,0x467719ad09025fcc6cf6f8311755809d45a5e5f3,AXL,104509629.34736712,125348240.44190168,axelar,0.3033795460203057,0.21744644423271065,,,0.009474590869939707,0.056173024932412136,1,-13.858695652200,-3.239434621100,-11.450818733500,-2.383059582700,10.529412,12.349206,4.823529,5.984127
177,Services,DefiSaver,,-,101296209.82113367,,defisaver,0.07875118695566852,-0.1776546973109534,,,,,1,5.555566666700,0E-12,10.833321958300,0E-12,,0.000000,,1.000000
580,Dexes,SashimiSwap,0xC28E27870558cF22ADD83540d2126da2e4b464c2,SASHIMI,96261705.54448105,1093739.9077194426,sashimiswap,0.08368171974450189,2.4538165252926287,,,-0.001215066828675577,0.00040567951318458417,1,0E-12,0E-12,0E-12,0E-12,1.000000,0.500000,1.000000,1.250000
2346,CEX,WOO X,,-,95135996.50937298,,woo-x,0.1765944098992216,-0.11396768511978173,,,,,1,,,,,,,,
412,Dexes,Thorchain,thorchain:0x0000000000000000000000000000000000000000,RUNE,94545781.77787766,293320825.58668417,thorchain,0.10422486436823752,-0.10423852961126956,,,,,1,-8.943089430900,-3.160271464800,-10.714285714300,-3.214888854200,11.714286,11.034483,3.857143,3.482759
508,Dexes,KlaySwap,,KSP,93524291.35245393,0.0,klayswap,0.029057259044604766,-0.08663676943955656,0.5820000000000001,0.3012,,,No Data,,,,,,,,
126,Dexes,Loopring,0xbbbbca6a901c926f240b89eacb641d8aec7aeafd,LRC,93209799.01198104,302141313.1312563,loopring,0.06592375924843696,-0.13137975623266396,,,-0.0129538951476768,-0.02356264323232802,1,3.731113166800,2.266736994800,-1.317258316600,1.145368044000,93.250000,85.870968,327.250000,227.032258
1864,Launchpad,Team Finance,0xCC4304A31d09258b0029eA7FE63d032f52e44EFe,SWAP,91845589.91323783,18439856.269466016,team-finance,0.04306888987383184,-0.09801420724477028,,,-0.0010891551268087756,-0.004342431761786601,1,-3.571452678600,-1.671471060800,-8.646608349800,-1.519552565600,1.750000,4.607143,3.250000,2.821429
1044,Liquid Staking,Stader,0x30d20208d987713f46dfd34ef128bb16c404d10f,SD,89578638.85245194,22276386.32622933,stader,0.09281447178186197,-0.14184658209110135,,,-0.0010194978972855868,0.015414507772020726,1,-10.468821119700,-2.030918160300,-10.431893687700,-2.045471286400,60.562500,73.532258,62.375000,82.854839
2415,Liquid Staking,OKC Liquid Staking,,-,89518358.20578986,,okc-liquid-staking,0.04816934268392714,0.0024233070048067518,,,,,No Data,,,,,,,,
1427,Liquid Staking,Benqi Staked Avax,,-,89512263.52964999,,benqi-staked-avax,0.10834786757691273,-0.09023598618946183,,,,,1,-8.821104699100,-3.778213684900,-8.263836239600,-3.306719881400,187.750000,222.806452,88.750000,93.483871
431,Dexes,SUN.io,tron:TSSMHYeV2uE9qYH95DqyoCuNCzEL1NvU3S,SUN,87698161.07205383,53945946.4329057,sun.io,-0.014949042653122024,-0.01691172788775208,,,,,No Data,,,,,,,,
504,Algo-Stables,Mento,,-,86900643.96244425,244375932.02333713,mento,0.04268875194652666,-0.1844660475747567,,,,,No Data,,,,,,,,
2111,Lending,UwU Lend,0x55C08ca52497e2f1534B59E2917BF524D4765257,UWU,86023335.9343817,37702365.25177341,uwu-lend,0.08904351209997152,0.15166225608572637,,,-0.0022988505747126436,-0.0022988505747126436,1,-5.333333333300,-3.673469237800,-4.191616766500,-3.469383744300,8.200000,6.727273,2.600000,1.772727
355,Liquidity manager,Gamma,0x6bea7cfef803d1e3d5f7c0103f7ded065644e197,GAMMA,85830602.96452758,10217856.671422275,gamma,0.023791395501796764,-0.12076039539336436,,,-0.005405405405405406,-0.016543649783659964,1,-4.114738838300,-3.406326168600,-6.090025981100,-3.063864911300,31.590909,35.565217,26.181818,28.913043
2807,RWA,MatrixDock,0x530824DA86689C9C17CdC2871Ff29B058345b44a,STBT,85352631.037122,0.0,matrixdock,0.07085812773895328,0.0485966596902081,,,0.04938271604938271,0.21428571428571427,No Data,,,,,,,,
797,Dexes,Katana DEX,,-,83906446.2162566,,katana-dex,0.09454011739087131,0.022345600226908235,0.111,0.44310000000000005,,,No Data,,,,,,,,
2307,Dexes,Camelot V2,arbitrum:0x3d9907F9a368ad0a51Be60f7Da3b97cf940982D8,GRAIL,81867067.85100949,,camelot-v2,0.04610259027412589,-0.07356221948165531,0.6567000000000001,-0.6512,,,1,-14.685221114600,-5.016974191100,-23.925438025600,-3.285137460000,1266.250000,1579.967742,327.750000,658.322581
753,RWA,RealT Tokens,,-,80765934.07861392,,realt-tokens,0.005988036312735812,0.03487842378258832,,,,,No Data,,,,,,,,
135,CDP,Kava Mint,,-,79109839.83170527,,kava-mint,0.11877084905209734,-0.0167306097602814,,,,,No Data,,,,,,,,
225,Indexes,Enzyme Finance,0xec67005c4e498ec7f55e092bd1d35cbc47c91892,MLN,75889121.43468066,25877300.376377918,enzyme-finance,0.08379992949773074,-0.03676136132286356,,,0.00013844662882458813,-0.009189411603346591,1,,,,,,,,
2190,Yield,Sushi BentoBox,0x6b3595068778dd592e39a122f4f5a5cf09c90fe2,SUSHI,74949323.20950732,,sushi-bentobox,0.06481335541070421,-0.052829297307654066,,,0.0016489906441478188,0.00048545372585734597,1,-7.619047619000,-1.650171870900,-8.547008547000,-1.385038815700,0.375000,0.700000,11.750000,9.166667
266,Indexes,Set Protocol,,-,74574408.44034413,,set-protocol,0.06660813307563185,-0.06372342250895313,,,,,1,-22.641509434000,-0.873361564400,-21.428571428600,-0.458715145000,3.750000,5.894737,1.750000,2.000000
435,Cross Chain,Hop Protocol,0xc5102fe9359fd9a28f877a67e36b0f050d81a3cc,HOP,73725159.82751319,5098564.6472897455,hop-protocol,-0.04228439325011579,-0.1496158543666556,,,-0.0012854388345354567,0.0025089605734767025,1,-6.051481301600,-2.408069550400,-8.271369753600,-3.508127169800,194.812500,176.927419,107.437500,107.088710
306,Dexes,Quickswap Dex,polygon:0x831753dd7087cac61ab5644b308642cc1c33dc13,QUICK,71563070.1260435,21549890.650754567,quickswap-dex,0.04520487166155207,-0.12383083830559793,-0.45630000000000004,-0.0748,,,1,-10.180924163100,-2.123646500400,-8.041939203200,-2.797499921200,690.500000,699.660377,495.083333,356.716981
2517,NFT Lending,ParaSpace Lending,,-,70056490.18294165,,paraspace-lending,-0.04961586216518721,-0.2540161240744512,,,,,1,-6.311637080900,-3.846153348900,-7.653383934200,-4.250000216800,60.428571,57.966667,5.714286,10.800000
345,Leveraged Farming,Alpaca Leveraged Yield Farming,bsc:0x8f0528ce5ef7b51152a59745befdd91d97091d2f,ALPACA,69373856.50430943,23104889.437591225,alpaca-leveraged-yield-farming,-0.09830663774295312,-0.49118412925173704,,,,,1,-7.377866400800,-3.747927247700,-7.276368491300,-4.482693231200,84.875000,122.612903,31.250000,64.612903
2121,Dexes,Frax Swap,,-,68358032.34920597,,frax-swap,0.06898135543982553,-0.007269935313237164,-0.1344,-0.16690000000000002,,,1,-12.941176470600,-2.525683596200,-12.568306010900,-1.875514442500,4.583333,4.017241,2.750000,4.344828
204,Synthetics,Alchemix,0xdBdb4d16EdA451D0503b854CF79D55697F90c8DF,ALCX,67907952.86718076,27335934.350999158,alchemix,0.05358048282312389,0.13533082270856767,,,0.003991683991683992,0.0044093178036605655,1,-10.354604255300,-0.874633251500,-7.680308771900,-0.490194777600,7.000000,6.428571,2.500000,1.785714
2728,Dexes,SyncSwap,,-,67125620.83695999,,syncswap,0.020012585099436153,0.5476885576623625,,,,,1,0E-12,-2.702723740000,0E-12,-1.886773869700,1.333333,0.833333,1.666667,1.500000
243,Yield Aggregator,Flamincome,0x57dD84042ec9507963016596A34EdaD42F7e4CCE ,FLAG,64897244.24261379,,flamincome,0.07348021366427693,-0.01027161720802694,,,,,No Data,,,,,,,,
2266,Yield Aggregator,Kava Earn,,-,64177516.73754523,,kava-earn,0.26051524041516383,0.044585286628993304,,,,,No Data,,,,,,,,
2262,Liquid Staking,Kava Liquid,,-,64060729.79518536,,kava-liquid,0.26118343490158,0.04389669929179063,,,,,No Data,,,,,,,,
2205,CDP,Pando Leaf,,-,62635584.31927696,,pando-leaf,0.12103085867281682,-0.026835033018767773,,,,,1,0E-12,0.781242126500,-0.543478260900,-0.243306569300,5.600000,5.222222,1.600000,1.555556
2311,CEX,CoinDCX,,-,62479105.4873523,,coindcx,0.11642464351969517,-0.02884887380307144,,,,,No Data,,,,,,,,
2678,Lending,Alpaca Lending,bsc:0x8f0528ce5ef7b51152a59745befdd91d97091d2f,ALPACA,61587853.74726525,,alpaca-lending,-0.27917379820022314,0.058456413589100364,,,,,1,-7.377866400800,-3.747927247700,-7.276368491300,-4.482693231200,84.875000,122.612903,31.250000,64.612903
249,Yield,StakeDAO,0x73968b9a57c6e53d41345fd57a6e6ae27d6cdb2f,SDT,61584537.66222494,21908141.03313946,stakedao,0.17537066549826452,-0.021352306687220768,,,-0.0002444390124663896,0.0029426189308484553,1,-4.098363800100,-1.420336153800,-7.311317257000,-2.758824022000,10.000000,11.108108,1.857143,2.432432
425,Yield,Tranchess Yield,bsc:0x20de22029ab63cf9A7Cf5fEB2b737Ca1eE4c82A6,CHESS,61219306.083049074,17187719.71176748,tranchess-yield,0.08304846117707854,0.018904669074880198,,,,,No Data,,,,,,,,
2906,Dexes,Joe V2.1,avax:0x6e84a6216ea6dacc71ee8e6b0a5b7322eebc0fdd,JOE,61070999.16721298,,joe-v2.1,0.0829585680167082,0.3370338741242047,0.22649999999999998,1.0976000000000001,,,No Data,,,,,,,,
951,Dexes,4Swap,,-,60262021.993585914,,4swap,0.06791327401586256,-0.04357702350443304,-0.1807,-0.0023,,,No Data,,,,,,,,
1087,Lending,Algofi Lend,,-,59025703.56420886,,algofi-lend,0.06277591370673852,-0.2635791282531197,,,,,No Data,,,,,,,,
172,Indexes,Index Coop,0x0954906da0Bf32d5479e25f46056d22f08464cab,INDEX,58453460.10838872,8604812.763128424,index-coop,0.09642493748227521,-0.05863598248095114,,,0.0008131734092295182,0.006542629319157636,1,0E-12,-0.444437807400,1.020416409800,-0.772202702700,3.000000,3.931034,2.000000,3.344828
3068,CDP,Raft,,-,58331119.19167604,,raft,0.20987407084968424,2561.774968564602,,,,,1,-14.102564102600,-0.727276711400,-12.500000000000,-0.624996271500,2.625000,2.272727,5.750000,10.090909
1108,Leveraged Farming,Gearbox,0xba3335588d9403515223f109edc4eb7269a9ab5d,GEAR,58060538.80994925,5545923.0076388335,gearbox,-0.03652390704796582,-0.159479810574103,,,-0.001722158438576349,0.0009593246354566384,1,-9.205020920500,-3.901894297000,-8.470588235300,-3.823720380100,20.714286,19.533333,9.857143,9.100000
2907,Dexes,Chronos,arbitrum:0x15b2fb8f08E4Ac1Ce019EADAe02eE92AeDF06851,CHR,57535772.60365833,0.0,chronos,-0.06115898282716903,-0.456703201963799,-0.1916,-0.5659000000000001,,,1,0E-12,-6.554184292000,0E-12,-8.860768723000,0.000000,2.000000,1.000000,1.500000
2994,CDP,crvUSD,0xD533a949740bb3306d119CC777fa900bA034cd52,CRV,57244299.422440514,,crvusd,0.2708774104952192,4.630294819468921,,,0.0031012875427380306,0.006337345710496787,No Data,,,,,,,,
160,Yield,Homora V2,0xa1faa113cbe53436df28ff0aee54275c13b40975,ALPHA,57144676.1092561,96924657.51940748,homora-v2,0.051986615699430194,-0.0231185187355869,,,0.0033385498174230573,0.007437670228367903,1,-3.159345850100,0.338154556700,-4.953919754300,0.392943896000,,4.000000,,1.000000
1995,Dexes,Bancor V3,0x1f573d6fb3f13d689ff844b4ce37794d79a7ff1c,BNT,57000849.808850266,,bancor-v3,0.060690969991431976,-0.12361930099905805,0.1649,0.0868,0.000356787889599633,-0.002084657429769925,1,4.347826087000,0.837359464800,7.865168539300,0.527897719600,4.600000,5.166667,1.600000,1.833333
1544,Yield,Concentrator,ethereum:0xb3Ad645dB386D7F6D753B2b9C3F4B853DA6890B8,CTR,55724659.067736,0.0,concentrator,-0.00982713464613949,-0.0155805946303601,,,,,1,-4.247102702700,-0.145898319000,-4.105094252900,0.230237848200,6.500000,7.640000,2.666667,2.360000
302,Dexes,SpookySwap,fantom:0x841fad6eae12c286d1fd18d1d525dffa75c7effe,BOO,54220675.71579358,8727551.668700883,spookyswap,0.0772348906166862,-0.2549058825875632,0.054400000000000004,-0.2945,,,No Data,,,,,,,,
449,CDP,QiDao,polygon:0x580a84c73811e1839f75d86d75d88cca0c241ff4,QI,53366915.2573413,3266503.0385045493,qidao,0.10038324926707132,-0.08702761064402853,,,,,1,-5.049959279800,-2.286997484100,-6.976125924400,-2.146181746100,42.050000,43.651163,30.900000,25.197674
1018,Derivatives,Gains Network,polygon:0xe5417af564e4bfda1c483642db72007871397896,GNS,53286216.38671854,121689830.2712432,gains-network,-0.01773549203118674,-0.04691193878420874,,,,,1,-6.658420944100,-4.093737380600,-15.672469573300,-7.553765967200,192.750000,215.774194,90.250000,50.241935
2901,Liquid Staking,Swell,,-,52805723.38685334,,swell,0.23462610372527148,1.5414003598112673,,,,,1,-13.477366255100,-12.383778209600,-12.592592592600,-12.259092636700,63.875000,90.741935,41.250000,52.129032
2239,Dexes,Quickswap V3,polygon:0xb5c064f955d8e7f38fe0460c556a72987494ee17,QUICK,52520133.057021335,,quickswap-v3,0.028848351260319927,-0.10090323740145757,-0.308,-0.1868,,,1,-7.871720116600,-2.829898556300,-12.850095111400,-1.886126029500,139.625000,172.870968,97.375000,132.838710
1700,Dexes,Wombat Exchange,bsc:0xad6742a35fb341a9cc6ad674738dd8da98b94fb1,WOM,51455961.59476893,4067092.3612825493,wombat-exchange,-0.07803309264127734,-0.33779585701976755,-0.4705,-0.20170000000000002,,,1,-5.343511450400,-3.748488562600,-8.356545961000,-3.835858731800,15.571429,17.700000,19.428571,8.733333
1928,Services,CIAN,,-,51198106.079119995,,cian,0.10361037136403062,0.2411787153859677,,,,,1,-8.012820512800,-3.218389133600,2.688953488400,1.232777915000,5.000000,4.135593,14.714286,16.898305
2298,CEX,Coinsquare,,-,51070612.385851786,,coinsquare,0.23994445990877367,-0.45594048858534875,,,,,No Data,,,,,,,,
2231,RWA,Tangible,polygon:0x49e6a20f1bbdfeec2a8222e052000bbb14ee6007,TNGBL,50524156.78225601,0.0,tangible,0.1937068310564134,0.40399433529025064,,,,,1,-16.714285714300,-0.534046391300,-15.110683349400,0.715243588400,39.125000,22.935484,33.750000,25.129032
1494,Dexes,Minswap,cardano:asset1d9v7aptfvpx7we2la8f25kwprkj2ma5rp6uwzv,MIN,50083473.0168115,0.0,minswap,0.06441002368954707,0.020091212547279413,-0.2523,1.578,,,No Data,,,,,,,,
143,Payments,Flexa,0xff20817765cb7f73d4bde2e66e067e58d11095c2,AMP,49504736.957174666,119843459.02138068,flexa,0.06064317368820071,-0.2603159984697021,,,0.0017426726062757998,-0.051130208709467745,1,,,,,,,,
331,Lending,MoneyOnChain,rsk:0x9AC7fE28967B30E3A4e6e03286d715b42B453D10,MOC,49016497.68340174,,moneyonchain,0.14435644746394605,-0.006334794313383019,,,,,No Data,,,,,,,,
854,Dexes,xExchange,elrond:MEX-455c57,MEX,48466633.53234903,21413416.502133854,xexchange,0.08311173021841367,-0.05816333389610673,-0.12,-0.2758,,,No Data,,,,,,,,
654,Dexes,Beethoven X,fantom:0xf24bcf4d1e507740041c9cfd2dddb29585adce1e,BEETS,48266837.59153476,3566066.813312203,beethoven-x,-0.008042745521089079,-0.29289525479062495,-0.24,-0.114,,,1,-5.000000000000,-5.011386674500,-9.090909090900,-4.752853974300,8.375000,10.517241,3.500000,3.206897
2254,Derivatives,MUX Protocol,0x4e352cf164e64adcbad318c3a1e222e9eba4ce42,MCB,47432183.74105467,55303554.41767605,mux-protocol,0.12694968035739507,0.0952740798130034,,,-0.0035511363636363635,0.0,1,-8.814352211600,-2.602957932100,-9.455894103000,-3.079065078100,135.333333,121.389831,20.200000,13.118644
2949,Liquid Staking,CRETH2,0x2ba592F78dB6436527729929AAf6c908497cB200,CREAM,47219551.80751118,,creth2,0.08435290367329284,0.001003570113361052,,,0.0003354954148959964,-0.0010051373687737324,1,-31.297709923700,-2.375811858500,-20.809248554900,-4.329608974800,9.666667,11.296296,3.166667,4.592593
1901,Launchpad,DxSale,0xF063fE1aB7a291c5d06a86e14730b00BF24cB589,DX,46296315.206626974,774241.6387874226,dxsale,0.014444347766318977,-0.23046551942136662,,,-0.009836065573770493,-0.011995637949836425,No Data,,,,,,,,
1207,Cross Chain,Across,0x44108f0223A3C3028F5Fe7AEC7f9bb2E66beF82F,ACX,46157578.00307954,9565603.365665266,across,0.031635737982403045,0.01925579091277485,,,-0.008589511754068717,0.015748031496062992,1,-9.920449227900,-3.044871378600,-11.200068137300,-2.617813809200,34.933333,41.459016,28.833333,27.868852
2921,NFT Lending,Blur Lending,0x5283d291dbcf85356a21ba090e6db59121208b44,BLUR,43773570.5226636,,blur-lending,0.15063257743285918,1.4505844386557971,,,-0.001769107556958091,0.002328484324739546,1,-8.382197103500,-2.196794258800,-8.716120011800,-2.029151379400,2785.750000,3007.096774,456.375000,466.967742
2038,CDP,Helio Protocol,bsc:0x0782b6d8c4551B9760e74c0545a9bCD90bdc41E5,HAY,43146257.22045909,38569266.898240395,helio-protocol,0.012701261895176952,-0.16412808711699245,,,,,1,-7.916241062300,-2.771393716300,-8.674787744600,-3.547451935000,182.500000,167.774194,42.875000,64.225806
2537,Lending,Flux Finance,,-,42191616.48705526,,flux-finance,-0.046832636844589826,0.1409006076972823,,,,,1,-5.714285714300,-3.921580943200,-11.111111111100,-4.838716666700,4.666667,3.409091,2.000000,2.000000
2644,Dexes,Maverick Protocol,,-,42167680.81394198,,maverick-protocol,0.17771123334269845,0.6137324550915872,-0.07780000000000001,0.6748999999999999,,,1,-11.056105610600,-4.088669406900,-10.615079365100,-4.076167949900,23.500000,19.354839,43.875000,43.451613
1453,Lending,EOS REX,eos:eos,EOS,42059102.14700625,806391308.8008851,eos-rex,0.06586682447033132,-0.17788568716576425,,,,,No Data,,,,,,,,
123,Lending,dForce,0x431ad2ff6a9c365805ebad47ee021148d6f7dbe0,DF,41475081.13387002,18340969.4240027,dforce,0.03815467653270721,-0.03815309261773381,,,0.0004428697962798937,-0.001326259946949602,1,0E-12,0E-12,0E-12,0E-12,0.000000,0.000000,1.000000,1.000000
150,Yield Aggregator,Idle,0x875773784Af8135eA0ef43b5a374AaD105c5D39e,IDLE,41450653.635740116,1453152.7508936196,idle,0.008773685848814106,0.2740689884567138,,,0.0015919342000530645,0.0007953340402969247,1,0E-12,0E-12,0E-12,0E-12,,,,
612,Lending,Vires Finance,waves:DSbbhLsSTeDg5Lsiufk2Aneh3DjVqJuPr2M9uU1gwy5p,VIRES,40869988.19376773,3426720.6802701512,vires-finance,-0.010010292676781551,-0.0502562774222729,,,,,No Data,,,,,,,,
1772,Derivatives,ApolloX,bsc:0x78F5d389F5CDCcFc41594aBaB4B0Ed02F31398b3,APX,40753721.26357326,15644923.101392932,apollox,-0.0032998081202634255,0.002380610006555317,,,,,1,-7.692307692300,-2.557544404200,-8.732394366200,-2.512562579200,46.000000,47.903226,14.000000,13.548387
2020,Lending,Silo Finance,0x6f80310ca7f2c654691d1383149fa1a57d8ab1f8,SILO,39685212.52697253,10333470.974562101,silo-finance,0.051639243228790876,0.07022105947341739,,,-0.0006226650062266501,-0.0006226650062266501,1,-1.587311111100,0.430725879000,2.127659574500,0.984855936000,3.500000,3.275862,1.333333,2.620690
2864,Dexes,THENA FUSION,bsc:0xf4c8e32eadec4bfe97e0f595add0f4450a863a11,THE,38649718.11028209,,thena-fusion,0.028056764964653258,0.19041598615689526,-0.3667,0.8934000000000001,,,1,0E-12,-1.400580282300,0E-12,-1.400580282300,0.200000,0.095238,2.800000,2.190476
3121,Dexes,PearlFi,,-,36389930.36482914,,pearlfi,0.2533301080384227,0.0,0.7164,0.0,,,No Data,,,,,,,,
304,Dexes,Flamingo Finance,,FLM,36071027.52727935,35527260.83272111,flamingo-finance,0.10228459690483627,-0.13837913790785028,4.7236,1.2801,,,No Data,,,,,,,,
146,Dexes,DODO,0x43Dfc4159D86F3A37A5A4B3D4580b888ad7d4DDd,DODO,35962534.65434869,42744512.65281421,dodo,0.0064060582036002955,-0.10235050435494453,0.24170000000000003,0.5326,0.002734663710273466,0.007500371305510174,1,-17.007028866300,-3.681144055500,-10.956274779200,-3.544394249700,78.700000,119.976190,37.100000,52.785714
2142,Lending,Sonne Finance,optimism:0x1db2466d9f5e10d7090e7152b68d62703a2245f0,SONNE,35750027.422001235,5109431.754486126,sonne-finance,0.14064789177552495,-0.04370938732545915,,,,,1,-14.733542319700,-2.098796801700,-8.577405857700,-2.376882415100,100.500000,104.290323,35.500000,19.096774
283,Dexes,Orca,solana:orcaEKTdK7LKz57vaAYr9QeNsVEPfiu6QeMU1kektZE,ORCA,35487622.58663176,12993346.754435793,orca,0.03430451745208596,-0.06060610894161245,-0.38060000000000005,-0.1307,,,No Data,,,,,,,,
173,Yield Aggregator,Badger DAO,0x3472A5A71965499acd81997a54BBA8D852C6E53d,BADGER,35293335.14999999,43733788.996421546,badger-dao,0.06655845737109223,-0.07324709387244266,,,0.00016046213093709883,-0.017527820686611392,1,-10.570824524300,-0.578292037600,-9.580838323400,-1.471618736000,37.875000,35.870968,15.000000,36.225806
2950,Yield Aggregator,Origin Ether,,-,35098053.04644721,,origin-ether,0.3068549348229064,4.265135580112469,,,,,1,-11.677282377900,-1.989149850500,-12.746234067200,-1.548672897700,28.375000,26.838710,23.625000,25.612903
547,Bridge,pNetwork,0x89ab32156e46f46d02ade3fecbe5fc4243b9aaed,PNT,34919182.930151515,7991621.942472214,pnetwork,-0.07658862547096257,0.028201119700051125,,,0.0007354486236604329,0.0059140352729960925,1,-17.187500000000,-1.818178231400,-16.666666666700,-2.272732762700,4.857143,4.818182,2.571429,3.500000
1853,Lending,Moonwell Artemis,moonbeam:0x511aB53F793683763E5a8829738301368a2411E3,WELL,34656359.03205076,2644604.6947292234,moonwell-artemis,0.07449540761597206,-0.01454828512218087,,,,,No Data,,,,,,,,
1619,NFT Lending,JPEG'd,0xe80c0cd204d654cebe8dd64a4857cab6be8345a3,JPEG,34621319.292114094,23385828.35459575,jpegd,0.03490034011293042,0.028380492911509902,,,0.003572137328835086,-0.004919323101141283,1,-4.285714285700,-2.074691091800,-7.234042553200,-1.865671756900,12.571429,11.500000,5.714286,4.033333
2461,Bridge,Ad-Astra Bridge,,-,34575553.67927694,,ad-astra-bridge,0.02735840381798571,-0.14946165213843798,,,,,No Data,,,,,,,,
1882,Dexes,Ferro,cronos:0x39bC1e38c842C60775Ce37566D03B41A7A66C782,FER,34017562.74311969,16386345.621551722,ferro,-0.0634782233177017,0.001372613447766513,-0.26739999999999997,0.2115,,,No Data,,,,,,,,
2251,Liquid Staking,Stride,,STRD,34017322.743567795,100626490.68863732,stride,0.06136925853292263,0.05918542633044632,,,,,No Data,,,,,,,,
2433,CDP,Inverse Finance FiRM,0x41d5d79431a913c4ae7d69a668ecdfe5ff9dfb68,INV,33817044.847599894,8955439.366135899,inverse-finance-firm,0.400004816575523,2.2915917070011615,,,0.0021002100210021,0.012734990903577926,1,-11.055276381900,-2.321981543000,-9.042553191500,-2.749999696500,18.000000,17.900000,4.125000,2.800000
3083,Yield,PenPie,,-,33724525.75999658,,penpie,0.03504187068847031,0.0,,,,,1,9.973041509400,0E-12,10.874197014900,0E-12,7.400000,7.294118,2.200000,4.705882
207,Insurance,Unslashed,0xe0e05c43c097b0982db6c9d626c4eb9e95c3b9ce,USF,33622714.08131067,464012.1947334989,unslashed,0.07026066996350888,-0.012419162919218518,,,-0.0033715441672285905,-0.004043126684636119,1,-6.250000000000,0E-12,0E-12,0E-12,,8.000000,,1.333333
2607,Algo-Stables,Frax FPI,0xc2544a32872a91f4a553b404c6950e89de901fdb,FPIS,33128661.398550093,40208120.06784542,frax-fpi,0.007393600062340022,0.661222411063993,,,0.0025020850708924102,-0.007841518778373916,No Data,,,,,,,,
2626,Liquid Staking,ether.fi,,-,32639397.48721393,,ether.fi,-0.055254966541587125,-0.1662294223879054,,,,,No Data,,,,,,,,
2615,Dexes,KyberSwap Elastic,0xdefa4e8a7bcba345f687a2f1456f5edd9ce97202,KNC,32481741.159490563,,kyberswap-elastic,-0.02286960596963372,13.637655058841007,-0.0791,61.9492,0.005314854682454252,0.006127120926474549,1,,,,,,,,
208,Yield Aggregator,ACryptoS,bsc:0x4197c6ef3879a08cd51e5560da5064b773aa1d29,ACS,32442332.782860003,2085283.094729303,acryptos,0.07456235371389752,-0.2825257046155195,,,,,1,,,,,,,,
234,Lending,Notional,0xcfeaead4947f0705a14ec42ac3d44129e1ef3ed5,NOTE,32424905.768519226,5883829.202428108,notional,0.021325202065899163,0.12260727027049656,,,-0.001913265306122449,-0.0006385696040868455,1,-6.024096385500,-1.025654803400,-1.587301587300,0.273972044300,12.750000,5.941176,1.500000,1.588235
334,Dexes,MDEX,bsc:0x9c65ab58d8d978db963e63f2bfb7121627e3a739,MDX,32362295.275884427,60148340.11141598,mdex,-0.012599461540228618,-0.21016539273447832,-0.3038,0.2402,,,1,-9.670079635900,-2.801189668400,-10.044642857100,-2.912785723500,72.875000,81.516129,26.375000,44.967742
1023,CDP,Overnight USD+,,-,32349017.99155592,,overnight-usd+,-0.05511309120719177,0.007146350929065459,,,,,1,-7.597988727400,-2.724981001300,-7.470088898800,-2.607756683600,37.184211,43.496644,42.631579,51.899329
2309,CDP,Indigo,cardano:asset1u8caujpkc0km4vlwxnd8f954lxphrc8l55ef3j,INDY,32335364.21846921,21016529.285234634,indigo,0.10985414225793,0.12073270169875072,,,,,No Data,,,,,,,,
2707,Services,SPL Governance,,-,32260169.803085685,,spl-governance,0.0009100090111133774,-0.0007057339051200762,,,,,No Data,,,,,,,,
149,Lending,B.Protocol,0xbbBBBBB5AA847A2003fbC6b5C16DF0Bd1E725f61,BPRO,32183001.287190948,3620581.045816724,b.protocol,-0.0415233044913772,0.048687155720890996,,,-0.0007446016381236039,-0.008862629246676515,No Data,,,,,,,,
506,Yield,Tetu Earn,polygon:0x255707b70bf90aa112006e1b07b9aea6de021424,TETU,32104207.800800126,,tetu-earn,0.04033481860497257,-0.11535387452815948,,,,,1,4.054059678600,-0.359631923900,2.941180507500,-1.010702629800,4.400000,4.631579,1.400000,1.578947
458,Lending,Solend,solana:SLNDpmoWTVADgEdndyvWzroNL7zSi1dF9PC3xHGtPwp,SLND,31658762.54138559,12379866.978951408,solend,0.07036499025732978,0.3341606865793625,,,,,No Data,,,,,,,,
468,Dexes,Trader Joe DEX,avax:0x6e84a6216ea6dacc71ee8e6b0a5b7322eebc0fdd,JOE,31166404.738606833,,trader-joe-dex,0.0737979831733353,-0.2633795261344518,-0.4722,-0.031,,,1,-11.611465162600,-3.102202455500,-11.195874981100,-3.266921359700,2516.833333,3097.301075,2291.208333,3506.752688
2235,Liquid Staking,Algo Liquid Governance,,-,31010147.002400503,,algo-liquid-governance,0.09670158035914223,-0.23027163248536187,,,,,No Data,,,,,,,,
3117,Dexes,Astroport,terra:terra1nsuqsk6kh58ulczatwev87ttq2z6r3pusulg9r24mfj2fvtzd4uq3exn26,ASTRO,30893717.39336747,6240554.810800643,astroport,0.2051417091600911,0.0,,,,,No Data,,,,,,,,
265,CDP,Reflexer,0x6243d8cea23066d098a15582d81a598b4e8391f4,FLX,30565721.698038813,11189478.54442485,reflexer,0.06930604676977792,-0.04456532734237395,,,-0.003125,-0.0019908987485779293,1,1.420466070500,0.693550127500,-3.206805269200,0.088901764300,1.266667,1.660377,1.466667,1.886792
190,Indexes,dHEDGE,0xca1207647ff814039530d7d35df0e1dd2e91fa84,DHT,30539822.98178553,4758105.148819868,dhedge,-0.003326882402640563,-0.03392958898291909,,,-0.0008415147265077138,-0.0036363636363636364,1,-12.000014560000,-0.869556597400,-9.677410613900,0E-12,2.000000,3.769231,1.333333,1.461538
275,Liquid Staking,SharedStake,0x84810bcf08744d5862b8181f12d17bfd57d3b078,SGT,30008469.684764057,851401.1093189133,sharedstake,0.08438881409339438,-0.014393402949896994,,,0.0,-0.0017006802721088435,1,25.000000000000,0E-12,28.571446938800,0E-12,0.500000,0.600000,2.000000,1.400000
438,Yield,Tokemak,0x2e9d63788249371f1dfc918a52f8d799f4a38c94,TOKE,29945197.011686474,10951650.34573521,tokemak,0.057021318579627556,-0.13590678390012756,,,-0.002675137936799866,0.0005031868500503186,1,-12.727272495900,-1.758743354300,-14.662758271800,-1.957458447100,24.000000,24.086957,2.000000,2.739130
643,Lending,Geist Finance,fantom:0xd8321AA83Fb0a4ECd6348D4577431310A6E0814d,GEIST,29152745.028083507,3419897.2895879378,geist-finance,0.07936367644599751,-0.307703516810918,,,,,No Data,,,,,,,,
1433,Yield Aggregator,Jones DAO,arbitrum:0x10393c20975cf177a3513071bc110f7962cd67da,JONES,28948575.05374545,6596090.047779521,jones-dao,-0.002207011942892967,-0.07524658006069118,,,,,1,-6.204379562000,-2.449409418600,-5.383022774300,-2.051983735000,18.400000,15.173913,6.300000,3.652174
944,Dexes,Platypus Finance,avax:0x22d4002028f537599be9f666d1c4fa138522f9c8,PTP,28917926.96339069,1900567.1788449842,platypus-finance,0.05139383623240934,-0.1380192559663147,-0.005,0.47200000000000003,,,1,-10.759493670900,-3.373015281100,-10.508083140900,-3.281701174500,57.000000,61.517241,2.833333,3.448276
2968,Yield,GND Protocol,arbitrum:0xd67a097dce9d4474737e6871684ae3c05460f571,GND,28805772.43469769,6206776.309973476,gnd-protocol,0.1652130315141438,0.05251859332350661,,,,,1,-10.739436619700,-5.230869121300,-12.351190476200,-5.752330291900,48.625000,66.967742,14.750000,27.709677
2169,Dexes,BabyDogeSwap,bsc:0xc748673057861a797275CD8A068AbB95A902e8de,BabyDoge,28747772.65444476,245842237.98970348,babydogeswap,0.0023366713619188406,-0.21839546243831287,14.8134,6.49,,,1,-1.875834445900,-2.320698403600,-3.951993572400,-3.608057978400,868.750000,567.516129,968.625000,573.000000
2539,Indexes,unshETH,0xe60779cc1b2c1d0580611c526a8df0e3f870ec48,USH,28599848.205315784,7133521.004993212,unsheth,-0.007561998971341799,-0.05067797478176683,,,0.007679180887372013,0.09554730983302412,1,-5.189620758500,-3.413142673600,-7.585139318900,-3.686635714300,10.000000,12.355932,21.200000,19.576271
1523,Liquid Staking,KLAYstation,,-,28515901.31,,klaystation,0.10756883631129965,-0.007751486743570846,,,,,No Data,,,,,,,,
2255,NFT Lending,NFTfi,,-,28511917.867641296,,nftfi,0.005097010463179119,0.08406628517316905,,,,,1,-4.582651391200,-3.798421002900,-1.468097120300,-4.117041577900,68.714286,78.133333,3.285714,4.500000
1556,Bridge,Terra Bridge,,-,28420109.836531185,,terra-bridge,-0.09785671498039517,-0.20825803306791524,,,,,1,,,,,,,,
2395,Derivatives,Level Finance,bsc:0xB64E280e9D1B5DbEc4AcceDb2257A87b400DB149,LVL,28182932.221661292,32953744.95296532,level-finance,0.14800688274890983,-0.1721849613467884,0.2167,0.020099999999999996,,,1,-9.231865977500,-2.067645703900,-9.422085646300,-3.065665345000,414.250000,464.645161,222.375000,294.709677
520,Synthetics,Youves,tezos:KT1Xobej4mc6XgEjDoJoHtTKgbD1ELMvcQuL,YOU,28169451.67262148,2219543.2843316076,youves,0.043950533407214554,0.07632073737169476,,,,,No Data,,,,,,,,
217,Cross Chain,Connext,,-,27849573.708356287,,connext,-0.01067557852428136,0.16150268115201305,,,,,1,-5.109489051100,-6.140281463700,-3.947641803400,-7.422322484700,69.540541,107.708609,136.513514,126.735099
1878,Derivatives,ApeX Protocol,0x52a8845df664d76c69d2eea607cd793565af42b8,APEX,27613203.21216853,7432754.902202637,apex-protocol,0.035889437595048035,0.10210042048898682,,,0.004132231404958678,0.02100840336134454,1,-6.100795756000,-0.996374825200,-6.537890044600,-1.700679877600,26.625000,20.548387,17.625000,14.709677
1181,Dexes,MojitoSwap,kcc:0x2ca48b4eea5a731c2b54e7c3944dbdb87c0cfb6f,MJT,27566724.426700402,0.0,mojitoswap,0.010510613261592416,-0.05002933840425361,-0.1845,0.3507,,,No Data,,,,,,,,
503,Options,Lyra,optimism:0x50c5725949a6f0c72e6c4a641f24049a917db0cb,LYRA,27452558.42565883,29818809.869734734,lyra,-0.012968135814849457,0.015445006513832071,-0.3392,-0.0673,,,1,8.108108108100,0.971433764200,8.108108108100,1.169284354400,3.285714,4.074074,1.714286,1.740741
276,Liquid Staking,Stafi,0xef3A930e1FfFFAcd2fc13434aC81bD278B0ecC8d,FIS,27036821.00726312,16600336.589660292,stafi,0.035682759626950666,-0.08375395900410076,,,0.005889777029869584,0.019616204690831557,1,6.296297218100,2.278680706400,5.191245731400,2.299122788300,2.500000,3.103448,1.333333,2.000000
1525,Yield,Vector Finance,avax:0x5817d4f0b62a59b17f75207da1848c2ce75e7af4,VTX,26863344.77917945,1025591.9767254558,vector-finance,0.05477952243502826,-0.1480113414743991,,,,,1,0E-12,3.174571428600,0E-12,-3.703733333300,0.000000,0.111111,1.000000,1.333333
3027,Lending,Alpaca Finance 2.0,bsc:0x8f0528ce5ef7b51152a59745befdd91d97091d2f,ALPACA,26798262.709387604,,alpaca-finance-2.0,0.029743654856700275,0.27559281241195643,,,,,1,-7.377866400800,-3.747927247700,-7.276368491300,-4.482693231200,84.875000,122.612903,31.250000,64.612903
636,Derivatives,Keep3r Network,0x1ceb5cb57c4d4e2b2433641b95dd330a33185a44,KP3R,26747722.791277837,27086066.03722379,keep3r-network,-0.0017371187033189406,-0.12059826469872859,,,0.0016690204134035178,0.003989190580362888,1,-17.391304347800,-0.734521102900,-13.802083333300,-1.578585106400,21.750000,23.965517,6.750000,7.275862
475,Yield Aggregator,Yield Yak Aggregator,avax:0x59414b3089ce2af0010e7523dea7e2b35d776ec7,YAK,26570027.163438343,3006941.532458054,yield-yak-aggregator,0.06274329527067768,-0.25758900206744473,,,,,1,-9.161624892000,-3.026315859200,0.567423231000,-0.708277954800,52.000000,56.451613,79.375000,86.193548
1952,RWA,Lofty,,-,26324538.650409997,,lofty,1.6106767486423479e-06,-0.012074283448149092,,,,,No Data,,,,,,,,
1491,Bridge,RelayChain,0x5d843fa9495d23de997c394296ac7b4d721e841c,RELAY,26152096.655958936,762046.2206194154,relaychain,0.15743579175278422,0.0007128067421895423,,,-0.001984126984126984,-0.004945598417408506,1,-1.851851851900,-0.884967648200,-0.534759358300,-0.355032538100,5.000000,4.160000,2.833333,3.720000
214,Dexes,Raydium,4k3Dyjzvzp8eMZWUXbBCjEvwSkkk59S5iCNLY3QrkX6R,RAY,25755899.233725876,41024053.3043534,raydium,0.04892694920620633,-0.08882680593123327,-0.3508,0.3091,,,1,-22.222222222200,-35.384631574000,-43.750000000000,-27.710836478400,0.000000,1.333333,1.000000,1.444444
1466,Dexes,ALEX,stacks:SP3K8BC0PPEVCV7NZ6QSRWPQ2JE9E5B6N3PA0KBR9,ALEX,25673912.60000026,57389395.93968124,alex,0.2744304753226863,-0.09990685335741445,-0.6496999999999999,-0.5710000000000001,,,No Data,,,,,,,,
1985,Dexes,Canto Dex,,-,25424984.871645216,,canto-dex,-0.2486809745982691,-0.3979170029757704,-0.4296,-0.4391,,,No Data,,,,,,,,
183,Lending,Wing Finance,,WING,25423881.482999995,17145796.56254883,wing-finance,0.049396633704963167,-0.08715239288435905,,,,,No Data,,,,,,,,
1883,Dexes,iZiSwap,0x9ad37205d608B8b219e6a2573f922094CEc5c200,IZI,25295385.15132236,,iziswap,-0.018748284242910307,0.0434181089283483,-0.3873,-0.4654,0.0020693222969477496,0.009379885356956748,1,,,,,,,,
246,Dexes,Pangolin,avax:0x60781C2586D68229fde47564546784ab3fACA982,PNG,25272507.794914626,4735007.38529388,pangolin,0.04689461702385489,-0.20248309518217766,0.1354,0.13419999999999999,,,1,-9.647058823500,-1.938674383300,-8.202734244700,-2.522108453100,236.875000,226.774194,147.125000,93.032258
281,Options Vault,Ribbon,0x6123b0049f904d730db3c36a31167d9d4121fa6b,RBN,24988226.118442334,,ribbon,-0.0004182675905305411,-0.10531320742449368,,,0.003949967083607637,0.013513513513513513,1,-14.096916299600,-1.039262466300,-22.520107238600,-0.913938074500,23.166667,22.586207,5.833333,6.241379
2099,Dexes,OKCSwap,,-,24883529.055244796,,okcswap,0.029673806306724115,-0.025286707271450992,0.031400000000000004,-0.19269999999999998,,,No Data,,,,,,,,
1501,Bridge,Octus Bridge,everscale:0:f2679d80b682974e065e03bf42bbee285ce7c587eb153b41d761ebfd954c45e1,BRIDGE,24883394.828360066,4777664.883018286,octus-bridge,0.21993895860251556,0.6634019160913869,,,,,No Data,,,,,,,,
954,Lending,REX Staking,,-,24680688.639809467,,rex-staking,0.02266337520595796,-0.059091104645714765,,,,,1,-4.433496551700,1.851851851900,-3.376621818200,1.791044983300,14.200000,20.680000,1.600000,9.400000
2226,Yield,Wombex Finance,bsc:0xa75d9ca2a0a1D547409D82e1B06618EC284A2CeD,WMX,24589762.904300656,1582958.4021380136,wombex-finance,-0.05467166604362439,-0.4835466408226723,,,,,1,-6.712564543900,-3.351548308300,-34.406294706700,-3.686721051100,30.437500,37.790323,3.437500,5.000000
397,Dexes,ShibaSwap,0x9813037ee2218799597d83d4a5b6f3b6778218d9,BONE,24472212.786504935,199513064.12135002,shibaswap,0.09894806617450147,-0.10560983094656962,0.21239999999999998,-0.3685,0.0016446366571237132,-0.002753283927856684,1,-16.826265389900,-1.608852558700,-14.875655943400,-1.661112961200,220.750000,262.548387,83.250000,141.870968
2654,Yield,ParaSpace APE Staking,,-,24289842.9985793,,paraspace-ape-staking,0.09459018604064151,-0.40177376447492763,,,,,1,-6.311637080900,-3.846153348900,-7.653383934200,-4.250000216800,60.428571,57.966667,5.714286,10.800000
1955,Lending,Parallel Lending,,-,24238423.956194445,,parallel-lending,0.08186877712641083,-0.11435848765889933,,,,,1,,,,,,,,
2417,Dexes,THENA V1,bsc:0xf4c8e32eadec4bfe97e0f595add0f4450a863a11,THE,24022019.857524853,5192017.017694469,thena-v1,0.02251290362430214,-0.3710394705345508,-0.1536,-0.1837,,,1,0E-12,-1.400580282300,0E-12,-1.400580282300,0.200000,0.095238,2.800000,2.190476
1738,Liquid Staking,Bifrost Liquid Staking,kusama:-,BNC,23776337.594320748,3788392.6392586087,bifrost-liquid-staking,0.1030638634081229,-0.33412995929822464,,,,,1,10.344827586200,-2.391532450900,11.196908108100,-2.597396272600,3.000000,3.000000,2.666667,1.833333
2844,CDP,Sovryn Zero,rsk:0xEfC78FC7D48B64958315949279bA181C2114abbD,SOV,23741929.98039419,,sovryn-zero,0.14721763735925508,-0.007788824745083911,,,,,No Data,,,,,,,,
2554,Yield,BendDAO APE Staking,0x0d02755a5700414B26FF040e1dE35D337DF56218,BEND,23683437.186274294,,benddao-ape-staking,0.07995390429407845,0.27360224347907725,,,-0.008219439931186085,-0.006795558958652374,1,5.971659919000,2.779923207900,1.880257298400,0.631364561200,112.375000,76.225806,18.500000,9.645161
2727,Dexes,Mute.io,era:0xa49d7499271ae71cd8ab9ac515e6694c755d400c,MUTE,23237892.918408822,21521411.878536075,mute.io,0.1247824361911829,0.6414599443261075,-0.0177,0.7071,,,1,-5.418717241400,-0.317033960500,-6.493506493500,0.083855973600,3.571429,6.333333,3.285714,5.500000
626,CDP,Reserve,0x8762db106b2c2a0bccb3a80d1ed41273552616e8,RSR,23216808.579508528,118457566.4294103,reserve,0.05294249537385487,0.41395156295853064,,,0.0,0.0,1,-14.529914529900,-0.756081034200,-18.697916666700,-0.733913756600,43.875000,44.741935,43.625000,52.645161
660,Options,Dopex,0xeec2be5c91ae7f8a338e1e5f3b5de49d07afdc81,DPX,22878339.419298455,31508275.27798523,dopex,0.08161664046368422,-0.059281399463881446,,,0.0007426661715558856,0.002604166666666666,1,-7.498295841900,-2.818181815600,-5.720430107500,-3.443409655300,93.500000,88.516129,76.125000,49.419355
3103,RWA,Maple RWA,0x33349b282065b0284d756f0577fb39c158f935e6,MPL,22801863.64621091,,maple-rwa,0.029561040822168705,0.0,,,0.004017531044558071,0.024981357196122298,1,-7.766990291300,-4.519770877900,-7.638888888900,-4.415587605000,7.250000,9.290323,4.625000,7.064516
507,Dexes,DefiBox,bsc:0x708c0e1d2417603d9acb0ae04fefbb93a7a322ff,BOX,22644355.390755083,2489723.958072814,defibox,0.023050056787667694,-0.14707453278206517,-0.7011,-0.311,,,No Data,,,,,,,,
573,Lending,Liqee,,LQE,22620247.38837263,,liqee,0.01879607111037207,-0.043456095469086464,,,,,No Data,,,,,,,,
2885,Yield,Asymetrix Protocol,0x67d85A291fcDC862A78812a3C26d55e28FFB2701,ASX,22285889.8170085,,asymetrix-protocol,0.20594873591857676,2.1861597599309266,,,0.10989010989010989,0.6031746031746031,1,6.666666666700,-0.833349861100,7.999978400000,-0.675689097900,0.600000,0.600000,1.000000,1.200000
1660,Dexes,Swappi,conflux:0x22f41abf77905f50df398f21213290597e7414dd,PPI,22135990.96639066,0.0,swappi,0.23085853137031154,-0.12648959428772133,0.8972,-0.3765,,,No Data,,,,,,,,
2535,Bridge,tBTC,0xcdf7028ceab81fa0c6971208e83fa7872994bee5,T,21789843.91609864,0.0,tbtc,0.14525818066306817,0.11350965250347489,,,0.008001422475106686,0.043438247745260436,1,0E-12,-1.183050701100,0E-12,0.909100000000,1.857143,1.529412,2.285714,1.941176
427,Yield Aggregator,Origin Dollar,,-,21750660.762330756,,origin-dollar,-0.13918782116719042,-0.2758863890655333,,,,,1,-11.677282377900,-1.989149850500,-12.746234067200,-1.548672897700,28.375000,26.838710,23.625000,25.612903
398,Dexes,ApeSwap AMM,bsc:0x603c7f932ed1fc6575303d8fb018fdcbb0f39a95,BANANA,21663645.57581096,,apeswap-amm,0.001961104665942237,-0.2041808570996031,-0.0446,3.7302,,,1,-3.391445511000,-2.743522044300,-6.589157115300,-2.287065410500,100.681818,118.717647,47.909091,29.541176
251,CDP,Mimo Protocol,0x90b831fa3bebf58e9744a14d638e25b4ee06f9bc,MIMO,21478221.228028696,12115159.812060643,mimo-protocol,0.13544024827196366,-0.010770297184165556,,,0.0017218289649894778,0.003257328990228013,1,3.401352381000,2.499220412800,3.225806451600,2.704057748500,3.500000,2.785714,2.250000,2.071429
117,Bridge,RenVM,0x408e41876cccdc0f92210600ef50372656052a38,REN,21177573.806531053,63132616.86398844,renvm,0.13267183085515843,-0.1628154220200213,,,0.001551027142975002,-0.046587607005418995,1,,,,,,,,
1881,Indexes,Toros,,-,20775091.499553125,,toros,-0.017744695055796234,-0.02923433431779665,,,,,No Data,,,,,,,,
162,Dexes,Bancor V2.1,0x1f573d6fb3f13d689ff844b4ce37794d79a7ff1c,BNT,20575064.15718776,,bancor-v2.1,0.06013677139686524,-0.0938583593430744,-0.7099,-0.2852,0.000356787889599633,-0.002084657429769925,1,-14.285714285700,-3.669715933000,-9.677419354800,-1.793717569200,2.000000,2.916667,1.500000,1.333333
1303,Lending,Iron Bank,fantom:0x00a35FD824c717879BF370E70AC6868b95870Dfb,IB,20519110.279675588,225202.13623026168,iron-bank,0.052568474962234824,-0.054363385030416156,,,,,1,-9.909909017100,-3.999986240000,-9.090910000000,-3.152366845000,5.833333,4.103448,2.833333,1.965517
1272,Bridge,ioTube,,-,20510508.686157066,0.0,iotube,0.08768618849688448,-0.35320612143378394,,,,,No Data,,,,,,,,
2622,Lending,Mare Finance,kava:0xd86C8d4279CCaFbec840c782BcC50D201f277419,MARE,20225830.342113663,,mare-finance,0.09172544075848355,-0.4251976833804352,,,,,No Data,,,,,,,,
519,Dexes,Tezos Liquidity Baking,tezos:KT1TxqZ8QtKvLu3V3JH7Gx58n7Co8pgtpQU5,-,20166583.271474786,,tezos-liquidity-baking,0.10364542793594445,0.008650952438107318,,,,,No Data,,,,,,,,
3091,Yield,Equilibria,arbitrum:0xbfbcfe8873fe28dfa25f1099282b088d52bbad9c,EQB,20060790.392411657,4864220.379192949,equilibria,1.4612397434807236,0.0,,,,,1,0E-12,0E-12,0E-12,0E-12,,0.000000,,2.750000
329,Dexes,Sovryn Dex,rsk:0xEfC78FC7D48B64958315949279bA181C2114abbD,SOV,20001097.196079995,13173198.47862127,sovryn-dex,0.10602750214681977,-0.08174630802614802,,,,,No Data,,,,,,,,
2992,CDP,Gravita Protocol,,-,19749107.741670355,,gravita-protocol,0.06497054128064894,0.7894557799713908,,,,,1,2.325581395300,-3.313246515300,4.054054054100,-3.767126305400,3.571429,5.607143,2.000000,5.464286
2456,Liquidity manager,Bunni,0xfd0205066521550d7d7ab19da8f72bb004b4c341,LIT,19727066.278128035,,bunni,0.056104149616612586,1.1503344926029557,,,0.0,-0.01998001998001998,1,5.502386697300,-4.732827976000,2.272725000000,-5.090137476900,13.500000,11.606061,4.000000,6.575758
2385,Lending,Exactly,,-,19708799.59667293,,exactly,0.0344045033658853,0.03893514752975702,,,,,1,-28.610729023400,-2.501530819900,-25.066904549500,-2.336875112400,126.111111,296.631579,46.444444,275.500000
285,Options,Opyn Gamma,,-,19478117.141530756,,opyn-gamma,0.023939250117195332,-0.11469615232371044,,,,,1,-9.375000000000,-2.265377655200,-15.662650602400,-1.917812803200,4.500000,4.461538,2.750000,6.346154
151,Dexes,Rhino.fi,0xdddddd4301a082e62e84e43f474f044423921918,DVF,19321350.231534768,16986071.135717105,rhino.fi,-0.5917737493670836,0.9582215058711705,,,0.0,0.0021208907741251328,1,-4.000000000000,-1.219509889900,-3.621169916400,-3.375314361100,1.750000,1.400000,3.000000,2.000000
220,Yield Aggregator,Vesper,0x1b40183efb4dd766f11bda7a7c3ad8982e998421,VSP,19170353.071747653,2229823.021910903,vesper,0.0547179972020726,0.21385983791099972,,,0.00011664528169835531,-0.006719184430027804,1,-14.743587327400,-0.718496782300,-6.666660000000,-0.874124980100,2.200000,2.466667,1.400000,1.666667
1848,CDP,Acala Dollar,acala:-,aUSD,19115372.02780728,,acala-dollar,-0.053583227871031536,-0.3568426979604904,,,,,No Data,,,,,,,,
362,Derivatives,Perpetual Protocol,0xbc396689893d065f41bc2c6ecbee5e0085233447,PERP,19094702.052758463,36394606.16900468,perpetual-protocol,-0.04609631795275393,0.04024614321940034,,,0.004115979145705662,0.00808080808080808,1,0E-12,0E-12,0E-12,0E-12,,1.000000,,1.000000
483,NFT Marketplace,NFTX,0x87d73e916d7057945c9bcd8cdd94e42a6f47f776,NFTX,19074785.40014403,5263631.23218109,nftx,0.08334166072477878,-0.096015115271467,,,-0.0014843087362171332,-0.008422825858075385,1,-11.635220125800,-4.919355000000,-13.097713097700,-4.566682898600,28.250000,29.161290,6.875000,8.870968
2319,Yield Aggregator,GMD Protocol,arbitrum:0x4945970EfeEc98D393b4b979b9bE265A3aE28A8B,GMD,18888102.283281576,5770985.018615801,gmd-protocol,0.39774586561169034,0.0602864055925838,,,,,1,-7.812499501300,-5.209080147300,-6.403941458700,-4.878177112500,38.187500,43.812500,12.375000,18.781250
3107,Liquid Staking,EigenLayer,,-,18698691.445709456,,eigenlayer,0.13238430448533967,0.0,,,,,1,-24.275362318800,-7.073818098500,-23.591549295800,-7.088395257600,1.000000,1.692308,25.125000,101.769231
253,Lending,BiFi,0x2791BfD60D232150Bff86b39B7146c0eaAA2BA81,BiFi,18694713.08257444,2554275.7036310807,bifi,0.0928070750984975,-0.01766422907242715,,,-0.0005096839959225281,0.0015321756894790602,No Data,,,,,,,,
2147,Derivatives,IPOR,0x1e4746dc744503b53b4a082cb3607b169a289090,IPOR,18569476.309266087,4830627.10467413,ipor,-0.00974088315629762,-0.18327956931614242,,,-0.001936108422071636,0.0038948393378773127,1,-10.828025477700,-1.485145551900,-12.865497076000,-1.509434277600,17.714286,17.862069,2.142857,2.206897
756,CDP,Angle,0x31429d1856aD1377A8A0079410B297e1a9e214c2,ANGLE,18511596.53885375,6154574.128657561,angle,0.06537587841552717,0.0065984659934963386,,,0.008586525759577279,0.028629168070057262,1,-10.996586242900,-0.774790617300,-10.658701969600,-0.936411655100,1509.291667,690.430108,2705.687500,2376.295699
1642,Lending,Folks Finance Lending,,-,18250747.87988252,,folks-finance-lending,0.14796177499671814,-0.04582817929089922,,,,,No Data,,,,,,,,
1315,Liquid Staking,NeoBurger,,-,17964407.54645138,,neoburger,0.13967559365396442,-0.13291464559840194,,,,,No Data,,,,,,,,
145,Dexes,Serum,,SRM,17594979.166788794,40461437.62937643,serum,0.019507422053209877,-0.01887904678815544,,,,,1,2.857160000000,2.400000000000,4.347826087000,2.613347015100,0.800000,0.904762,2.000000,1.857143
2153,Yield Aggregator,LUSD ChickenBonds,0xB9D7DdDca9a4AC480991865EfEf82E01273F79C3,bLUSD,17558054.2904537,,lusd-chickenbonds,0.03258169864056537,0.02305956418384092,,,0.028248587570621472,0.1592356687898089,No Data,,,,,,,,
1979,Dexes,SaucerSwap,hedera:0.0.731861,SAUCE,17525399.8913,5740699.930553402,saucerswap,0.11912538946380025,-0.15212215603143253,0.7237,-0.2821,,,No Data,,,,,,,,
1873,Lending,Torches,,-,17423812.95012623,,torches,0.018603342471435136,0.012401750627349273,,,,,No Data,,,,,,,,
1986,Lending,Canto Lending,,-,17327612.113394096,,canto-lending,-0.21985337582246767,-0.28346687170099427,,,,,No Data,,,,,,,,
2529,Dexes,PancakeSwap StableSwap,bsc:0x0E09FaBB73Bd3Ade0a17ECC321fD13a19e81cE82,CAKE,17195753.00542141,,pancakeswap-stableswap,-0.04523343306440064,-0.5311478846379458,-0.6131,-0.265,,,1,-8.261080949700,-2.598053391100,-9.836104789000,-3.457327717000,47921.500000,48214.806452,14346.750000,12416.774194
2005,Liquid Staking,ExinPool,,-,17156316.06,,exinpool,0.06297887202097763,0.06541391322267254,,,,,No Data,,,,,,,,
1740,Liquid Staking,LiNEAR Protocol,near:0x918dbe087040a41b786f0da83190c293dae24749,LINEAR,17089808.722918745,0.0,linear-protocol,0.13350642851984929,0.1496460845869556,,,,,No Data,,,,,,,,
2139,Yield Aggregator,Sommelier,0xa670d7237398238de01267472c6f13e5b8010fd1,SOMM,16820494.880424816,26207188.29650261,sommelier,0.17582455917091977,-0.08121246774812751,,,0.02417582417582418,0.12560386473429952,1,0E-12,0E-12,0E-12,0E-12,0.000000,0.000000,1.000000,1.000000
2679,Lending,Kleva Lend,klaytn:0x5fff3a6c16c2208103f318f4713d4d90601a7313,KLEVA,16657122.70223074,,kleva-lend,-0.03404550468720213,-0.14212003540363827,,,,,No Data,,,,,,,,
696,Lending,Agave,xdai:0x3a97704a1b25f08aa230ae53b352e2e72ef52843,AGVE,16442320.177193332,863352.196025041,agave,0.04033758729079362,0.19364242156259848,,,,,No Data,,,,,,,,
726,Yield,Solo Top,,-,16295561.907772206,,solo-top,0.05229587407676917,-0.0765522266149451,,,,,No Data,,,,,,,,
2695,Dexes,SmarDex,0x5de8ab7e27f6e7a1fff3e5b337584aa43961beef,SDEX,16169834.365253398,34406630.50026576,smardex,0.04548595417244905,0.17860144142339096,-0.058499999999999996,-0.6063000000000001,0.027539779681762546,0.15,No Data,,,,,,,,
1514,Lending,Granary Finance,,-,16016212.595449861,,granary-finance,0.005715775904407083,0.002978644359765692,,,,,1,,,,,,,,
2363,CEX,Hotbit,,-,16002690.410835639,,hotbit,0.3025648004136401,-0.08433160643396798,,,,,No Data,,,,,,,,
127,Dexes,KyberSwap Classic,0xdefa4e8a7bcba345f687a2f1456f5edd9ce97202,KNC,15979825.326887026,,kyberswap-classic,0.00553554554734359,-0.14583712528952764,-0.47909999999999997,-0.6713,0.005314854682454252,0.006127120926474549,1,-9.451862008300,-1.872000672500,-9.294343657300,-1.440630355000,64.739130,67.608696,46.304348,55.304348
2112,Liquid Staking,Stake.ly,klaytn:0xF80F2b22932fCEC6189b9153aA18662b15CC9C00,stKLAY,15937541.252383769,,stake.ly,0.10356245414910514,-0.12382950660960335,,,,,No Data,,,,,,,,
972,Dexes,StellarX,,-,15888040.019921908,,stellarx,0.059818348379995445,0.20357030339637272,-0.3003,0.23870000000000002,,,No Data,,,,,,,,
1953,RWA,Toucan Protocol,,-,15671228.831781,,toucan-protocol,-0.0006841958882231047,-0.27261041117002194,,,,,1,-9.533898305100,-4.011599304100,-10.215053763400,-3.926187137500,11.625000,13.806452,41.750000,50.258065
2259,Dexes,Helix,,-,15619490.739027172,,helix,0.12913812309773043,0.08316791283518965,-0.4747,-0.47100000000000003,,,1,4.761900000000,0.843386858800,1.098892307700,1.037018819800,2.400000,1.545455,1.400000,1.545455
2782,RWA,Aktionariat,0x6f38e0f1a73c96cb3f42598613ea3474f09cb200,DAKS,15298134.135371417,,aktionariat,-0.030926805757127473,-0.10762622828356061,,,-0.0027397260273972603,0.01675977653631285,No Data,,,,,,,,
318,Dexes,Dfyn Network,polygon:0xc168e40227e4ebd8c1cae80f7a55a4f0e6d66c97,DFYN,15270527.897768484,5848125.441340503,dfyn-network,-0.014218871504526165,-0.04275462188277923,0.0447,-0.25120000000000003,,,1,-10.332003187300,-1.916891591600,-17.245104659000,-0.733432041600,9.222222,12.243902,1.666667,1.780488
200,Yield,Bella Protocol,0xa91ac63d040deb1b7a5e4d4134ad23eb0ba07e14,BEL,15251677.691283576,39558957.962328024,bella-protocol,0.11417594499667194,0.16474859354296,,,-0.003522898842476094,0.024844720496894408,No Data,,,,,,,,
653,Dexes,Atrix,,-,15012212.886133803,,atrix,0.04247876422343144,-0.09430634411758931,,,,,No Data,,,,,,,,
2334,Liquidity manager,DefiEdge,,-,14924050.51772178,,defiedge,-0.059833849050829,1.0231995005846217,,,,,1,-23.800519697700,-3.412415339300,-26.355818295500,-3.553818728400,8.500000,6.117647,1.000000,1.411765
2310,CEX,NBX,,-,14921570.157726793,,nbx,0.11964861729941889,-0.015387311442251916,,,,,No Data,,,,,,,,
916,Derivatives,Pika Protocol,,-,14903746.875536254,,pika-protocol,-0.020115559196702604,0.1202106572363979,,,,,1,-9.484536082500,-2.424478124100,-7.625721352000,-2.294994370900,230.428571,209.800000,16.142857,40.066667
1444,CDP,Vesta Finance,arbitrum:0xa684cd057951541187f288294a1e1C2646aA2d24,VSTA,14876495.195821406,2781344.780532986,vesta-finance,-0.023975896454766943,-0.02633808144624017,,,,,1,,,,,,,,
2929,Lending,Spark,,-,14775849.727265347,,spark,0.20341098226325838,7.014228888300259,,,,,1,,,,,,,,
2479,Leveraged Farming,DeltaPrime,,-,14682677.157327276,,deltaprime,0.042183411242090685,-0.2628145081493226,,,,,No Data,,,,,,,,
2192,Yield,PlutusDAO,arbitrum:0x51318B7D00db7ACc4026C88c3952B66278B6A67F,PLS,14657731.142993065,3533103.531753408,plutusdao,0.055425427297494334,-0.00983951232858793,,,,,1,-7.188612099600,-2.486782736900,-7.798362774700,-2.009073235900,119.625000,135.290323,43.375000,25.354839
2137,CDP,DeFi Franc,0x045da4bFe02B320f4403674B3b7d121737727A36,DCHF,14612482.055648614,,defi-franc,0.07990936830289175,-0.20905255687542634,,,-0.005984766050054407,-0.0027292576419213972,1,-11.475409836100,-5.904058660700,-7.335907335900,-4.692833911000,15.000000,17.461538,1.000000,1.538462
2204,Lending,Pando Rings,,-,14601096.540042011,,pando-rings,0.12978122861437225,-0.018725488668301038,,,,,1,0E-12,0.781242126500,-0.543478260900,-0.243306569300,5.600000,5.222222,1.600000,1.555556
1997,Lending,Morpho Compound,0x9994e35db50125e0df82e4c2dde62496ce330999,MORPHO,14320126.287565289,,morpho-compound,0.07243411632145702,-0.11269495926843032,,,0.0009025270758122744,0.05418250950570342,1,-8.695644234400,-0.894124642800,-19.230775443800,-6.064508856600,2.500000,3.285714,1.000000,1.142857
541,Dexes,Ref Finance,,REF,14251582.413228681,2353458.2636363786,ref-finance,0.037299059800859125,-0.14062180347865882,-0.3104,0.1586,,,No Data,,,,,,,,
434,Lending,Tarot,fantom:0xc5e2b037d30a390e62180970b3aa4e91868764cd,TAROT,14052616.109497128,3628987.2652443396,tarot,0.07325078176742217,-0.342632797269496,,,,,1,-8.860759493700,-2.875926258700,-3.053435114500,-0.124159410100,37.857143,37.250000,2.285714,1.964286
589,Lending,Strike,0x74232704659ef37c08995e386a2e26cc27a8d7b1,STRK,14005772.64480803,42921318.47588656,strike,0.023508864178573896,0.04387315674653913,,,0.0001984717673910886,0.0015899831064294942,No Data,,,,,,,,
2271,Yield,Magpie,bsc:0xD06716E1Ff2E492Cc5034c2E81805562dd3b45fa,MGP,13936024.500450805,0.0,magpie,-0.04787331685717655,-0.09051838514899968,,,,,1,-9.672619047600,-3.241651900000,-8.795900939400,-3.018069889200,35.600000,42.716667,4.733333,6.050000
1726,Dexes,Meshswap,polygon:0x82362ec182db3cf7829014bc61e9be8a2e82868a,MESH,13865038.886864485,0.0,meshswap,0.018014698923469297,-0.16571016715157072,-0.4857,0.18,,,1,-7.608695652200,-2.171845354800,-11.106728721300,-1.710587206400,173.000000,194.466667,12.000000,9.066667
133,Dexes,Shell Protocol,,-,13863435.862486793,,shell-protocol,-0.030143876070744646,0.044969988903671654,-0.41490000000000005,1.3861,,,1,-12.906504065000,-5.848221226500,-10.589462702100,-6.561275774000,96.500000,169.645161,10.625000,29.258065
1650,Liquid Staking,sICX,,-,13797558.496849196,,sicx,0.14876596978912948,-0.15065406305625428,,,,,No Data,,,,,,,,
2491,Lending,Liqwid,cardano:8e420ce194ca84040ba6971e6ab816e3d76ee9ee,LQ,13783395.468640942,0.0,liqwid,0.0313285827346812,-0.012276551266486857,,,,,No Data,,,,,,,,
130,Services,The Tokenized Bitcoin,,-,13642583.994886,,the-tokenized-bitcoin,0.2812712838726603,-0.13669425591176176,,,,,No Data,,,,,,,,
862,Yield,Quarry,,-,13502322.298137559,,quarry,0.06253069068688788,0.019285503366139434,,,,,No Data,,,,,,,,
1546,Lending,Burrow,near:-,BRRR,13479821.664765658,31260.343957568217,burrow,0.07735863070425708,0.09165285963618963,,,,,No Data,,,,,,,,
1752,Yield Aggregator,Spool Protocol,0x40803cea2b2a32bda1be61d3604af6a814e70976,SPOOL,13430971.260086257,13720194.938609844,spool-protocol,-0.005805291950456426,0.02488073929392076,,,0.0,-0.013048635824436536,No Data,,,,,,,,
2675,Dexes,Ramses V1,arbitrum:0xaaa6c1e32c55a7bfa8066a6fae9b42650f262418,RAM,13299990.019746026,,ramses-v1,-0.15400715004900722,-0.26032837818129795,0.2477,-0.7415,,,1,-7.867867867900,-5.506530115900,-8.161113454200,-6.016918773000,207.142857,249.033333,8.571429,17.866667
349,Bridge,Injective Bridge,0xe28b3b32b6c345a34ff64674606124dd5aceca30,INJ,13257237.950621005,553408958.6666789,injective-bridge,0.02128863169940587,0.0016396462067302942,,,0.01203576341127923,0.06168831168831169,1,-6.408345752600,-1.686217045500,-7.745779543200,-1.472279645900,40.125000,42.516129,38.375000,44.000000
1838,Lending,AAVE V1,0x7fc66500c84a76ad7e9c93437bfc5ac33e2ddae9,AAVE,13235586.183914442,,aave-v1,0.049854026865414625,-0.055106655720892905,,,-0.06538070562566632,-0.06549655411770539,1,-5.435350078300,-1.619641153600,-8.430372574000,-2.055195671600,390.525000,403.432258,424.575000,251.406452
557,Liquid Staking,Meta Pool,near:-,META,13223531.802479958,0.0,meta-pool,0.10202725611514873,-0.18070688030233895,,,,,No Data,,,,,,,,
3057,RWA,OpenEden T-Bills,,-,13179522.917341894,,openeden-t-bills,0.04989707215821171,3.5560278764700772,,,,,1,,,,,,,,
310,Yield,Belt Finance,bsc:0xe0e514c71282b6f4e823703a39374cf58dc3ea4f,BELT,13146795.724925028,1461190.6695395547,belt-finance,0.040052587419974195,-0.10455768142753041,,,,,1,-7.272727272700,-1.162788392400,-10.769230769200,-0.877191193400,4.142857,3.000000,3.000000,2.758621
2338,Liquid Staking,Bifrost Liquid Crowdloan,,-,12989515.476228312,,bifrost-liquid-crowdloan,0.06816529200991561,-0.11804693819925627,,,,,1,10.344827586200,-2.391532450900,11.196908108100,-2.597396272600,3.000000,3.000000,2.666667,1.833333
239,Services,PoolTogether,0x0cec1a9154ff802e7934fc916ed7ca50bde6844e,POOL,12910122.715166852,2012212.5877169985,pooltogether,-0.02830844813330413,-0.1121245851841306,,,-0.0029076529425447776,-0.0012814538676607643,1,-3.402404297800,-1.111957650800,-2.522312456300,-1.213591750500,82.692308,109.400000,6.769231,19.380000
1662,CDP,Yeti Finance,avax:0x77777777777d4554c39223C354A05825b2E8Faa3,YETI,12737453.66367226,402492.60689950344,yeti-finance,0.052104956057958285,-0.048502462556431536,,,,,1,-11.029411764700,-3.525045037700,-8.486562942000,-2.657952159200,15.000000,14.607143,1.857143,2.571429
315,Yield,Tulip Protocol,TuLipcqtGVXP9XR62wM8WWCm6a9vhLs7T1uoWBk6FDs,TULIP,12704832.127995318,1303320.1413194048,tulip-protocol,0.0,0.0018472056247142987,,,,,No Data,,,,,,,,
209,Yield Aggregator,Autofarm,bsc:0xa184088a740c695e156f91f5cc086a06bb78b827,AUTO,12644344.707128258,1317734.184297734,autofarm,0.012961490826777222,-0.17948469892507934,,,,,No Data,,,,,,,,
1250,Yield,Llama Airforce,,-,12459029.011396078,,llama-airforce,0.12548062927208092,-0.35112790538326843,,,,,1,0E-12,1.243969467200,0E-12,1.390992660900,0.833333,1.230769,1.166667,1.923077
2339,Lending,Lodestar Finance,arbitrum:0xF19547f9ED24aA66b03c3a552D181Ae334FBb8DB,LODE,12400017.562885247,1392356.396313776,lodestar-finance,0.04357497723547321,0.007509700051019141,,,,,1,-9.982486865100,-3.557875000000,-10.631001371700,-2.856563966800,55.125000,53.193548,9.125000,12.387097
2454,Liquid Staking,GETH,,-,12380461.15860803,,geth,0.08719715815895901,0.004068184591500268,,,,,No Data,,,,,,,,
2284,Yield,WOOFi Earn,0x4691937a7508860f876c9c0a2a617e7d9e945d4b,WOO,12369469.779590921,,woofi-earn,0.04824860497032479,-0.03425026968391398,,,0.006827974809413324,0.032494901427600274,1,-9.887286856600,-2.307538468800,-9.749424699600,-2.738668344300,758.250000,738.322581,2749.500000,2255.258065
1707,Yield,CLever,,-,12352159.852712072,,clever,0.07976251421563241,-0.1569447281816434,,,,,1,-20.833333333300,-2.489634295200,-25.316455696200,-2.988048079400,3.000000,6.625000,1.000000,1.500000
2399,Derivatives,Opyn Squeeth,,-,12101659.365848143,0.0,opyn-squeeth,0.10704324693838752,-0.0665217575470326,,,,,1,-9.375000000000,-2.265377655200,-15.662650602400,-1.917812803200,4.500000,4.461538,2.750000,6.346154
3060,Dexes,PulseX V2,pulse:0x95B303987A60C71504D99Aa1b13B4DA07b0790ab,PLSX,12060678.082844004,,pulsex-v2,0.21716529225262415,0.0,-0.19920000000000002,0.0,,,No Data,,,,,,,,
136,Yield Aggregator,Rari Capital,0xD291E7a03283640FDc51b121aC401383A46cC623,RGT,12030482.57002487,3825820.079002152,rari-capital,-0.003077043185050199,0.24664022491756077,,,-0.0008085942012244426,0.00023126734505087885,1,-10.000000000000,-0.425531072900,-11.111111111100,0E-12,4.375000,3.900000,3.500000,3.800000
2308,Liquid Staking,Jito,,-,12027802.831024002,,jito,0.18954367274021577,-0.09840575693166986,,,,,No Data,,,,,,,,
1468,Dexes,Pact,,-,11956201.79973584,,pact,0.21565501952515742,0.015169964926310398,-0.47450000000000003,-0.0885,,,No Data,,,,,,,,
2674,Dexes,WEMIX.FI AMM,,-,11876647.867367279,,wemix.fi-amm,0.033875478832647854,-0.127170328764723,2.6718,1.8758000000000001,,,No Data,,,,,,,,
2993,Liquid Staking,NodeDAO,,-,11845172.825118504,,nodedao,0.08826466322189619,0.08707320931939533,,,,,1,-4.761885714300,0E-12,-4.761885714300,0E-12,1.000000,0.833333,1.000000,1.166667
2332,Dexes,Equalizer Exchange,fantom:0x3Fd3A0c85B70754eFc07aC9Ac0cbBDCe664865A6,EQUAL,11654371.162949406,522251.35974946996,equalizer-exchange,0.1438925628187382,-0.492177503243419,-0.0495,-0.5540999999999999,,,1,,,,,,,,
620,Yield,Francium,,-,11593059.804413814,,francium,-0.04287054145096314,-0.11868307986002813,,,,,No Data,,,,,,,,
394,Yield Aggregator,Reaper Farm,fantom:0x21ada0d2ac28c3a5fa3cd2ee30882da8812279b6,OATH,11473488.835480712,6661035.352729445,reaper-farm,0.0710732306777131,-0.2623217951322776,,,,,1,0E-12,-5.188683245800,0E-12,-9.322031048500,6.750000,6.923077,1.250000,1.769231
2988,Dexes,VyFinance Dex,cardano:asset1znlnu4s2uv3ern2f52csz6s6pvr5rf6dj2uevx,VYFI,11391905.416055154,,vyfinance-dex,0.5576091000032184,4.483330163131912,,,,,No Data,,,,,,,,
2484,CDP,Djed Stablecoin,null,-,11387238.485183708,,djed-stablecoin,0.07549310160564615,-0.1532255070392291,,,,,No Data,,,,,,,,
3048,Liquid Staking,Tranchess Ether,0xD6123271F980D966B00cA4FCa6C2c021f05e2E73,CHESS,11381436.882481586,,tranchess-ether,0.039440975054701344,8.889047415519554,,,0.0975609756097561,0.25,No Data,,,,,,,,
2210,Dexes,LiquidSwap,,-,11338032.345690152,,liquidswap,0.018984083517566752,0.13080201522907875,-0.221,0.034,,,1,,,,,,,,
622,Dexes,Clipper,,-,11273237.135359129,,clipper,0.06370468483295766,0.0060774384459389985,0.3691,0.6199,,,1,-16.889668417800,-3.860744779100,-17.041040139600,-3.262484376800,42.714286,124.435897,4.071429,91.307692
1395,Dexes,ArthSwap,astar:0xde2578edec4669ba7f41c5d5d2386300bcea4678,ARSW,11269460.829133961,0.0,arthswap,0.13607756061121679,-0.1300029626754814,,,,,1,,,,,,,,
2753,Dexes,Velocore,,VC,11207562.959224228,,velocore,0.013313970806172248,-0.11711051960640484,,,,,No Data,,,,,,,,
2403,Derivatives,NestFi,0x04abeda201850ac0124161f037efd70c74ddc74c,NEST,11078562.133119723,,nestfi,-0.047855744237235376,-0.15852761214910938,,,0.0007962840079628401,0.0058690142723756165,1,-11.965811965800,-3.368793156800,-18.957345971600,-3.590859229900,9.125000,11.566667,3.750000,6.400000
1531,Dexes,01,,-,11030152.040156594,,01,0.04595202944303933,-0.06869346308155067,,,,,Requires Update,,,,,,,,
2696,CDP,Overnight DAI+,,-,10886559.401205424,,overnight-dai+,-0.0357383522376703,-0.0915882053558037,,,,,1,-7.597988727400,-2.724981001300,-7.470088898800,-2.607756683600,37.184211,43.496644,42.631579,51.899329
1849,Liquid Staking,Acala Liquid-Staking,acala:-,ACA,10717969.931720609,,acala-liquid-staking,0.07562574504379294,-0.1697371783172169,,,,,No Data,,,,,,,,
2092,Yield,Pirex,,-,10637738.41012452,,pirex,0.06838302492525639,-0.22250354538163475,,,,,1,3.448293698000,-1.688163246700,-0.751878986900,-4.341005910400,1.000000,1.111111,1.000000,1.111111
1025,Cross Chain,Wrapped,,-,10534381.494433962,,wrapped,-0.18401025663794068,-0.03130057521415874,,,,,No Data,,,,,,,,
1054,Bridge,ChainPort,0x104f3152d8ebfc3f679392977356962ff36566ac,PORTX,10452178.661709744,583079.5138087652,chainport,-0.038813405528401956,-0.7463729027719176,,,0.021897810218978103,-0.1616766467065868,1,-2.368096385500,-1.525118132200,-0.956616786500,-4.279655624600,8.388889,7.287500,3.222222,2.887500
1056,Yield,Redacted Protocol,0xc55126051B22eBb829D00368f4B12Bde432de5Da,BTRFLY,10432379.663025683,32415789.35442968,redacted-protocol,0.06722507010178802,-0.16991028813519082,,,0.010940919037199124,0.03587443946188341,1,-12.195121951200,-1.708488943700,-12.480252764600,-1.647564508100,48.142857,66.227273,2.142857,2.090909
3131,RWA,Solv Protocol V3,0x256f2d67e52fe834726d2ddcd8413654f5eb8b53,SOLV,10420821.009855673,,solv-protocol-v3,0.0,0.0,,,0.0,0.0,1,2.941194636700,0.248845386500,6.944467534700,0.195188679200,3.000000,2.285714,1.000000,2.000000
2540,Dexes,Megaton Finance,ton:EQB-cCOQDwerEnUD4-6xoYD0eL6_yC1zogAvA5GuXTF0iDIf,MEGA,10351369.13486785,,megaton-finance,0.03748231078513209,-0.09222521311079457,-0.20489999999999997,0.3951,,,No Data,,,,,,,,
112,Yield Aggregator,Harvest Finance,0xa0246c9032bC3A600820415aE600c6388619A14D,FARM,10333841.244746739,16651646.13132396,harvest-finance,0.05310166872020772,-0.09956854169935758,,,0.001315880601149664,-0.0170643823509416,1,-18.954248366000,-1.216546351800,-12.230215827300,-1.408450186400,12.500000,12.321429,3.000000,15.392857
189,Dexes,1inch Network,0x111111111117dc0aa78b770fa6a738034120c302,1INCH,5544306.816022992,304683913.9567928,1inch-network,0.06775828456186095,-0.184360551701236,,,0.0030908670927150134,0.006311933084681424,1,-10.230962789400,-2.811113397600,-10.864809614300,-3.169902080700,2221.312500,2367.768817,2691.354167,3165.784946
2405,Launchpad,FlokiFi Locker,0xcf0c122c6b73ff809c693db761e7baebe62b6a2e,FLOKI,3680897.710979394,270066570.7390656,flokifi-locker,0.07746311471595169,-0.08211665345824648,,,-0.017617483408191997,-0.004416000869612479,1,0E-12,0E-12,6.666640000000,0E-12,0.000000,0.250000,1.000000,1.000000
221,Dexes,Defi Swap,0xa0b73e1ff0b80914ab6fe0444e65848c4c34450b,CRO,2084754.296458728,1523679305.642673,defi-swap,0.05360759824593342,-0.05210948700284945,-0.6964,-0.7635,0.0006607102131712748,0.0018434448578297715,1,0E-12,0E-12,0E-12,0E-12,,0.000000,,1.000000
237,Dexes,Swipe,0x8ce9137d39326ad0cd6491fb5cc0cba0e089b6a9,SXP,170305.89547892546,219584904.1755874,swipe,0.046612020856968694,-0.07722226154050793,,,0.0014302540804307588,-0.002973572894417221,1,-5.319148936200,-3.080082423100,-5.022831050200,-2.927925592700,5.571429,5.933333,7.000000,9.766667
255,Algo-Stables,Fei Protocol,0xc7283b66eb1eb5fb86327f08e1b5816b0720212b,TRIBE,5.971294511914793,130325568.39514309,fei-protocol,0.05578350739175231,-0.008121043333052191,,,0.0005505849965588438,0.0002752167331773772,1,-5.263157894700,-2.653399489300,-5.142857142900,-2.313624053800,9.000000,9.096774,6.750000,9.838710
340,Reserve Currency,Olympus DAO,0x64aa3364F17a4D01c6f1751Fd97C2BD3D7e7f1D5,OHM,0.0,194852394.3181287,olympus-dao,0.0,0.0,,,-0.0013237240770701574,0.0170760934691432,1,-7.973866666700,-1.877947312000,-9.433962264200,-1.826470353000,0.769231,0.428571,2.461538,3.267857
447,Gaming,Illuvium,0x767fe9edc9e0df98e07454847909b5e959d7ca0e,ILV,0.0,258981706.67416188,illuvium,0.0,0.0,,,0.003150026695141484,0.031003072870939417,1,-7.347670250900,-1.749748246900,-10.542635658900,-1.531100383700,140.500000,170.290323,53.375000,81.483871
456,Payments,Telcoin,polygon:0xdf7837de1f2fa4631d716cf2502f8b230f1dcc32,TEL,0.0,104714326.64497295,telcoin,0.0,0.0,,,,,1,-3.179489230800,-0.814017259600,-1.931736819200,-1.104969651500,13.222222,16.058824,10.666667,14.500000
1065,Gaming,The Sandbox,0x3845badAde8e6dFF049820680d1F14bD3903a5d0,SAND,0.0,827364124.0736794,the-sandbox,0.0,0.0,,,-0.014081436484892927,-0.12700279030588071,1,-3.791512915100,-0.800596861000,-5.440181937900,-0.950978841600,268.812500,363.145161,383.000000,752.016129
1350,Yield,TreasureDAO,0xb0c7a3ba49c7a6eaba6cd4a96c55a1391070ac9a,MAGIC,0.0,171726651.94295907,treasuredao,0.0,0.0,,,0.005021684546907099,0.01288244766505636,1,-8.673598782700,-20.174524028200,-8.164481525600,-14.278619349500,311.250000,288.290323,138.875000,180.903226
1717,Yield,CoinFLEX,smartbch:0x98Dd7eC28FB43b3C4c770AE532417015fa939Dd3,FLEX,0.0,298319663.3826508,coinflex,0.0,0.0,,,,,No Data,,,,,,,,
1905,Yield,Bitgert,bsc:0x8fff93e810a2edaafc326edee51071da9d398e83,BRISE,0.0,100621378.57601926,bitgert,0.0,0.0,,,,,No Data,,,,,,,,
2501,Services,Aragon,0xa117000000f279d81a1d3cc75430faa017fa5a2e,ANT,0.0,164485530.33600163,aragon,0.0,0.0,,,-0.0014262428687856564,0.0075378606181045705,1,0E-12,-5.230736836900,0E-12,2.024276979900,,0.000000,,1.000000
2502,Services,BitDAO,0x1a4b46696b2bb4794eb3d4c26f1c55f9170fa4c5,BIT,0.0,616742559.238006,bitdao,0.0,0.0,,,0.00948489165479493,0.09082438727972451,1,-7.570422535200,-4.449360364400,-7.775377969800,-4.108787780200,29.250000,43.225806,36.375000,82.161290
2519,Services,ENS,0xc18360217d8f7ab5e7c516566761ea12ce7f9d72,ENS,0.0,222807684.5934353,ens,0.0,0.0,,,0.0007587370898561496,0.00277730368807311,1,-9.888626392200,-1.295057601500,-9.555638074000,-1.187392583700,801.750000,815.193548,1200.750000,898.451613
2520,Services,Gnosis DAO,0x6810e776880c02933d47db1b9fc05908e5386b96,GNO,0.0,297057530.86656314,gnosis-dao,0.0,0.0,,,0.004353816478368697,0.0207236473619357,1,,,,,,,,
2623,Oracle,Chainlink,0x514910771af9ca656af840dff83e8264ecf986ca,LINK,0.0,3175532382.341648,chainlink,0.0,0.0,,,0.002674622578500477,0.010687371756139603,1,-10.999329175100,-2.038845179600,-9.224760847100,-2.602880396700,149.114286,159.585185,147.257143,185.814815
2665,Yield,ApeCoin,0x4d224452801aced8b2f0aebe155379bb5d594381,APE,0.0,804490327.1057924,apecoin,0.0,0.0,,,0.010808395127118644,0.012744504606097794,1,-10.365603176800,-2.507257837200,-9.960757156000,-2.614536188100,642.500000,786.516129,175.750000,285.935484
3139,Services,ImmutableX,0xf57e7e7c23978c3caec3c3548e3d615c346e79ff,IMX,0.0,755950695.1499937,immutablex,0.0,0.0,,,0.00557568475791766,0.04500848664572644,Requires Update,,,,,,,,
3140,Services,Avalanche,,AVAX,0.0,4490348556.692992,avalanche,0.0,0.0,,,,,Requires Update,,,,,,,,
