id,category,name,address,symbol,tvl,mcap,slug,7dma_%,1mma_%,Volume_7d_%,Volume_1m_%
2269,CEX,Binance CEX,,-,68168066847.33162,,binance-cex,0.000419327036449868,0.0014315921419465472,,
182,Liquid Staking,Lido,0x5a98fcbea516cf06857215779fd812ca3bef1b32,LDO,11559253659.136549,1738988957.547789,lido,0.001298288949127091,0.0019097934326390842,,
2272,CEX,OKX,,-,9785848874.179398,,okx,-0.0019859072179152504,0.0008775658904105477,,
2275,CEX,Bitfinex,,-,9384805166.440638,,bitfinex,0.0031530916002111553,0.0011619041607242586,,
118,CDP,MakerDAO,0x9f8f72aa9304c8b593d555f12ef6589cc3a579a2,MKR,7294243385.83786,634924340.4727461,makerdao,-0.0016037817076860472,-0.001669301423872005,,
240,Chain,Polygon Bridge & Staking,0x7d1afa7b718fb893db30a3abc0cfc608aacfebb0,MATIC,7171250047.135731,8954157857.277779,polygon-bridge-&-staking,-0.0013494316406583717,-0.0033838107961776664,,
2,Bridge,WBTC,0x2260fac5e5542a773aa44fbcfedf7c193bc2c599,WBTC,4352970088.67079,4363163376.078512,wbtc,0.0038580150320903783,0.0005290409643097238,,
3,Dexes,Curve,0xD533a949740bb3306d119CC777fa900bA034cd52,CRV,4255717856.660979,720435780.46543,curve,-0.005037810887019711,-0.0028932387111304525,-0.59,-49.64
111,Lending,AAVE V2,0x7fc66500c84a76ad7e9c93437bfc5ac33e2ddae9,AAVE,3825676555.7015114,990186612.4802864,aave-v2,-0.0012340491401187093,-0.0026948163433185846,,
2270,CEX,Crypto-com,,-,3657948390.807225,,crypto-com,-0.0042150592523461095,-0.0024225220029082672,,
494,Lending,JustLend,tron:TCFLL5dx5ZJdKnWuesXxi1VPwjLVmWZZy9,JST,3634106191.539085,234968806.5540669,justlend,0.0018496002181798143,-0.0009424862011955248,,
694,Bridge,JustCryptos,tron:TCFLL5dx5ZJdKnWuesXxi1VPwjLVmWZZy9,JST,3343572421.0,,justcryptos,0.0036621816440540744,-0.00018061937325675181,,
2276,CEX,Huobi,,-,3038457438.008711,,huobi,0.0011637462293339063,-0.001024576427767765,,
2286,CEX,Bybit,,-,2975888482.059948,,bybit,-0.0012236567680780075,-0.0007868067031744364,,
2198,Dexes,Uniswap V3,0x1f9840a85d5af5bf1d1762f925bdaddc4201f984,UNI,2846484542.7327747,,uniswap-v3,-0.0002975832406499901,0.000592779674598809,10.15,-38.93
2274,CEX,Kucoin,,-,2818126442.819583,,kucoin,-0.0022812843063643173,0.000658449183273957,,
319,Yield,Convex Finance,0x4e3fbd56cd56c3e72c1403e103b45db9da5b9d2b,CVX,2605413437.190775,388382959.8236943,convex-finance,-0.04078584938596219,-0.011014560789482042,,
2222,Liquid Staking,Coinbase Wrapped Staked ETH,0xbe9895146f7af43049ca1c1ae358b0541ea49704,CBETH,2201953443.819368,0.0,coinbase-wrapped-staked-eth,0.002373300541401502,0.0005147835796033284,,
120,Services,Instadapp,0x6f40d4a6237c257fff2db00fa0510deeecd303eb,INST,2063228820.568138,26574725.03706255,instadapp,-7.557388702339463e-05,-1.9234065086637386e-05,,
2314,CEX,Gate-io,,-,1960835888.1403415,,gate-io,0.0013068380870773222,-0.0023942592848020805,,
2273,CEX,Deribit,,-,1818176491.7002184,,deribit,0.00196107810832169,-0.00026884218534195536,,
591,Bridge,Multichain,0x9Fb9a33956351cf4fa040f65A13b835A3C8764E3,MULTI,1810588634.7121758,176866395.82908884,multichain,-0.0002207185326917882,0.004663268274466503,,
194,Dexes,PancakeSwap AMM,bsc:0x0E09FaBB73Bd3Ade0a17ECC321fD13a19e81cE82,CAKE,1805592584.2482047,,pancakeswap-amm,-0.007866816013046063,-0.008601384608809548,30.04,52.99
900,Liquid Staking,Rocket Pool,0xd33526068d116ce69f19a9ee46f0bd304f21a51f,RPL,1466104723.5804734,906987655.2812845,rocket-pool,0.010322785153278113,0.007271920118030906,,
2352,CEX,Bitget,,-,1461323430.277146,,bitget,-0.0016492497392952554,-0.00047207553589934115,,
1599,Lending,AAVE V3,0x7fc66500c84a76ad7e9c93437bfc5ac33e2ddae9,AAVE,1331247301.3776643,,aave-v3,0.004963046618769562,4.101831237357523e-05,,
114,Lending,Compound,0xc00e94cb662c3520282e6f5717214004a7f26888,COMP,1329541071.3608372,,compound,0.002206941879307367,-0.004968544753060189,,
691,CDP,JustStables,tron:TMwFHYXLJaRUPeW6421aqXL4ZEzPRFGkGT,USDJ,1191066309.330366,0.0,juststables,0.005346720892580148,0.000877587598167473,,
2197,Dexes,Uniswap V2,0x1f9840a85d5af5bf1d1762f925bdaddc4201f984,UNI,1170504677.400936,,uniswap-v2,0.002099114629976029,0.0010591647714395247,95.24,145.36
2611,Dexes,Balancer V2,0xba100000625a3754423978a60c9317c58a424e3d,BAL,1062290837.2286716,,balancer-v2,-0.0027514289564685157,-0.004564164856221908,-30.59,-75.13
212,Lending,Venus,bsc:0xcf6bb5389c92bdda8a3747ddb454cb7a64626c63,XVS,912834190.5925021,89050005.33910643,venus,0.004234244838152046,0.0030053496792208367,,
359,Algo-Stables,Frax,0x3432b6a60d23ca0dfca7761b7ab56459d9c964d0,FXS,904646869.4249058,,frax,-0.00030954338627919853,-0.0031477267107379303,,
2293,CEX,Bitmex,,-,863679937.218375,,bitmex,0.002565845573244463,-2.737250725770579e-05,,
270,CDP,Liquity,0x6DEA81C8171D0bA574754EF6F8b412F2Ed88c54D,LQTY,725746450.7734761,160067239.76846734,liquity,0.0008493700440803664,-0.00021134858382454436,,
337,Derivatives,GMX,arbitrum:0xfc5A1A6EB076a2C7aD06eD22C90d7E710E35ad0a,GMX,681536899.7782143,609426002.3373923,gmx,0.002625690347347609,0.0031019905911688905,8.86,-56.8
1918,Yield,Aura,0xc0c293ce456ff0ed870add98a0828dd4d2903dbf,AURA,615601769.8483224,55100720.94309143,aura,-0.0059307246330941865,-0.005149049596111399,,
2295,CEX,SwissBorg,,-,596815367.584692,,swissborg,0.0012261639849928674,0.0032652549049667634,,
2088,Lending,Compound V3,0xc00e94cb662c3520282e6f5717214004a7f26888,COMP,572129428.1768261,,compound-v3,0.006878450133178005,0.005507108514904768,,
113,Yield Aggregator,Yearn Finance,0x0bc529c00C6401aEF6D220BE8C6Ea1667F6Ad93e,YFI,458224290.244353,265385332.612244,yearn-finance,-0.002304991455978622,0.0018949702505297594,,
119,Dexes,SushiSwap,0x6b3595068778dd592e39a122f4f5a5cf09c90fe2,SUSHI,433221703.44944423,194649357.33253035,sushiswap,-0.0005920044999473406,-0.0029724783900669793,-45.2,-78.74
1571,Cross Chain,Stargate,0xaf5191b0de278c7286d6c7cc6ab6bb8a73ba2cd6,STG,432186413.8002281,135405321.96749017,stargate,-0.0026709784494823863,0.004116528352236859,,
690,Dexes,SUNSwap,tron:TSSMHYeV2uE9qYH95DqyoCuNCzEL1NvU3S,SUN,408848646.383368,,sunswap,0.0015558685321492849,-4.671333100803032e-05,-4.62,-24.22
115,Synthetics,Synthetix,0xc011a73ee8576fb46f5e1c5751ca3b9fe0af2a6f,SNX,405216554.9599716,750151473.6000612,synthetix,-0.004781221971225436,-0.0009908038187619317,,
2301,CEX,Korbit,,-,350782966.05589646,,korbit,0.0021815817626509304,-0.0003192070622062282,,
144,Derivatives,dYdX,0x92d6c1e31e14520e676a687f0a93788b716beff5,DYDX,343419873.9115242,390005642.31377304,dydx,2.026332642790507e-05,0.00044665924151732206,,
2373,CEX,Binance US,,-,341541472.26359916,,binance-us,0.010313695941009282,0.0027623659377256082,,
326,Yield Aggregator,Beefy,bsc:0xca3f508b8e4dd382ee878a314789373d80a5190a,BIFI,338764990.19,35760033.99529938,beefy,-0.0008944620387960622,-0.001401248063200855,,
1796,Bridge,Poly Network,,-,325039698.06,,poly-network,-0.0004680933721059599,-0.0013474457810741525,,
2221,Liquid Staking,Frax Ether,0x5E8422345238F34275888049021821E8E08CAa1f,frxETH,311116703.0316351,,frax-ether,0.008435790018838096,0.009415202474168272,,
2168,Lending,Morpho Aave,0x9994e35db50125e0df82e4c2dde62496ce330999,MORPHO,310790431.1700392,,morpho-aave,0.0009662076182657131,0.008389615678181084,,
2435,CEX,Nexo,,-,304053809.692507,388671190.4372864,nexo,0.006355841554396058,-0.0013540474482071074,,
1799,Dexes,Velodrome,optimism:0x3c8B650257cFb5f272f799F5e2b4e65093a11a05,VELO,292462197.71121293,29073353.76996644,velodrome,0.0023764491100941587,0.0024858148287709714,-13.28,-56.25
1793,Indexes,Bwatch,0x045414e728067ab3da4bceafc0d992d59183463a,BOX,279520353.36,0.0,bwatch,0.003349631058749525,-0.000228992928263394,,
148,Privacy,Tornado Cash,0x77777feddddffc19ff86db637967013e6c6a116c,TORN,276187113.0861989,11490651.260853354,tornado-cash,0.0006272848562103306,0.0019239759109963561,,
1541,Bridge,Portal,,-,267766647.16,,portal,-0.002680939605017696,-0.0015640377413873585,,
122,Insurance,Nexus Mutual,0xd7c49cee7e9188cca6ad8ff264c1da2e69d4cf3b,NXM,265263145.71795183,344337001.4790723,nexus-mutual,-0.00026100751547963874,0.0003953515994814527,,
347,CDP,Abracadabra,0x090185f2135308bad17527004364ebcc2d37e5f6,SPELL,263520709.93007752,78021051.79210982,abracadabra,0.007958060385907961,0.0032953298321054536,,
132,Bridge,hBTC,0x0316EB71485b0Ab14103307bf65a021042c6d380,hBTC,252159469.29431188,252818869.73798993,hbtc,0.003904452263245206,-0.0004283891528634731,,
2769,Dexes,PancakeSwap AMM V3,bsc:0x0E09FaBB73Bd3Ade0a17ECC321fD13a19e81cE82,CAKE,233230838.6621473,,pancakeswap-amm-v3,0.005304909289512771,0.03989416182290895,51.88,
1765,Launchpad,UniCrypt,0xadb2437e6f65682b85f814fbc12fec0508a7b1d0,UNCX,232767312.41567135,11382513.96992738,unicrypt,0.0023865669261555755,0.0007842374460302892,,
2706,Lending,Radiant V2,arbitrum:0x3082CC23568eA640225c2467653dB90e9250AaA0,RDNT,229313331.86856124,,radiant-v2,0.0056123086776105335,0.009750544559696595,,
340,Reserve Currency,Olympus DAO,0x64aa3364F17a4D01c6f1751Fd97C2BD3D7e7f1D5,OHM,221498436.3244833,289919919.9673487,olympus-dao,-0.0041782133171416325,-0.0018224795841357277,,
657,Bridge,Synapse,0x0f2d719407fdbeff09d87557abb7232601fd9f29,SYN,215510995.93705928,148213168.54906067,synapse,-0.006042453743171583,0.004147768574938038,,
502,Yield,Coinwind,heco:0x80861a817106665bca173db6ac2ab628a738c737,COW,214041272.53750452,0.0,coinwind,0.000412583065466432,6.759989358751106e-05,,
1807,Launchpad,PinkSale,bsc:0x602ba546a7b06e0fc7f58fd27eb6996ecc824689,PINKSALE,199795426.4610533,19279586.85338464,pinksale,0.002226807127206021,0.0029261680108119137,,
641,Liquidity manager,Arrakis V1,,-,187608345.66334692,,arrakis-v1,-0.0030319159319042166,-0.001969298784704754,,
831,Dexes,VVS Finance,cronos:0x2D03bECE6747ADC00E1a131BBA1469C15fD11e03,VVS,187152012.7916179,121816268.99658668,vvs-finance,0.0037908717420245264,-0.00030446196560629524,46.47,32.04
278,Liquid Staking,Ankr,0x8290333cef9e6d528dd5618fb97a76f268f3edd4,ANKR,180464497.9572709,245847701.21687075,ankr,0.0034569986770440764,-0.0014004024739550092,,
1166,Dexes,DefiChain DEX,-,DFI,178342755.09366855,319924941.82186645,defichain-dex,0.0024276147147672678,-0.008262889667541518,-60.83,-52.36
295,Chain,Stacks Staking,-,STX,177455849.55652207,943206123.752897,stacks-staking,-0.047639015656614214,-0.026156792949400987,,
704,Dexes,Chainge Finance,fusion:0xed0294dbd2a0e52a09c3f38a09f6e03de2c44fcf,CHNG,170939754.37515303,49150859.29113048,chainge-finance,6.120586852720322e-05,-0.0002903613176185038,-78.33,-81.68
277,Liquid Staking,StakeWise,0x48c3399719b582dd63eb5aadf12a40b4c3f52fa2,SWISE,168419302.73784462,33784525.912574016,stakewise,0.0009184721294515086,0.0008260411084555219,,
1054,Bridge,ChainPort,0x104f3152d8ebfc3f679392977356962ff36566ac,PORTX,166916873.0,2273246.7690641806,chainport,-0.005273656949293937,-0.0006429130961460583,,
1217,Liquid Staking,Parallel Liquid Crowdloan,,-,166327013.8696782,,parallel-liquid-crowdloan,-0.004302703527662599,-0.002890804692041171,,
383,Dexes,Osmosis DEX,-,OSMO,162624996.161915,422253923.019343,osmosis-dex,-0.0006630318154201564,-0.0007903997412117558,11.37,4.56
1773,NFT Lending,BendDAO Lending,0x0d02755a5700414B26FF040e1dE35D337DF56218,BEND,157159147.2205763,,benddao-lending,-0.0022727314593971037,-0.004742205053452575,,
129,Chain,xDAI Stake Bridge,0x0Ae055097C6d159879521C384F1D2123D1f195e6,STAKE,156087949.15500686,1079896.9304832797,xdai-stake-bridge,-0.0073160247147949775,-0.001548871263156948,,
231,Payments,Lightning Network,-,-,153492800.3292915,,lightning-network,0.0053572451716925595,3.5017589937513804e-05,,
345,Leveraged Farming,Alpaca Leveraged Yield Farming,bsc:0x8f0528ce5ef7b51152a59745befdd91d97091d2f,ALPACA,148585898.120495,38558214.854145646,alpaca-leveraged-yield-farming,0.029343570439740896,-0.012192362033473292,,
1981,Bridge,Orbit Bridge,eth:0x662b67d00A13FAf93254714DD601F5Ed49Ef2F51,ORC,148527675.48655972,0.0,orbit-bridge,-0.0007747020904600443,-0.007473497034892529,,
2517,NFT Lending,ParaSpace Lending,,-,148188097.857608,,paraspace-lending,0.00525430429710827,0.005258008325130348,,
373,Dexes,BiSwap,bsc:0x965f527d9159dce6288a2219db51fc6eef120dd1,BSW,142675833.29705408,62524140.62268628,biswap,-0.00533694734232959,-0.008831887148919138,44.59,1.94
801,Bridge,cBridge,,CELR,141308940.00912657,129285270.2174785,cbridge,-0.00098888425507071,-0.0006705706669346556,,
1879,Liquid Staking,Acala LCDOT,acala:-,ACA,138426756.96657008,,acala-lcdot,-0.004318618042227218,-0.002863354366615778,,
467,Lending,Benqi Lending,avax:0x8729438eb15e2c8b576fcc6aecda6a148776c0f5,QI,137369528.02833462,33440158.65288785,benqi-lending,0.014839569117229168,-0.00041205678589473216,,
504,Algo-Stables,Mento,-,-,129926107.43459761,287781646.19811004,mento,-0.002239739712969646,-0.0029533970929023212,,
2914,Liquid Staking,Binance staked ETH,,-,129720795.98630258,,binance-staked-eth,-0.007586456010228115,-0.007586456010228115,,
116,Dexes,Balancer V1,0xba100000625a3754423978a60c9317c58a424e3d,BAL,129416675.9213714,,balancer-v1,-0.001297187597119831,-0.0016915972339689445,18.34,-80.31
1115,Lending,Tectonic,cronos:0xeAdf7c01DA7E93FdB5f16B0aa9ee85f978e89E95,TONIC,125378188.11352645,35803850.85457588,tectonic,0.00010559453467573476,1.6367801940031512e-05,,
177,Services,DefiSaver,-,-,122042646.72937697,,defisaver,7.942602888300065e-05,-0.008735731445548733,,
279,Liquid Staking,StakeHound,0x160b1e5aabfd70b2fc40af815014925d71ceed7e,-,119899966.5248879,0.0,stakehound,-0.0004042857315864623,0.0003002465666459564,,
2076,Lending,Fraxlend,,-,119056245.79675406,,fraxlend,0.007037453788387493,0.007094575406861647,,
2313,CEX,Firi,,-,112436899.56350172,,firi,0.0024613976423086825,-4.28642508343291e-05,,
126,Dexes,Loopring,0xbbbbca6a901c926f240b89eacb641d8aec7aeafd,LRC,111411096.01468146,414168022.3962166,loopring,-0.0014110244105182135,-0.0030140201743262818,,
412,Dexes,Thorchain,thorchain:0x0000000000000000000000000000000000000000,RUNE,110806021.07949871,396440974.0921627,thorchain,-0.002824643068941479,-0.0024611637207045955,,
508,Dexes,KlaySwap,-,KSP,110656292.59556192,0.0,klayswap,-0.0013329900977874232,-0.002409804846749908,-45.97,-58.67
1044,Liquid Staking,Stader,0x30d20208d987713f46dfd34ef128bb16c404d10f,SD,110186731.90064129,24709668.277316988,stader,-0.004311321654928646,-0.0015633705386921548,,
1864,Launchpad,Team Finance,0xCC4304A31d09258b0029eA7FE63d032f52e44EFe,SWAP,109348744.44764891,27543604.35870558,team-finance,0.00030308048939975407,-0.0015758517778309278,,
2414,NFT Marketplace,Blur,0x5283d291dbcf85356a21ba090e6db59121208b44,BLUR,109131105.88086556,293559054.1328381,blur,0.020863105036386997,-0.006742118289227106,,
2346,CEX,WOO X,,-,108253996.83559877,,woo-x,0.009976472274399573,0.003664248752637711,,
484,Liquid Staking,Marinade Finance,solana:MNDEFzGvMt87ueuHvVU9VcTqsAP5b3fTGPsHuuPA5ey,MNDE,106913783.19818337,7061645.75701496,marinade-finance,-0.03449090137125321,-0.006460533842179927,,
2292,CEX,Cake DeFi,,-,105703133.39068955,,cake-defi,0.0009279459635975762,0.034522105386246116,,
2542,RWA,Ondo Finance,-,-,105249413.40336406,,ondo-finance,0.00090124676694181,0.0139872968986825,,
2305,CEX,MaskEX,,-,102638461.59142718,,maskex,-0.0012350800401343953,0.00028889177870761173,,
1427,Liquid Staking,Benqi Staked Avax,avax:0x2b2C81e08f1Af8835a78Bb2A90AE924ACE0eA4bE,SAVAX,102161600.44101495,102130470.49451023,benqi-staked-avax,-0.00019018432611006553,-0.0004956159980540331,,
435,Cross Chain,Hop Protocol,0xc5102fe9359fd9a28f877a67e36b0f050d81a3cc,HOP,100552669.97140487,8820484.023004854,hop-protocol,-0.0034505029052138703,-0.0006700139847011233,,
355,Liquidity manager,Gamma,0x6bea7cfef803d1e3d5f7c0103f7ded065644e197,GAMMA,98753715.95742942,16148379.882537525,gamma,0.00013032997897943766,0.009864840825266175,,
1167,Synthetics,DefiChain Loans,-,DFI,98155775.49178976,,defichain-loans,0.005852354850058639,-0.00032028963504282526,,
2616,Yield,Conic Finance,0x9ae380f0272e2162340a5bb646c354271c0f5cfc,CNC,96036027.24379936,,conic-finance,0.005333054926578651,0.0045774994525533685,,
2369,CEX,Phemex,,-,95418262.94749379,,phemex,-0.015209065054587412,-0.004438249744822098,,
140,Lending,Kava Lend,-,HARD,93440528.14677432,21870678.904230792,kava-lend,0.009026224213454004,0.0006748938228577916,,
431,Dexes,SUN.io,tron:TSSMHYeV2uE9qYH95DqyoCuNCzEL1NvU3S,SUN,93380669.5263239,56658039.9045822,sun.io,0.033782812798901496,0.015144451552388638,,
2307,Dexes,Camelot V2,arbitrum:0x3d9907F9a368ad0a51Be60f7Da3b97cf940982D8,GRAIL,91499549.98709647,,camelot-v2,0.001933070494785083,-0.0066382075521872475,798.68,585.97
302,Dexes,SpookySwap,fantom:0x841fad6eae12c286d1fd18d1d525dffa75c7effe,BOO,90512401.662955,13527503.575572664,spookyswap,0.001259207982871935,-0.0013619253642777052,-25.28,-45.64
1700,Dexes,Wombat Exchange,bsc:0xad6742a35fb341a9cc6ad674738dd8da98b94fb1,WOM,89690140.20543477,6667293.8378164135,wombat-exchange,-0.0014031587668050793,0.015571531826342966,3.15,-26.3
1087,Lending,Algofi Lend,,-,89551853.10249595,,algofi-lend,-0.003888613385238271,-0.0015976931433896446,,
306,Dexes,Quickswap Dex,polygon:0x831753dd7087cac61ab5644b308642cc1c33dc13,QUICK,89268004.02967809,35275626.63481198,quickswap-dex,-0.00314709564320248,-0.0035755843246763064,-42.33,-62.92
2415,Liquid Staking,OKC Liquid Staking,okexchain:0x97b05e6c5026d5480c4b6576a8699866eb58003b,stOKT,86746009.10106997,,okc-liquid-staking,-0.005691082278077242,0.006130445088683212,,
654,Dexes,Beethoven X,fantom:0xf24bcf4d1e507740041c9cfd2dddb29585adce1e,BEETS,84176012.56773219,5535770.5462464355,beethoven-x,0.0007644776305602008,-0.0028439512245252985,-33.74,-61.25
2298,CEX,Coinsquare,,-,81018837.5831009,,coinsquare,-0.0012121322052183192,-0.003600631082663841,,
266,Indexes,Set Protocol,-,-,80936708.89748725,,set-protocol,-0.002329177780715952,-0.002372031939976038,,
797,Dexes,Katana DEX,,-,80742256.20542046,,katana-dex,-0.021443126353918318,-0.002455083681332737,-35.94,-67.18
1108,Leveraged Farming,Gearbox,0xba3335588d9403515223f109edc4eb7269a9ab5d,GEAR,78975323.41257985,9360189.598428622,gearbox,-0.016615470356774575,-0.007326410907935177,,
2190,Yield,Sushi BentoBox,0x6b3595068778dd592e39a122f4f5a5cf09c90fe2,SUSHI,77531569.38267004,,sushi-bentobox,-0.0013495996651511355,-0.0004780075442927245,,
143,Payments,Flexa,0xff20817765cb7f73d4bde2e66e067e58d11095c2,AMP,76394733.14756288,191256834.67146286,flexa,-0.003932287404542434,-0.0024314615827509822,,
225,Indexes,Enzyme Finance,0xec67005c4e498ec7f55e092bd1d35cbc47c91892,MLN,76159586.45666192,29384449.277494863,enzyme-finance,-0.0026642673946917217,-0.00045766083703946414,,
753,RWA,RealT Tokens,,-,75738433.771,,realt-tokens,0.0009729325432115132,0.0016439240513073106,,
1985,Dexes,Canto Dex,,-,70744656.78553528,,canto-dex,6.249873706920539e-05,0.0024433929562772683,-16.72,-68.04
1995,Dexes,Bancor V3,0x1f573d6fb3f13d689ff844b4ce37794d79a7ff1c,BNT,70717434.90698092,,bancor-v3,-0.004321914185323683,-0.004329874064870176,92.57,-26.21
2807,RWA,MatrixDock,0x530824DA86689C9C17CdC2871Ff29B058345b44a,STBT,68575806.95626791,0.0,matrixdock,0.004510293995250159,0.0013656710281420015,,
1901,Launchpad,DxSale,0xF063fE1aB7a291c5d06a86e14730b00BF24cB589,DX,68455307.65253362,1100624.0582777685,dxsale,-0.002436033991118025,-0.0005722876965800205,,
135,CDP,Kava Mint,,-,67886052.61124468,,kava-mint,-0.009467017882913598,-0.0032500220275110125,,
2678,Lending,Alpaca Lending,bsc:0x8f0528ce5ef7b51152a59745befdd91d97091d2f,ALPACA,67093168.8775112,,alpaca-lending,-0.010852264480238127,-0.020063030125118786,,
2111,Lending,UwU Lend,0x55C08ca52497e2f1534B59E2917BF524D4765257,UWU,65788039.18836444,22593212.881873786,uwu-lend,-0.004488549508402939,-0.0007509597873801566,,
2237,Bridge,Axelar,0x467719ad09025fcc6cf6f8311755809d45a5e5f3,AXL,65393749.347240835,125324701.68960688,axelar,-0.038858254098088074,-0.011133922281908903,,
2121,Dexes,Frax Swap,,-,65335810.70847025,,frax-swap,-0.003845949549773686,-0.001915741921376557,-52.77,-54.19
2529,Dexes,PancakeSwap StableSwap,bsc:0x0E09FaBB73Bd3Ade0a17ECC321fD13a19e81cE82,CAKE,65217297.46691002,,pancakeswap-stableswap,-0.012231815223607279,-0.030924358367527716,63.03,-57.32
2239,Dexes,Quickswap V3,polygon:0xb5c064f955d8e7f38fe0460c556a72987494ee17,QUICK,65019737.50359454,,quickswap-v3,-0.0016555799408887184,0.0019071528925520553,-5.3,0.55
382,Yield,Pendle,0x808507121b80c02388fad14726482e061b8da827,PENDLE,64595590.02711758,44498194.332428545,pendle,0.010308645393234839,0.011679396133465803,,
172,Indexes,Index Coop,0x0954906da0Bf32d5479e25f46056d22f08464cab,INDEX,62845931.16141771,11858500.8204453,index-coop,-0.0026966607095542106,-0.0023242944240385865,,
243,Yield Aggregator,Flamincome,0x57dD84042ec9507963016596A34EdaD42F7e4CCE ,FLAG,62439020.587355115,,flamincome,0.001555886410362639,-5.920714403429006e-05,,
951,Dexes,4Swap,,-,62029272.56,,4swap,0.0006094548711248482,-0.0009315943793087866,61.45,28.08
2654,Staking,ParaSpace APE Staking,,-,61799118.4409189,,paraspace-ape-staking,0.01591276669059183,0.011582461293312418,,
2038,CDP,Helio Protocol,bsc:0x0782b6d8c4551B9760e74c0545a9bCD90bdc41E5,HAY,61125229.81796144,39464365.931116916,helio-protocol,0.0002024011967476369,-0.0009923773187068274,,
2311,CEX,CoinDCX,,-,60481437.19131944,,coindcx,-0.0005419837774701675,-0.0013853181426081163,,
2205,CDP,Pando Leaf,,-,60253194.067337,,pando-leaf,0.0027478187511187357,-0.001563669874683371,,
1453,Lending,EOS REX,eos:eos,EOS,59999304.0655052,1118949762.9245176,eos-rex,-0.0046999257418172125,-0.005240162344689825,,
249,Yield,StakeDAO,0x73968b9a57c6e53d41345fd57a6e6ae27d6cdb2f,SDT,59176726.35806835,21969288.43899955,stakedao,-0.010415411067529079,-0.002298907578478615,,
1544,Yield,Concentrator,ethereum:0xb3Ad645dB386D7F6D753B2b9C3F4B853DA6890B8,CTR,57979953.96741796,0.0,concentrator,-0.019878491844607993,-0.003676773135401712,,
2817,Indexes,Agility LSD,0x5f18ea482ad5cc6bc65803817c99f477043dce85,AGI,57900677.4300457,0.0,agility-lsd,-0.14891699292971905,-0.035355785913453786,,
160,Yield,Homora V2,0xa1faa113cbe53436df28ff0aee54275c13b40975,ALPHA,57873717.5555606,103232428.05556174,homora-v2,-0.000464781465663755,-0.0006639429976786904,,
1018,Derivatives,Gains Network,polygon:0xe5417af564e4bfda1c483642db72007871397896,GNS,57625085.180414535,172198618.8505823,gains-network,-2.2351766193473566e-05,0.0020102638103483006,,
2417,Dexes,THENA V1,bsc:0xf4c8e32eadec4bfe97e0f595add0f4450a863a11,THE,57287960.77397169,6907397.879369501,thena-v1,-0.015483692219575351,-0.015253366855187411,-33.26,-49.71
1738,Liquid Staking,Bifrost Liquid Staking,kusama:-,BNC,56570199.71281075,3596741.154909785,bifrost-liquid-staking,-0.03237035023843282,0.0035096599571813325,,
425,Yield,Tranchess,bsc:0x20de22029ab63cf9A7Cf5fEB2b737Ca1eE4c82A6,CHESS,56392070.25893716,27336325.77500493,tranchess,0.00018524982758805209,-0.0013941969977658841,,
2226,Yield,Wombex Finance,bsc:0xa75d9ca2a0a1D547409D82e1B06618EC284A2CeD,WMX,56125456.947399944,2423020.290424096,wombex-finance,-0.003268093411627482,0.016250352206979013,,
204,Synthetics,Alchemix,0xdBdb4d16EdA451D0503b854CF79D55697F90c8DF,ALCX,55019413.23332343,31872524.300558485,alchemix,0.0037086514199897724,0.0026399498087881224,,
854,Dexes,xExchange,elrond:MEX-455c57,MEX,54403907.328663,22838349.428953424,xexchange,0.006285356937504094,-0.009110007091873373,-39.25,-24.82
449,CDP,QiDao,polygon:0x580a84c73811e1839f75d86d75d88cca0c241ff4,QI,53908518.32725148,5565589.946346484,qidao,-0.019794742089439432,-0.003622118521416917,,
334,Dexes,MDEX,bsc:0x9c65ab58d8d978db963e63f2bfb7121627e3a739,MDX,52491568.095431685,71216157.4270759,mdex,-0.001884178161743466,-0.005204018668550914,-44.78,-69.31
208,Yield Aggregator,ACryptoS,bsc:0x4197c6ef3879a08cd51e5560da5064b773aa1d29,ACS,50798502.949999996,2455531.9889774346,acryptos,-0.004581763915000536,0.005003506826499304,,
1494,Dexes,Minswap,cardano:asset1d9v7aptfvpx7we2la8f25kwprkj2ma5rp6uwzv,MIN,50101055.97293521,0.0,minswap,-0.004783278235932609,-0.00228624621697171,-13.02,-28.52
121,Lending,CREAM Finance,0x2ba592F78dB6436527729929AAf6c908497cB200,CREAM,48735378.05443028,11570415.196010878,cream-finance,0.00013468964845930742,0.0003007374781658356,,
2266,Yield Aggregator,Kava Earn,,-,48717007.371039614,,kava-earn,0.034199164871859145,0.006880305202814352,,
1556,Bridge,Terra Bridge,,-,48686756.71028656,,terra-bridge,-0.00817628122343328,-0.006333264363628799,,
2262,Liquid Staking,Kava Liquid,,-,48600476.00540503,,kava-liquid,0.03357193864939245,0.006904832146008566,,
468,Dexes,Trader Joe DEX,avax:0x6e84a6216ea6dacc71ee8e6b0a5b7322eebc0fdd,JOE,48439808.352717154,,trader-joe-dex,-0.010546877080878647,-0.006173370095606812,-17.13,-69.28
2728,Dexes,SyncSwap,,-,47674238.41630615,,syncswap,0.03724117984539954,0.020554706373365317,,
612,Lending,Vires Finance,waves:DSbbhLsSTeDg5Lsiufk2Aneh3DjVqJuPr2M9uU1gwy5p,VIRES,46408582.24555452,3043046.1422511907,vires-finance,0.002081769979641379,0.000554250638559628,,
304,Dexes,Flamingo Finance,,FLM,45807943.74906472,43314893.32509276,flamingo-finance,0.0009104266897430602,-0.001964491696798687,80.05,45.66
123,Lending,dForce,0x431ad2ff6a9c365805ebad47ee021148d6f7dbe0,DF,45801033.780571654,25237223.696960315,dforce,0.008229703067669902,0.001153990101635971,,
331,Lending,MoneyOnChain,rsk:0x9AC7fE28967B30E3A4e6e03286d715b42B453D10,MOC,44924319.38677298,,moneyonchain,0.003061611658509822,-0.0011685549680995333,,
643,Lending,Geist Finance,fantom:0xd8321AA83Fb0a4ECd6348D4577431310A6E0814d,GEIST,44427290.025666006,4223259.699923897,geist-finance,-0.0038477195322281776,0.0014152471031960712,,
2461,Bridge,Ad-Astra Bridge,,-,43937291.989137694,,ad-astra-bridge,0.010362695606094263,-0.0014103583352447213,,
1207,Cross Chain,Across,0x44108f0223A3C3028F5Fe7AEC7f9bb2E66beF82F,ACX,43735506.13748728,7734807.400018818,across,-0.0011339801961813833,-0.0049715663065244,,
146,Dexes,DODO,0x43Dfc4159D86F3A37A5A4B3D4580b888ad7d4DDd,DODO,43370199.21421437,61876771.59838967,dodo,0.0020935340227965504,0.003061262986914448,14.21,-57.09
2235,Liquid Staking,Algo Liquid Governance,,-,41745986.63715131,,algo-liquid-governance,-0.004515490717201365,0.0400445318093936,,
2626,Liquid Staking,ether.fi,,-,41656720.6897967,,ether.fi,0.008485549308281604,0.02148823229124508,,
2395,Derivatives,Level Finance,bsc:0xB64E280e9D1B5DbEc4AcceDb2257A87b400DB149,LVL,40979795.249276504,,level-finance,-0.0022644306099761646,0.014597869214895365,12.04,-21.01
1772,Derivatives,ApolloX,bsc:0x78F5d389F5CDCcFc41594aBaB4B0Ed02F31398b3,APX,40925742.16917989,28623613.71785726,apollox,0.0032155027525262447,0.006001570271364942,,
173,Yield Aggregator,Badger DAO,0x3472A5A71965499acd81997a54BBA8D852C6E53d,BADGER,39892752.71999999,52013892.05808748,badger-dao,-0.0017898618369457386,-0.00014362637716192062,,
475,Yield Aggregator,Yield Yak Aggregator,avax:0x59414b3089ce2af0010e7523dea7e2b35d776ec7,YAK,39877660.86358409,4739156.91702553,yield-yak-aggregator,-0.0019139607462961283,-4.9473621046569605e-05,,
283,Dexes,Orca,solana:orcaEKTdK7LKz57vaAYr9QeNsVEPfiu6QeMU1kektZE,ORCA,39145118.60755537,17783699.606709167,orca,0.0010503895143243458,0.0011808926685898946,19.68,-15.43
1882,Dexes,Ferro,cronos:0x39bC1e38c842C60775Ce37566D03B41A7A66C782,FER,39021167.31523903,22691783.470608983,ferro,-0.0026805190520906574,0.0016001755809069707,1149.92,-32.32
2169,Dexes,BabyDogeSwap,bsc:0xc748673057861a797275CD8A068AbB95A902e8de,BabyDoge,39012753.82900095,407822343.93268454,babydogeswap,-0.020009241176465964,-0.006892102816352219,52.26,-22.2
427,Yield Aggregator,Origin Dollar,0x9c354503c38481a7a7a51629142963f98ecc12d0,OGV,38766329.332737446,3159908.1257687607,origin-dollar,0.0001427136383405081,0.003456164224466818,,
636,Derivatives,Keep3r Network,0x1ceb5cb57c4d4e2b2433641b95dd330a33185a44,KP3R,38055653.43979078,34250630.222668976,keep3r-network,0.00569699491127551,0.01298497767862039,,
1848,CDP,Acala Dollar,acala:-,aUSD,37626244.38762353,,acala-dollar,0.005398043777402606,-0.0074701855702624664,,
2142,Lending,Sonne Finance,optimism:0x1db2466d9f5e10d7090e7152b68d62703a2245f0,SONNE,36709833.603476554,5497081.087111928,sonne-finance,-0.003093827388196191,-0.0022189546992489317,,
1986,Lending,Canto Lending,,-,36695369.08739703,,canto-lending,-6.126800522476827e-05,0.004101800312600323,,
758,Reserve Currency,Spartacus,fantom:0x5602df4a94eb6c680190accfa2a475621e0ddbdc,SPA,36523258.78685649,0.0,spartacus,0.05103509929542116,0.0016241265556204976,,
438,Yield,Tokemak,0x2e9d63788249371f1dfc918a52f8d799f4a38c94,TOKE,36471591.38850447,11904603.660172664,tokemak,-0.0049193081145486595,-0.0037075104020630745,,
2622,Lending,Mare Finance,kava:0xd86C8d4279CCaFbec840c782BcC50D201f277419,MARE,36201416.27488728,,mare-finance,-0.024647029715643476,0.006787626447585238,,
2675,Dexes,Ramses Exchange,arbitrum:0xaaa6c1e32c55a7bfa8066a6fae9b42650f262418,RAM,36145618.64133571,1541072.8798078017,ramses-exchange,-0.026424254304001416,-0.006285764058106991,-33.73,-75.0
522,Reserve Currency,Wonderland,avax:0x0da67235dD5787D67955420C84ca1cEcd4E5Bb3b,wMEMO,36129797.777043946,0.0,wonderland,-0.0027273138054544344,0.010334646527389246,,
1955,Lending,Parallel Lending,,-,36031063.67289795,,parallel-lending,-0.005703268984551091,-0.003524956145365299,,
2020,Lending,Silo Finance,0x6f80310ca7f2c654691d1383149fa1a57d8ab1f8,SILO,35939911.49234029,22884006.697981283,silo-finance,0.01330711568629983,0.005510658579617411,,
1272,Bridge,ioTube,,-,35621462.26271733,0.0,iotube,0.0029879361607658694,-0.002590791867551734,,
2539,Indexes,unshETH,0xe60779cc1b2c1d0580611c526a8df0e3f870ec48,USH,35003636.41596271,17355209.956360977,unsheth,0.010490355781050065,0.028497721760252004,,
547,Cross Chain,pNetwork,0x89ab32156e46f46d02ade3fecbe5fc4243b9aaed,PNT,34919182.930151515,13041893.445930576,pnetwork,0.0031109258692831876,-0.000613483785755875,,
944,Dexes,Platypus Finance,avax:0x22d4002028f537599be9f666d1c4fa138522f9c8,PTP,34824516.85804466,3481143.104556947,platypus-finance,0.0005588611626883289,0.00018686666053757683,2.65,-30.6
246,Dexes,Pangolin,avax:0x60781C2586D68229fde47564546784ab3fACA982,PNG,34642213.01273517,6222346.353609617,pangolin,6.093726846789771e-05,-0.003317391352223531,19.18,-33.81
2906,Dexes,Joe V2.1,avax:0x6e84a6216ea6dacc71ee8e6b0a5b7322eebc0fdd,JOE,34241773.64688794,,joe-v2.1,0.024711317096328678,0.05674633593556222,,
1619,NFT Lending,JPEG'd,0xe80c0cd204d654cebe8dd64a4857cab6be8345a3,JPEG,34212621.02028696,13293404.776426276,jpegd,-0.005205875659677561,0.0026298859220930115,,
1853,Lending,Moonwell Artemis,moonbeam:0x511aB53F793683763E5a8829738301368a2411E3,WELL,34188648.21489,3672195.321390757,moonwell-artemis,-0.0008488363803275112,-0.0012198375842882303,,
2254,Derivatives,MUX Protocol,0x4e352cf164e64adcbad318c3a1e222e9eba4ce42,MCB,33755918.95757316,58102669.16758719,mux-protocol,0.006968737750381093,0.01738457744759736,,
190,Indexes,dHEDGE,0xca1207647ff814039530d7d35df0e1dd2e91fa84,DHT,33652410.54270604,6716826.650893642,dhedge,0.002594589378183798,0.0066450244666014235,,
1525,Yield,Vector Finance,avax:0x5817d4f0b62a59b17f75207da1848c2ce75e7af4,VTX,33628342.21830226,1669352.6674270637,vector-finance,-0.006581466617155973,-0.0037813717418779813,,
398,Dexes,ApeSwap AMM,bsc:0x603c7f932ed1fc6575303d8fb018fdcbb0f39a95,BANANA,32858693.049427886,,apeswap-amm,-0.0023498676220783388,-0.008036289900081872,-37.25,12859.11
207,Insurance,Unslashed,0xe0e05c43c097b0982db6c9d626c4eb9e95c3b9ce,USF,32664132.859455824,601018.5279308882,unslashed,-0.0003415188102862121,0.0005603869034427333,,
1928,Services,CIAN,,-,32511312.08,,cian,0.001358641106065095,-0.009123727441173846,,
2537,Lending,Flux Finance,,-,32356028.98847593,,flux-finance,0.007603501425573089,0.00291701598729599,,
2707,Services,SPL Governance,,-,32325478.00743275,,spl-governance,0.0002931748189864969,8.523462031506668e-06,,
781,Reserve Currency,Klima DAO,polygon:0x4e78011ce80ee02d2c3e649fb657e45898257815,KLIMA,31997555.87851067,17931292.289147723,klima-dao,0.0014365352209573246,-0.00854111730815843,,
1433,Options Vault,Jones DAO,arbitrum:0x10393c20975cf177a3513071bc110f7962cd67da,JONES,31727230.929830503,8463548.823852815,jones-dao,0.009222607062205013,0.002637511628389655,,
149,Lending,B.Protocol,0xbbBBBBB5AA847A2003fbC6b5C16DF0Bd1E725f61,BPRO,31681188.383540723,5064089.489861286,b.protocol,0.07901228413883898,0.0027665844904927184,,
265,CDP,Reflexer,0x6243d8cea23066d098a15582d81a598b4e8391f4,FLX,31561741.318791565,12865715.653786879,reflexer,-0.0007652041054883041,-0.0006715782952909644,,
276,Liquid Staking,Stafi,0xef3A930e1FfFFAcd2fc13434aC81bD278B0ecC8d,FIS,31393496.677181024,23906819.933118887,stafi,-0.004926477829872766,-0.0012941216121757915,,
954,Lending,REX Staking,,-,31205257.82800655,,rex-staking,0.015528330774145838,0.006309066913190664,,
2251,Liquid Staking,Stride,,STRD,30938781.96454121,114143145.13648088,stride,0.010830692594355762,0.011347415222063839,,
281,Options Vault,Ribbon,0x6123b0049f904d730db3c36a31167d9d4121fa6b,RBN,30758274.221469454,,ribbon,-0.0005856912311162921,-0.0034035966358128,,
507,Dexes,DefiBox,bsc:0x708c0e1d2417603d9acb0ae04fefbb93a7a322ff,BOX,30563036.695892192,3181699.084620952,defibox,-0.006640238685471367,-0.004304258363942992,-75.03,-71.81
1523,Liquid Staking,KLAYstation,,-,30045876.05,,klaystation,0.0009635244384880171,-0.0008445298550345814,,
1181,Dexes,MojitoSwap,kcc:0x2ca48b4eea5a731c2b54e7c3944dbdb87c0cfb6f,MJT,29637401.396600366,0.0,mojitoswap,-0.001875180888805894,-0.0006438839999816093,-4.54,-35.36
275,Liquid Staking,SharedStake,0x84810bcf08744d5862b8181f12d17bfd57d3b078,SGT,29342713.463311553,1606364.4520767827,sharedstake,-0.00040426002246019,0.0003001723033957404,,
1023,Yield,Overnight USD+,polygon:0x236eeC6359fb44CCe8f97E99387aa7F8cd5cdE1f,USD+,28840570.378083512,35117051.00922433,overnight-usd+,-0.003756596200789275,0.007394991958285857,,
520,Synthetics,Youves,tezos:KT1Xobej4mc6XgEjDoJoHtTKgbD1ELMvcQuL,YOU,28611698.67995034,2812288.6742483005,youves,-0.0023197624514978976,-0.002694817234043856,,
397,Dexes,ShibaSwap,0x9813037ee2218799597d83d4a5b6f3b6778218d9,BONE,28504998.440285828,212842477.37856025,shibaswap,-0.008291670721997546,-0.0042687834615844356,17.05,-79.89
503,Options,Lyra,optimism:0x50c5725949a6f0c72e6c4a641f24049a917db0cb,LYRA,28373667.736393496,33658057.681601785,lyra,-0.0021631122416513326,-0.0052175156199667505,-36.74,-57.17
214,Dexes,Raydium,4k3Dyjzvzp8eMZWUXbBCjEvwSkkk59S5iCNLY3QrkX6R,RAY,28282466.230462115,46320408.32678872,raydium,-0.014337289448558721,-0.009228572099228782,9.76,16.9
2332,Dexes,Equalizer Exchange,fantom:0x3Fd3A0c85B70754eFc07aC9Ac0cbBDCe664865A6,EQUAL,27773346.33948459,975693.393638325,equalizer-exchange,-0.006737586900181225,-0.006886118069251879,-31.55,-68.66
2309,CDP,Indigo,cardano:asset1u8caujpkc0km4vlwxnd8f954lxphrc8l55ef3j,INDY,27557228.47416547,7101065.177362762,indigo,-0.003269968648367594,0.0034490466435646017,,
1491,Bridge,RelayChain,0x5d843fa9495d23de997c394296ac7b4d721e841c,RELAY,27497582.520623736,1453129.4865540178,relaychain,-0.010331115256558276,-0.015609237901972772,,
183,Lending,Wing Finance,-,WING,27363366.0,20953370.139362216,wing-finance,-0.003317655020044885,-0.004109816658808607,,
1952,RWA,Lofty,,-,27352582.0,,lofty,-0.002065336652760652,0.00021978088772844906,,
117,Bridge,RenVM,0x408e41876cccdc0f92210600ef50372656052a38,REN,26763172.580441974,90041486.66529067,renvm,-0.0034917307085107208,-0.006001260450977486,,
2255,NFT Lending,NFTfi,,-,26612455.189631306,,nftfi,0.008699118410194329,-0.0005479784805966226,,
1250,Yield,Llama Airforce,,-,26415407.264496557,,llama-airforce,-0.006782202330524512,-0.000862517230693971,,
2147,Derivatives,IPOR,0x1e4746dc744503b53b4a082cb3607b169a289090,IPOR,26254889.62197125,3245969.708111896,ipor,-0.014196416230189524,-0.006747970786195823,,
506,Yield,Tetu Earn,polygon:0x255707b70bf90aa112006e1b07b9aea6de021424,TETU,26147386.07457815,,tetu-earn,-0.08591491919255856,-0.014993390761882441,,
434,Lending,Tarot,fantom:0xc5e2b037d30a390e62180970b3aa4e91868764cd,TAROT,26120764.038178835,4695098.012074081,tarot,-0.0029098822557901416,-0.002934691322151184,,
2679,Lending,Kleva Lend,klaytn:0x5fff3a6c16c2208103f318f4713d4d90601a7313,KLEVA,26117667.509156756,,kleva-lend,-0.007812024976444065,-0.002180369078703559,,
2231,RWA,Tangible,polygon:0xb5DFABd7fF7F83BAB83995E72A52B97ABb7bcf63,USDR,25861311.388016045,0.0,tangible,0.0139577577762946,0.0200184891945534,,
2099,Dexes,OKCSwap,,-,25809232.649263736,,okcswap,-0.0018655716795776822,-0.0010941684799925522,-45.79,17.42
756,CDP,Angle,0x31429d1856aD1377A8A0079410B297e1a9e214c2,ANGLE,25720978.04595607,7888053.508446095,angle,-0.009560516665509722,-0.01820252749430562,,
2685,Dexes,Arbitrum Exchange,arbitrum:0xD5954c3084a1cCd70B4dA011E67760B8e78aeE84,ARX,25714394.595610194,0.0,arbitrum-exchange,-0.014987066431089269,-0.03615477474115025,,
1883,Dexes,iZiSwap,0x9ad37205d608B8b219e6a2573f922094CEc5c200,IZI,25667861.724811055,,iziswap,0.018162274299006187,0.08211417132675813,-31.44,-54.65
217,Cross Chain,Connext,-,-,25660398.824174374,,connext,0.005383898318099156,0.04637987010959965,,
1660,Dexes,Swappi,conflux:0x22f41abf77905f50df398f21213290597e7414dd,PPI,24624409.430787772,0.0,swappi,0.014866367572810013,0.0014960828964867279,-25.49,-59.68
660,Options,Dopex,0xeec2be5c91ae7f8a338e1e5f3b5de49d07afdc81,DPX,24516020.1191168,44497743.58775634,dopex,-0.0031376959193916143,-0.0036533800698819174,,
580,Dexes,SashimiSwap,0xC28E27870558cF22ADD83540d2126da2e4b464c2,SASHIMI,24185030.868662547,1236181.0923428633,sashimiswap,-0.0005103543434891167,0.00022745192352235932,,
573,Lending,Liqee,-,LQE,23822984.590461,,liqee,-0.007098644626479023,-0.006960044680814015,,
2864,Dexes,THENA FUSION,bsc:0xf4c8e32eadec4bfe97e0f595add0f4450a863a11,THE,23743086.793617748,,thena-fusion,0.020286871134896467,0.018224475121390693,279.36,
285,Options,Opyn Gamma,,-,23659673.005086076,,opyn-gamma,-0.007927822772306747,-0.0038250387057976454,,
162,Dexes,Bancor V2.1,0x1f573d6fb3f13d689ff844b4ce37794d79a7ff1c,BNT,23416759.683938924,,bancor-v2.1,-0.004688983657134105,-0.0045323123474720894,-67.51,-29.23
1881,Indexes,Toros,,-,23398730.698648177,,toros,0.006443180015518024,0.006078453550198537,,
1878,Derivatives,ApeX Protocol,0x52a8845df664d76c69d2eea607cd793565af42b8,APEX,23332835.379600745,13309164.173334185,apex-protocol,0.00434732196683596,0.07659377134969203,,
238,Dexes,Ellipsis Finance,bsc:0xA7f552078dcC247C2684336020c03648500C6d9F,EPS,23169544.892074145,25897662.92310986,ellipsis-finance,0.0005168575952350096,-0.00018087208006789535,-33.86,-26.15
832,Reserve Currency,Hector Treasury,fantom:0x5C4FDfc5233f935f20D2aDbA572F770c2E377Ab0,HEC,22965847.71085712,,hector-treasury,-0.0017758354667698484,-0.004024940535252375,,
1315,Liquid Staking,NeoBurger,,-,22371745.904467322,,neoburger,-0.004824674590373279,-0.005468710139018396,,
1953,RWA,Toucan Protocol,,-,22274304.731999997,,toucan-protocol,-0.0005946480978699098,-0.011375272756755428,,
458,Lending,Solend,solana:SLNDpmoWTVADgEdndyvWzroNL7zSi1dF9PC3xHGtPwp,SLND,22270152.28704526,13430517.192084089,solend,0.009517934981539078,0.0034664862623048354,,
1303,Lending,Iron Bank,fantom:0x00a35FD824c717879BF370E70AC6868b95870Dfb,IB,22232571.057964172,259583.49518187004,iron-bank,-0.000486704835004903,-0.0009103294850876242,,
1052,Dexes,Astroport,terra:terra1xj49zyqrwpv5k928jwfpfy2ha668nwdgkwlrg3,ASTRO,21943989.075750336,448959.78924423165,astroport,0.011964710837053305,0.005451974211733601,,
2844,CDP,Sovryn Zero,rsk:0xEfC78FC7D48B64958315949279bA181C2114abbD,SOV,21639182.710423917,,sovryn-zero,0.004891160978769626,-0.0010641829752947585,,
1979,Dexes,SaucerSwap,hedera:0.0.731861,SAUCE,21231468.0946,7760177.4323695535,saucerswap,0.004073831687821938,-0.004295094904084307,60.49,-30.48
519,Dexes,Tezos Liquidity Baking,tezos:KT1TxqZ8QtKvLu3V3JH7Gx58n7Co8pgtpQU5,-,21209815.468554433,,tezos-liquidity-baking,0.0029683449973527676,-0.00015391625446570245,,
127,Dexes,KyberSwap Classic,0xdefa4e8a7bcba345f687a2f1456f5edd9ce97202,KNC,21187763.7122568,,kyberswap-classic,0.0003393602309340604,-0.0006945460020941763,22.6,-37.91
2137,CDP,DeFi Franc,0x045da4bFe02B320f4403674B3b7d121737727A36,DCHF,21045036.89040905,,defi-franc,0.0032008915605850063,0.004969116571505339,,
483,NFT Marketplace,NFTX,0x87d73e916d7057945c9bcd8cdd94e42a6f47f776,NFTX,20920237.04986596,7038681.027355934,nftx,0.006800282474249242,-0.001981072273942397,,
2479,Leveraged Farming,DeltaPrime,,-,20607693.473252162,,deltaprime,0.0050066188390180955,0.006861888976645192,,
150,Yield Aggregator,Idle,0x875773784Af8135eA0ef43b5a374AaD105c5D39e,IDLE,20601675.415569995,1445270.1180950373,idle,0.02290663160656714,0.002962292933636146,,
329,Dexes,Sovryn Dex,rsk:0xEfC78FC7D48B64958315949279bA181C2114abbD,SOV,20377262.160000004,13633989.667314634,sovryn-dex,0.0054587190365151805,-0.007821571779957348,,
2108,Dexes,W3swap,bsc:0xc5db5afee4c55dfad5f2b8226c6ac882e6956a0a,OSK-DAO,20157316.328208134,,w3swap,-0.020379499249505106,-0.007059292644152393,,
2112,Liquid Staking,Stake.ly,klaytn:0xF80F2b22932fCEC6189b9153aA18662b15CC9C00,stKLAY,20107517.962169804,,stake.ly,-0.0013798073650420628,-0.0014402495794432202,,
251,CDP,Mimo Protocol,0x90b831fa3bebf58e9744a14d638e25b4ee06f9bc,MIMO,19882370.270428747,16529541.936151031,mimo-protocol,-9.618900872865321e-05,0.00030473574826550553,,
1726,Dexes,Meshswap,polygon:0x82362ec182db3cf7829014bc61e9be8a2e82868a,MESH,19531068.820471477,0.0,meshswap,-0.002089299088827379,-0.003179013885848403,-9.97,-39.04
151,Dexes,Rhino.fi,0xdddddd4301a082e62e84e43f474f044423921918,DVF,19340035.346767504,16986071.135717105,rhino.fi,-0.0032084797618990857,-0.00044504315665372385,,
1466,Dexes,ALEX,stacks:SP3K8BC0PPEVCV7NZ6QSRWPQ2JE9E5B6N3PA0KBR9,ALEX,19131562.688345436,29884817.3070863,alex,-0.0032484838241788605,-0.006390821307332595,159.79,264.12
2644,Dexes,Maverick Protocol,,-,19089640.358743723,,maverick-protocol,0.0032853774156715865,0.008397026329590496,14.44,8.72
2393,Dexes,Joe V2,avax:0x6e84a6216ea6dacc71ee8e6b0a5b7322eebc0fdd,JOE,19025292.74889197,,joe-v2,-0.04851071053454781,-0.02861067379643234,-51.01,-87.12
2086,Yield,Rage Trade,,-,18893763.627345,,rage-trade,-0.0020194602353331703,2.1535152551210857e-05,,
2782,RWA,Aktionariat,0x6f38e0f1a73c96cb3f42598613ea3474f09cb200,DAKS,18864078.56198904,,aktionariat,-0.0009015737445040584,0.08710539960290986,,
2363,CEX,Hotbit,,-,18863052.057472207,,hotbit,-0.015865190971328547,-0.005620857190655748,,
209,Yield Aggregator,Autofarm,bsc:0xa184088a740c695e156f91f5cc086a06bb78b827,AUTO,18751654.49637751,2679828.978164721,autofarm,-0.0032442976177666782,-0.007522983067543065,,
2271,Yield,Magpie,bsc:0xD06716E1Ff2E492Cc5034c2E81805562dd3b45fa,MGP,18653032.990693655,0.0,magpie,-0.007618359508014927,0.023264968051018853,,
145,Dexes,Serum,,SRM,18160381.973933585,43866066.21115721,serum,0.00044264752343692315,0.0004986664906303506,,
253,Lending,BiFi,0x2791BfD60D232150Bff86b39B7146c0eaAA2BA81,BiFi,18062779.203785263,2573502.034294255,bifi,0.0036210967507559477,-0.0010759942232113628,,
541,Dexes,Ref Finance,-,REF,18029326.739002116,3257220.4869877407,ref-finance,0.004745562957463312,-0.030379913022017258,22.38,-74.64
2385,Lending,Exactly,,-,18005475.379974134,,exactly,0.017309082676021603,0.041265845865798845,,
1601,Dexes,WingRiders,cardano:asset18v68f0vgv2nc3at8cuuem7f3fztwqcq2usgjyp,WRT,17839182.20243563,0.0,wingriders,0.005262657946550009,-0.000228097063220023,-16.97,-14.84
362,Derivatives,Perpetual Protocol,0xbc396689893d065f41bc2c6ecbee5e0085233447,PERP,17753609.93392086,45543012.128541775,perpetual-protocol,0.0006260441640748571,0.0002993648286728767,,
2403,Derivatives,NestFi,0x04abeda201850ac0124161f037efd70c74ddc74c,NEST,17501945.35960844,,nestfi,0.009722736442236535,-0.0013982408830749415,,
2753,Dexes,Velocore,,VC,17368000.13318862,,velocore,-1.2304315658129283e-05,0.034806608048095766,,
318,Dexes,Dfyn Network,polygon:0xc168e40227e4ebd8c1cae80f7a55a4f0e6d66c97,DFYN,17320403.397212666,6844213.301496405,dfyn-network,-0.0016192540135395728,-0.001846914827727586,-4.49,35.36
2554,Staking,BendDAO APE Staking,0x0d02755a5700414B26FF040e1dE35D337DF56218,BEND,17182404.37052082,,benddao-ape-staking,-0.0010128555635968706,-0.01070698732948594,,
1873,Lending,Torches,,-,17147612.1038595,,torches,1.111297427502933e-05,-0.000219065578888622,,
2153,Yield Aggregator,LUSD ChickenBonds,0xB9D7DdDca9a4AC480991865EfEf82E01273F79C3,bLUSD,17100138.72861718,,lusd-chickenbonds,-0.0005493798550589846,-0.0017800540491653694,,
557,Liquid Staking,Meta Pool,near:-,META,17089197.778325,0.0,meta-pool,-0.002267139879509439,-0.00015411475714666167,,
961,Reserve Currency,Fantohm,0xfa1fbb8ef55a4855e5688c0ee13ac3f202486286,FHM,17055133.941236116,3336930.0461645406,fantohm,-0.0022142014445775127,-0.00018766506622125423,,
239,Services,PoolTogether,0x0cec1a9154ff802e7934fc916ed7ca50bde6844e,POOL,17032698.942894578,2503712.994804459,pooltogether,-0.01809106718463438,-0.022504897181380046,,
653,Dexes,Atrix,,-,16908975.797023196,,atrix,-0.004558442486081726,-0.0021296618789748978,,
1650,Liquid Staking,sICX,icx:cx2609b924e33ef00b648a409245c7ea394c467824,sICX,16892954.493448425,0.0,sicx,-0.0015873675461679504,-0.003988562237149829,,
2586,Dexes,Equilibre,kava:0xE1da44C0dA55B075aE8E2e4b6986AdC76Ac77d73,VARA,16879656.693771333,,equilibre,-0.028880331711559237,-0.003928707622231631,-33.09,-60.36
2413,Dexes,Decryption,tlchain:0x24d8421cE5709AE8e957Cf0FA046622CA599411c,X,16772208.868987212,,decryption,0.0014595457729318362,0.0006897441397817339,,
2139,Yield Aggregator,Sommelier,0xa670d7237398238de01267472c6f13e5b8010fd1,SOMM,16724719.061245497,30806495.05330641,sommelier,0.00025256602632905967,0.004085524837221133,,
1642,Lending,Folks Finance Lending,,-,16686643.647349,,folks-finance-lending,-0.002773790324302139,0.01593661211328934,,
1444,CDP,Vesta Finance,arbitrum:0xa684cd057951541187f288294a1e1C2646aA2d24,VSTA,16298305.656171348,4283818.09638786,vesta-finance,-0.0024308008970131967,-0.00032833215801597593,,
726,Yield,Solo Top,,-,16246299.378803093,,solo-top,6.784242185742251e-05,-0.0004530680478864735,,
2361,Derivatives,Mummy Finance,fantom:0x01e77288b38b416F972428d562454fb329350bAc,MMY,16015029.191427857,7234618.94849621,mummy-finance,-0.002170707395564797,-0.004853440979154189,-32.96,-43.7
2339,Lending,Lodestar Finance,arbitrum:0xF19547f9ED24aA66b03c3a552D181Ae334FBb8DB,LODE,15890658.400733516,2647831.4522715434,lodestar-finance,0.01294024992714915,0.051827589232633864,,
2157,Lending,Green Planet,bsc:0xb3cb6d2f8f2fde203a022201c81a96c167607f15,GAMMA,15646214.00177651,,green-planet,0.0029575316394969686,0.003580228912200667,,
394,Yield Aggregator,Reaper Farm,fantom:0x21ada0d2ac28c3a5fa3cd2ee30882da8812279b6,OATH,15461463.170542132,14442994.433566753,reaper-farm,0.002908543866682267,-0.008054826160748485,,
220,Yield Aggregator,Vesper,0x1b40183efb4dd766f11bda7a7c3ad8982e998421,VSP,15420407.12105662,3285492.7428344972,vesper,0.004721185323978139,0.0024700354799065405,,
1577,Lending,Sturdy,,-,15304776.578803567,,sturdy,-0.007728789019901483,-0.015364597378240474,,
1707,Yield,CLever,0xf05e58fCeA29ab4dA01A495140B349F8410Ba904,clev-CVX,15299870.47469483,,clever,-0.0020999556332520486,0.00033034844333279523,,
620,Yield,Francium,-,-,15283382.769992504,,francium,-0.0006333953826921368,-0.0021420914619566522,,
2338,Liquid Staking,Bifrost Liquid Crowdloan,,-,15251989.797984164,,bifrost-liquid-crowdloan,-0.003908287096582308,-0.0033899569158746257,,
1732,Dexes,Verse,0x249ca82617ec3dfb2589c4c17ab7ec9765350a18,VERSE,15231277.410115385,8343814.995101965,verse,-0.0036897650464914333,0.007898960747207973,7.8,-12.92
2491,Lending,Liqwid,cardano:8e420ce194ca84040ba6971e6ab816e3d76ee9ee,LQ,15153270.024349332,0.0,liqwid,0.00856377030774258,0.01616778054574075,,
310,Yield,Belt Finance,bsc:0xe0e514c71282b6f4e823703a39374cf58dc3ea4f,BELT,15031580.601169562,2336675.9273223034,belt-finance,0.0005999871616382269,-0.002389440749014038,,
2484,CDP,Djed Stablecoin,null,-,14961082.852896601,,djed-stablecoin,0.001182751473042476,0.0027610515532827673,,
916,Derivatives,Pika Protocol,,-,14921988.575072577,,pika-protocol,-7.299599241517019e-05,0.006472980056034583,,
2535,Bridge,tBTC,0xcdf7028ceab81fa0c6971208e83fa7872994bee5,T,14919199.63410731,0.0,tbtc,0.005914048826956453,0.002750816416184021,,
2674,Dexes,WEMIX.FI AMM,,-,14826216.753317159,,wemix.fi-amm,0.004227364940330158,0.0010758881104651064,-5.98,-16.12
2259,Dexes,Helix,,-,14815273.323990656,,helix,0.020671260112254064,0.014134671147388866,-36.89,-23.19
589,Lending,Strike,0x74232704659ef37c08995e386a2e26cc27a8d7b1,STRK,14737602.884538386,47697928.72937936,strike,-0.0016738816423894631,0.0032772138863315092,,
1025,Cross Chain,Wrapped,,-,14669863.607489185,,wrapped,0.0028167782029671073,-0.0019974470641096476,,
2092,Yield,Pirex,,-,14656871.447592763,,pirex,-0.006057276623455787,-0.0002653513214844194,,
1997,Lending,Morpho Compound,0x9994e35db50125e0df82e4c2dde62496ce330999,MORPHO,14631279.020648142,,morpho-compound,-0.0004215167829266786,-0.019701548801729585,,
133,Dexes,Shell Protocol,,-,14537886.38119508,,shell-protocol,-0.004382990170234802,-0.001063562061021761,-16.7,-57.66
2695,Dexes,SmarDex,0x5de8ab7e27f6e7a1fff3e5b337584aa43961beef,SDEX,14530682.80894803,24386121.46653856,smardex,-0.018434076177187397,-0.002574487604667386,-41.59,-69.98
1929,Liquid Staking,Algem,,-,14447185.542947618,,algem,0.004771495041318463,-0.008782970995812822,,
2005,Liquid Staking,ExinPool,,-,14326369.0,,exinpool,0.00015420464191251426,-0.002609970668547734,,
2904,CDP,Lybra Finance,0xC98835e792553e505AE46e73a6fD27a23985aCcA,LBR,14276175.149023835,2102712.6194728627,lybra-finance,0.037784051729695456,-0.0325067033800045,,
2668,Dexes,Velocimeter V2,canto:0x2Baec546a92cA3469f71b7A091f7dF61e5569889,FLOW,14032182.055907842,,velocimeter-v2,-0.013789309516893944,0.020806820633962886,4.4,
2192,Yield,PlutusDAO,arbitrum:0x51318B7D00db7ACc4026C88c3952B66278B6A67F,PLS,14026956.73107906,7054158.087305336,plutusdao,0.0017254807044086995,0.002205663919828904,,
862,Yield,Quarry,,-,13890718.98700553,,quarry,-0.011108233093885533,-0.0011597151761458813,,
696,Lending,Agave,xdai:0x3a97704a1b25f08aa230ae53b352e2e72ef52843,AGVE,13757941.981860802,999630.0004158546,agave,-0.00016213548246746257,-5.869715485096183e-05,,
2310,CEX,NBX,,-,13753496.033719983,,nbx,0.004232722565355784,0.00022230000835099517,,
1838,Lending,AAVE V1,0x7fc66500c84a76ad7e9c93437bfc5ac33e2ddae9,AAVE,13738501.175398646,,aave-v1,-0.0015822035591733785,-0.01237204367690059,,
1662,CDP,Yeti Finance,avax:0x77777777777d4554c39223C354A05825b2E8Faa3,YETI,13704716.13306945,590194.6989004432,yeti-finance,0.00023964391894248926,-0.0004398025056508992,,
2308,Liquid Staking,Jito,solana:J1toso1uCk3RLmjorhTtrVwY9HJ7X8V9yYac6Y7kGCPn,JitoSOL,13674540.850857677,0.0,jito,0.009206753931382039,0.004022042169227413,,
2204,Lending,Pando Rings,,-,13632225.619012,,pando-rings,0.0006278265415953221,0.0015560546374131512,,
1740,Liquid Staking,LiNEAR Protocol,near:0x918dbe087040a41b786f0da83190c293dae24749,LINEAR,13559330.375634316,0.0,linear-protocol,-0.0011268683271464797,0.001834929794051865,,
626,CDP,Reserve,0x8762db106b2c2a0bccb3a80d1ed41273552616e8,RSR,13522494.80519581,186792126.89572456,reserve,0.010882611215598192,0.011204182200592605,,
2795,Dexes,ThalaSwap,aptos:0x7fd500c11216f0fe3095d0c4b8aa4d64a4e2e04f83758462f2b127255643615,THL,13384651.08848616,3839866.7767848615,thalaswap,-0.025763177332773668,-0.0037119979466920805,,
1395,Dexes,ArthSwap,astar:0xde2578edec4669ba7f41c5d5d2386300bcea4678,ARSW,13296622.103034433,0.0,arthswap,-0.0008518139905784317,-0.006329737410078029,,
2727,Dexes,Mute.io,era:0xa49d7499271ae71cd8ab9ac515e6694c755d400c,MUTE,13168233.686496655,32825757.69480988,mute.io,-0.019042134473513106,0.005831559006635123,14.03,-55.47
130,Services,The Tokenized Bitcoin,0x3212b29E33587A00FB1C83346f5dBFA69A458923,imBTC,12987889.421566501,,the-tokenized-bitcoin,-0.08492939226196927,-0.003848825719073079,,
1056,Staking,Redacted Protocol,0xc55126051B22eBb829D00368f4B12Bde432de5Da,BTRFLY,12953016.073437983,43998410.039113045,redacted-protocol,-0.00449180485570444,0.00012133126382241066,,
2399,Derivatives,Opyn Squeeth,,-,12913291.999180615,0.0,opyn-squeeth,0.0036318008432205673,0.00028537942104134295,,
1752,Yield Aggregator,Spool Protocol,0x40803cea2b2a32bda1be61d3604af6a814e70976,SPOOL,12774369.825389065,19283626.402714353,spool-protocol,0.1351974729369101,-0.0018494339297543405,,
315,Yield,Tulip Protocol,TuLipcqtGVXP9XR62wM8WWCm6a9vhLs7T1uoWBk6FDs,TULIP,12704832.127995318,1898169.4571193198,tulip-protocol,0.008722893631587958,0.0013772714609829873,,
349,Bridge,Injective Bridge,0xe28b3b32b6c345a34ff64674606124dd5aceca30,INJ,12620204.735273184,620938123.2887303,injective-bridge,0.004106427199454421,0.009235904520221494,,
348,Lending,FilDA,heco:0xe36ffd17b2661eb57144ceaef942d95295e637f0,FILDA,12613569.71014895,331834.40676497447,filda,0.007883275253242283,-0.004727334817637652,,
2284,Yield,WOOFi Earn,0x4691937a7508860f876c9c0a2a617e7d9e945d4b,WOO,12576888.739741,,woofi-earn,0.00044467912691925626,0.005840923583675384,,
518,Chain,Nuls,-,NULS,12431427.95,24630335.0334678,nuls,0.0008313380562325889,-0.0018367162681937055,,
1531,Dexes,01,,-,12399160.199204452,,01,0.0018892406636712433,0.0006601433663842027,,
1849,Liquid Staking,Acala Liquid-Staking,acala:-,ACA,12344313.999773998,,acala-liquid-staking,-0.0059698036726724135,-0.004894551786441159,,
112,Yield Aggregator,Harvest Finance,0xa0246c9032bC3A600820415aE600c6388619A14D,FARM,12337347.652586713,20880206.602248073,harvest-finance,-0.0033277179728651296,-0.0028190023392486996,,
1593,Yield,Sphere Finance,polygon:0x62f594339830b90ae4c084ae7d223ffafd9658a7,SPHERE,12238669.80294697,21131874.494919486,sphere-finance,-0.006460237089003784,0.004029182978888768,,
972,Dexes,StellarX,,-,12188018.4119049,,stellarx,-0.007422546284547971,-0.0056746686493893694,4.15,-72.78
2602,Dexes,Zyberswap V3,arbitrum:0x3b475f6f2f41853706afc9fa6a6b8c5df1a2724c,ZYB,12113510.834592957,,zyberswap-v3,-0.02920761575196007,-0.03491364643801531,-2.82,-47.4
2540,Dexes,Megaton Finance,ton:EQB-cCOQDwerEnUD4-6xoYD0eL6_yC1zogAvA5GuXTF0iDIf,MEGA,12094309.223826598,,megaton-finance,-0.0048958341627424184,-0.0034123585329017825,67.04,-54.04
2824,Staking Pool,ABC Pool,conflux:0x905f2202003453006eaf975699545f2e909079b8,ABC,12076228.016999999,,abc-pool,-0.023143114019391064,-0.010359059836983264,,
1173,Liquid Staking,JPool,solana:7Q2afV64in6N6SeZsAAB81TJzwDoD6zpqmHkzi9Dcavn,JSOL,12037548.8538024,0.0,jpool,0.0036166446367091876,0.0012407144080901489,,
2152,Dexes,Sushi Trident,,-,12022398.365815368,,sushi-trident,-0.012121254377709834,0.0023019320966544132,4.9,-26.41
2319,Yield Aggregator,GMD Protocol,arbitrum:0x4945970EfeEc98D393b4b979b9bE265A3aE28A8B,GMD,11956543.339551521,0.0,gmd-protocol,0.024219713274184373,0.01219877574558259,,
450,Lending,Scream,fantom:0xe0654C8e6fd4D733349ac7E09f6f23DA256bF475,SCREAM,11832158.94647489,634596.9863084542,scream,2.5366167494933478e-05,-0.00021241689780704398,,
2454,Liquid Staking,GETH,0x3802c218221390025bceabbad5d8c59f40eb74b8,GETH,11805425.493598077,0.0,geth,-3.6597023514217675e-05,0.0005348020256290553,,
1016,Privacy,Aztec,,-,11711735.378239814,,aztec,-0.00698265911166962,-0.00843366971674353,,
1546,Lending,Burrow,near:-,BRRR,11459853.472681347,41169.500785721335,burrow,0.009116392251792949,0.00027142289593573565,,
2316,Bridge,Meter Passport,,-,11457240.853681102,48495714.76274017,meter-passport,-0.008517002974027132,-0.0008089693760138239,,
1501,Bridge,Octus Bridge,everscale:0:f2679d80b682974e065e03bf42bbee285ce7c587eb153b41d761ebfd954c45e1,BRIDGE,11355843.739804525,5784660.024369652,octus-bridge,-0.02370119130381443,-0.010793917932149455,,
2833,Launchpad,Juicebox V1,0x3abf2a4f8452ccc2cf7b4c1e4663147600646f66,JBX,11150612.864327252,,juicebox-v1,-0.00022335169285381262,-0.0032538525638933224,,
200,Yield,Bella Protocol,0xa91ac63d040deb1b7a5e4d4134ad23eb0ba07e14,BEL,11057624.15029863,42957665.58105977,bella-protocol,0.0013557840023445955,-0.0008507108938426988,,
1046,Dexes,Ouchi Finance,0xDe52a16C6DB7914e6953E27A7df4Ce6A315f8b45,OUCHI,11007878.85764491,,ouchi-finance,0.007913603369167577,-0.00860990079453905,,
202,Dexes,Saddle Finance,0xf1dc500fde233a4055e25e5bbf516372bc4f6871,SDL,10938954.206268497,3991989.0641144696,saddle-finance,-0.0013408777641856773,0.00010089947500602214,39.75,-59.11
2789,CDP,Thala CDP,aptos:0x7fd500c11216f0fe3095d0c4b8aa4d64a4e2e04f83758462f2b127255643615,THL,10904473.195525533,,thala-cdp,-0.006684104706922933,0.003616299738436579,,
1514,Lending,Granary Finance,,-,10790980.179913497,,granary-finance,-0.0023884711851220874,0.0017380485226039522,,
1940,Lending,ApeSwap Lending,bsc:0x603c7f932ed1fc6575303d8fb018fdcbb0f39a95,BANANA,10786890.917691,,apeswap-lending,-0.008685846423607257,-0.004479033350713757,,
1715,Dexes,Hummus Exchange,metis:0x4aac94985cd83be30164dfe7e9af7c054d7d2121,HUM,10446188.891060226,3192258.0077294307,hummus-exchange,-0.0008352581741739584,0.004239804019664284,,
141,Synthetics,Outcome Finance,,-,10401925.405944038,,outcome-finance,-0.006893490123878077,-0.007900969397788837,,
622,Dexes,Clipper,-,-,10395874.956386885,,clipper,0.0012041586745692445,0.0008627533610983118,4.4,112.13
134,Yield Aggregator,Pickle,0x429881672B9AE42b8EbA0E26cD9C73711b891Ca5,PICKLE,10355071.366857,1591710.6537638619,pickle,-0.0026528318254076533,-0.008174056025133103,,
1331,Launchpad,DeepLock,bsc:0x60de5f9386b637fe97af1cc05f25548e9baaee19,DEEP,10251957.981676066,0.0,deeplock,-0.00443994751483201,-0.0014450253764316523,,
2436,NFT Lending,Arcade xyz,,-,10112110.97501282,,arcade-xyz,-0.01259562373239742,-0.007942120824669718,,
1384,Dexes,Hermes Protocol,metis:0xb27bbeaaca2c00d6258c3118bab6b5b6975161c8,HERMES,10038362.230928427,3182925.77395795,hermes-protocol,-0.018576554024279046,-0.0015244464841757122,17.86,2.87
2196,Dexes,Uniswap V1,0x1f9840a85d5af5bf1d1762f925bdaddc4201f984,UNI,8188262.805583,4018747583.804562,uniswap-v1,-0.004328462796916122,-0.0025840708484670127,-36.33,-30.61
245,Chain,Secret Network,-,SCRT,7265416.4829704,124324272.78229837,secret-network,-0.006531543420868036,-0.0052639983652206235,,
189,Dexes,1inch Network,0x111111111117dc0aa78b770fa6a738034120c302,1INCH,6546429.457320281,373104936.30195916,1inch-network,-0.018770706138041215,-0.0005684986904387346,,
2405,Launchpad,FlokiFi Locker,0xcf0c122c6b73ff809c693db761e7baebe62b6a2e,FLOKI,3344486.4212342114,312387629.51874506,flokifi-locker,-0.015833654758202864,-9.044319528606071e-05,,
221,Dexes,Defi Swap,0xa0b73e1ff0b80914ab6fe0444e65848c4c34450b,CRO,2201171.733231575,1781390716.1885142,defi-swap,0.0015115731401953436,-0.00012161642867880573,-8.5,-21.66
237,Dexes,Swipe,0x8ce9137d39326ad0cd6491fb5cc0cba0e089b6a9,SXP,194255.24371997215,301969316.7885739,swipe,-0.00040251398201573974,-0.0011052203666906957,,
255,Algo-Stables,Fei Protocol,0xc7283b66eb1eb5fb86327f08e1b5816b0720212b,TRIBE,5.856345192640148,134102625.31175503,fei-protocol,-0.0011156490353682047,6.032382552767501e-05,,
447,Yield,Illuvium,0x767fe9edc9e0df98e07454847909b5e959d7ca0e,ILV,0.0,252562013.434436,illuvium,0.0,-0.042558498998670036,,
456,Payments,Telcoin,polygon:0xdf7837de1f2fa4631d716cf2502f8b230f1dcc32,TEL,0.0,144414849.70907167,telcoin,0.0,0.0,,
921,Services,DAO Maker Vesting,0x0f51bb10119727a7e5ea3538074fb341f56b09ad,DAO,0.0,260152420.004564,dao-maker-vesting,0.0,0.0,,
1048,Launchpad,Merit Circle,0x949D48EcA67b17269629c7194F4b727d4Ef9E5d6,MC,0.0,104752807.48123771,merit-circle,0.0,0.0,,
1065,Gaming,The Sandbox,0x3845badAde8e6dFF049820680d1F14bD3903a5d0,SAND,0.0,1033481073.3963157,the-sandbox,0.0,0.0,,
1339,Oracle,API3,0x0b38210ea11411557c13457d4da7dc6ea731b88a,API3,0.0,120059735.75208496,api3,0.0,0.0,,
1350,Yield,TreasureDAO,0xb0c7a3ba49c7a6eaba6cd4a96c55a1391070ac9a,MAGIC,0.0,239926164.94997782,treasuredao,0.0,0.0,,
1905,Staking,Bitgert,bsc:0x8fff93e810a2edaafc326edee51071da9d398e83,BRISE,0.0,147888699.02074155,bitgert,0.0,0.0,,
2501,Services,Aragon,0xa117000000f279d81a1d3cc75430faa017fa5a2e,ANT,0.0,123407656.86470436,aragon,0.0,0.0,,
2502,Services,BitDAO,0x1a4b46696b2bb4794eb3d4c26f1c55f9170fa4c5,BIT,0.0,712221044.7605008,bitdao,0.0,0.0,,
2518,Services,Gitcoin,0xde30da39c46104798bb5aa3fe8b9e0e1f348163f,GTC,0.0,100625808.59587598,gitcoin,0.0,0.0,,
2519,Services,ENS,0xc18360217d8f7ab5e7c516566761ea12ce7f9d72,ENS,0.0,300268061.27679604,ens,0.0,0.0,,
2520,Services,Gnosis DAO,0x6810e776880c02933d47db1b9fc05908e5386b96,GNO,0.0,271961347.5079134,gnosis-dao,0.0,0.0,,
2623,Oracle,Chainlink,0x514910771af9ca656af840dff83e8264ecf986ca,LINK,0.0,3588950412.699104,chainlink,0.0,0.0,,
2665,Staking,ApeCoin,0x4d224452801aced8b2f0aebe155379bb5d594381,APE,0.0,1416337773.177992,apecoin,0.0,0.0,,
2725,Staking,Aptos,,APT,0.0,1897941641.0668883,aptos,0.0,0.0,,
2726,Services,Canto,canto:0x826551890dc65655a0aceca109ab11abdbd7a07b,CANTO,0.0,118650078.74981126,canto,0.0,0.0,,
2785,Staking,Arbitrum,,ARB,0.0,1693839386.7656589,arbitrum,0.0,0.0,,
2786,Staking,Bitcoin,,BTC,0.0,549293232922.9669,bitcoin,0.0,0.0,,
2788,Staking,Moonbeam,,GLMR,0.0,211423956.4210003,moonbeam,0.0,0.0,,
