id,category,name,address,symbol,tvl,mcap,slug
2269,CEX,Binance CEX,,-,66980513678.25869,,binance-cex
182,Liquid Staking,Lido,0x5a98fcbea516cf06857215779fd812ca3bef1b32,LDO,12192645047.22479,1581976557.2755787,lido
2272,CEX,OKX,,-,10073705943.83506,,okx
2275,CEX,Bitfinex,,-,9457368030.110758,,bitfinex
118,CDP,MakerDAO,0x9f8f72aa9304c8b593d555f12ef6589cc3a579a2,MKR,7356575392.007298,628058662.9331813,makerdao
240,Chain,Polygon Bridge & Staking,0x7d1afa7b718fb893db30a3abc0cfc608aacfebb0,MATIC,7118975526.042103,8877195125.48178,polygon-bridge-&-staking
2,Bridge,WBTC,0x2260fac5e5542a773aa44fbcfedf7c193bc2c599,WBTC,4480219864.690368,4467211830.562843,wbtc
3,Dexes,Curve DEX,0xD533a949740bb3306d119CC777fa900bA034cd52,CRV,4389947665.812931,,curve-dex
494,Lending,JustLend,tron:TCFLL5dx5ZJdKnWuesXxi1VPwjLVmWZZy9,JST,3945366685.393283,216642375.98947892,justlend
111,Lending,AAVE V2,0x7fc66500c84a76ad7e9c93437bfc5ac33e2ddae9,AAVE,3931881614.941295,995338593.7378902,aave-v2
2270,CEX,Crypto-com,,-,3646396928.194969,,crypto-com
694,Bridge,JustCryptos,tron:TCFLL5dx5ZJdKnWuesXxi1VPwjLVmWZZy9,JST,3439642855.0,,justcryptos
319,Yield,Convex Finance,0x4e3fbd56cd56c3e72c1403e103b45db9da5b9d2b,CVX,3417631106.244573,397556065.2961962,convex-finance
2276,CEX,Huobi,,-,3016014726.3115416,,huobi
2286,CEX,Bybit,,-,2985062378.9376574,,bybit
2198,Dexes,Uniswap V3,0x1f9840a85d5af5bf1d1762f925bdaddc4201f984,UNI,2922828554.2660174,,uniswap-v3
2274,CEX,Kucoin,,-,2763925089.7154713,,kucoin
2222,Liquid Staking,Coinbase Wrapped Staked ETH,0xbe9895146f7af43049ca1c1ae358b0541ea49704,CBETH,2269514430.763946,0.0,coinbase-wrapped-staked-eth
120,Services,Instadapp,0x6f40d4a6237c257fff2db00fa0510deeecd303eb,INST,2116880950.4257202,26051740.406029385,instadapp
2273,CEX,Deribit,,-,1884253645.0475695,,deribit
2314,CEX,Gate-io,,-,1877460639.2621722,,gate-io
194,Dexes,PancakeSwap AMM,bsc:0x0E09FaBB73Bd3Ade0a17ECC321fD13a19e81cE82,CAKE,1810330249.554216,,pancakeswap-amm
591,Bridge,Multichain,0x9Fb9a33956351cf4fa040f65A13b835A3C8764E3,MULTI,1763087556.5013733,173915242.0346769,multichain
900,Liquid Staking,Rocket Pool,0xd33526068d116ce69f19a9ee46f0bd304f21a51f,RPL,1553767689.4874098,943954573.8983104,rocket-pool
2352,CEX,Bitget,,-,1464955846.898435,,bitget
1599,Lending,AAVE V3,0x7fc66500c84a76ad7e9c93437bfc5ac33e2ddae9,AAVE,1453282410.3249831,,aave-v3
114,Lending,Compound,0xc00e94cb662c3520282e6f5717214004a7f26888,COMP,1338707350.264389,,compound
2197,Dexes,Uniswap V2,0x1f9840a85d5af5bf1d1762f925bdaddc4201f984,UNI,1226409445.8194437,,uniswap-v2
691,CDP,JustStables,tron:TMwFHYXLJaRUPeW6421aqXL4ZEzPRFGkGT,USDJ,1223350850.4745898,0.0,juststables
2611,Dexes,Balancer V2,0xba100000625a3754423978a60c9317c58a424e3d,BAL,1103902361.401182,,balancer-v2
2293,CEX,Bitmex,,-,874313667.9913902,,bitmex
212,Lending,Venus,bsc:0xcf6bb5389c92bdda8a3747ddb454cb7a64626c63,XVS,856599443.0016501,83282616.82304345,venus
270,CDP,Liquity,0x6DEA81C8171D0bA574754EF6F8b412F2Ed88c54D,LQTY,758260916.0848497,140100090.60020623,liquity
337,Derivatives,GMX,arbitrum:0xfc5A1A6EB076a2C7aD06eD22C90d7E710E35ad0a,GMX,697636763.1128522,593061165.067644,gmx
1918,Yield,Aura,0xc0c293ce456ff0ed870add98a0828dd4d2903dbf,AURA,647620989.4765195,56541149.788058296,aura
2295,CEX,SwissBorg,,-,599510844.3251483,,swissborg
2088,Lending,Compound V3,0xc00e94cb662c3520282e6f5717214004a7f26888,COMP,587179914.2772934,,compound-v3
2373,CEX,Binance US,,-,503188709.22687685,,binance-us
113,Yield Aggregator,Yearn Finance,0x0bc529c00C6401aEF6D220BE8C6Ea1667F6Ad93e,YFI,462931504.3777283,261858083.7154827,yearn-finance
1571,Cross Chain,Stargate,0xaf5191b0de278c7286d6c7cc6ab6bb8a73ba2cd6,STG,451222021.5875936,134764561.59420487,stargate
119,Dexes,SushiSwap,0x6b3595068778dd592e39a122f4f5a5cf09c90fe2,SUSHI,444856262.3206023,193187321.3023342,sushiswap
115,Synthetics,Synthetix,0xc011a73ee8576fb46f5e1c5751ca3b9fe0af2a6f,SNX,415492546.5957396,749099179.9081782,synthetix
690,Dexes,SUNSwap,tron:TSSMHYeV2uE9qYH95DqyoCuNCzEL1NvU3S,SUN,412612593.49269754,,sunswap
2301,CEX,Korbit,,-,358732919.03469527,,korbit
144,Derivatives,dYdX,0x92d6c1e31e14520e676a687f0a93788b716beff5,DYDX,342839122.44827056,378531169.14372104,dydx
2221,Liquid Staking,Frax Ether,0x5E8422345238F34275888049021821E8E08CAa1f,frxETH,342771945.3600568,,frax-ether
326,Yield Aggregator,Beefy,bsc:0xca3f508b8e4dd382ee878a314789373d80a5190a,BIFI,334723131.98323995,35004865.24776224,beefy
2168,Lending,Morpho Aave,0x9994e35db50125e0df82e4c2dde62496ce330999,MORPHO,325652332.0510324,,morpho-aave
1796,Bridge,Poly Network,,-,320680168.54,,poly-network
1541,Bridge,Portal,,-,313417278.7,,portal
2769,Dexes,PancakeSwap AMM V3,bsc:0x0E09FaBB73Bd3Ade0a17ECC321fD13a19e81cE82,CAKE,311431625.5002135,,pancakeswap-amm-v3
2435,CEX,Nexo,,-,295279888.0206017,384650617.9151404,nexo
148,Privacy,Tornado Cash,0x77777feddddffc19ff86db637967013e6c6a116c,TORN,288094514.39228886,10019628.801070413,tornado-cash
1793,Indexes,Bwatch,0x045414e728067ab3da4bceafc0d992d59183463a,BOX,286528292.54,0.0,bwatch
1799,Dexes,Velodrome,optimism:0x3c8B650257cFb5f272f799F5e2b4e65093a11a05,VELO,278831746.55507886,26299976.45210212,velodrome
122,Insurance,Nexus Mutual,0xd7c49cee7e9188cca6ad8ff264c1da2e69d4cf3b,NXM,274899694.5399177,355971454.62064433,nexus-mutual
2706,Lending,Radiant V2,arbitrum:0x3082CC23568eA640225c2467653dB90e9250AaA0,RDNT,272763767.2598926,,radiant-v2
347,CDP,Abracadabra,0x090185f2135308bad17527004364ebcc2d37e5f6,SPELL,267331172.32878524,75521022.29172477,abracadabra
2907,Dexes,Chronos,arbitrum:0x15b2fb8f08E4Ac1Ce019EADAe02eE92AeDF06851,CHR,262764667.11295807,0.0,chronos
132,Bridge,hBTC,0x0316EB71485b0Ab14103307bf65a021042c6d380,hBTC,259828389.23336628,256679548.85338303,hbtc
1765,Launchpad,UniCrypt,0xadb2437e6f65682b85f814fbc12fec0508a7b1d0,UNCX,248991074.63146114,11594665.621681672,unicrypt
502,Yield,Coinwind,heco:0x80861a817106665bca173db6ac2ab628a738c737,COW,216363651.50266072,0.0,coinwind
657,Bridge,Synapse,0x0f2d719407fdbeff09d87557abb7232601fd9f29,SYN,214037735.37681043,139204602.51287442,synapse
295,Chain,Stacks Staking,-,STX,208361161.81713977,954812687.9337429,stacks-staking
345,Leveraged Farming,Alpaca Leveraged Yield Farming,bsc:0x8f0528ce5ef7b51152a59745befdd91d97091d2f,ALPACA,202328859.69112837,35283784.88182016,alpaca-leveraged-yield-farming
1807,Launchpad,PinkSale,bsc:0x602ba546a7b06e0fc7f58fd27eb6996ecc824689,PINKSALE,201661077.14531255,18999338.39412745,pinksale
373,Dexes,BiSwap,bsc:0x965f527d9159dce6288a2219db51fc6eef120dd1,BSW,196901772.55533558,57377003.15773565,biswap
641,Liquidity manager,Arrakis V1,,-,195766684.6342114,,arrakis-v1
831,Dexes,VVS Finance,cronos:0x2D03bECE6747ADC00E1a131BBA1469C15fD11e03,VVS,180221789.9496449,118376887.0361731,vvs-finance
278,Liquid Staking,Ankr,0x8290333cef9e6d528dd5618fb97a76f268f3edd4,ANKR,175877087.3728491,235108523.5460121,ankr
277,Liquid Staking,StakeWise,0x48c3399719b582dd63eb5aadf12a40b4c3f52fa2,SWISE,175528336.5031327,34150268.77403508,stakewise
1166,Dexes,DefiChain DEX,-,DFI,174159661.2041481,320618460.2494723,defichain-dex
704,Dexes,Chainge Finance,fusion:0xed0294dbd2a0e52a09c3f38a09f6e03de2c44fcf,CHNG,171856764.10961276,49266564.01196543,chainge-finance
1217,Liquid Staking,Parallel Liquid Crowdloan,,-,165044010.36149645,,parallel-liquid-crowdloan
383,Dexes,Osmosis DEX,-,OSMO,161021646.067298,410095234.19458157,osmosis-dex
129,Chain,xDAI Stake Bridge,0x0Ae055097C6d159879521C384F1D2123D1f195e6,STAKE,158775667.36811158,1066281.0501972167,xdai-stake-bridge
1054,Bridge,ChainPort,0x104f3152d8ebfc3f679392977356962ff36566ac,PORTX,158707160.612,2531761.765664618,chainport
1773,NFT Lending,BendDAO Lending,0x0d02755a5700414B26FF040e1dE35D337DF56218,BEND,158169273.13978672,,benddao-lending
2517,NFT Lending,ParaSpace Lending,,-,156611989.57626235,,paraspace-lending
231,Payments,Lightning Network,-,-,156376762.14208314,,lightning-network
1981,Bridge,Orbit Bridge,eth:0x662b67d00A13FAf93254714DD601F5Ed49Ef2F51,ORC,147273590.3682066,0.0,orbit-bridge
467,Lending,Benqi Lending,avax:0x8729438eb15e2c8b576fcc6aecda6a148776c0f5,QI,138804508.43424115,37211599.49230964,benqi-lending
1879,Liquid Staking,Acala LCDOT,acala:-,ACA,137462110.57655916,,acala-lcdot
801,Bridge,cBridge,,CELR,137263117.18507886,122398795.21703753,cbridge
359,Algo-Stables,Frax,0x3432b6a60d23ca0dfca7761b7ab56459d9c964d0,FXS,136901790.41735753,,frax
2914,Liquid Staking,Binance staked ETH,,-,134868338.0480066,,binance-staked-eth
116,Dexes,Balancer V1,0xba100000625a3754423978a60c9317c58a424e3d,BAL,131610838.89399984,,balancer-v1
177,Services,DefiSaver,-,-,126378665.06639299,,defisaver
1115,Lending,Tectonic,cronos:0xeAdf7c01DA7E93FdB5f16B0aa9ee85f978e89E95,TONIC,125597952.5290206,35016723.2223944,tectonic
279,Liquid Staking,StakeHound,0x160b1e5aabfd70b2fc40af815014925d71ceed7e,-,124532047.69935383,0.0,stakehound
2076,Lending,Fraxlend,,-,122672434.31953442,,fraxlend
2414,NFT Marketplace,Blur Bids,0x5283d291dbcf85356a21ba090e6db59121208b44,BLUR,121132029.84187652,243902743.01064095,blur-bids
1044,Liquid Staking,Stader,0x30d20208d987713f46dfd34ef128bb16c404d10f,SD,116877133.54958452,26188202.49796226,stader
2542,RWA,Ondo Finance,-,-,116384105.7984658,,ondo-finance
2313,CEX,Firi,,-,115159799.39248085,,firi
2346,CEX,WOO X,,-,112302221.34451084,,woo-x
508,Dexes,KlaySwap,-,KSP,111968263.43567027,0.0,klayswap
412,Dexes,Thorchain,thorchain:0x0000000000000000000000000000000000000000,RUNE,110844696.53814283,390968975.45413744,thorchain
126,Dexes,Loopring,0xbbbbca6a901c926f240b89eacb641d8aec7aeafd,LRC,110283300.34692238,390418187.0002591,loopring
1864,Launchpad,Team Finance,0xCC4304A31d09258b0029eA7FE63d032f52e44EFe,SWAP,110033562.94619986,26273443.065145925,team-finance
504,Algo-Stables,Mento,-,-,109982325.0930691,280531854.7832925,mento
484,Liquid Staking,Marinade Finance,solana:MNDEFzGvMt87ueuHvVU9VcTqsAP5b3fTGPsHuuPA5ey,MNDE,106880092.49101344,6979254.4443043675,marinade-finance
1167,Synthetics,DefiChain Loans,-,DFI,106494842.628687,,defichain-loans
2292,CEX,Cake DeFi,,-,106489151.80743212,,cake-defi
355,Liquidity manager,Gamma,0x6bea7cfef803d1e3d5f7c0103f7ded065644e197,GAMMA,106104446.41488236,16191878.528382678,gamma
2305,CEX,MaskEX,,-,105499215.59110433,,maskex
1427,Liquid Staking,Benqi Staked Avax,avax:0x2b2C81e08f1Af8835a78Bb2A90AE924ACE0eA4bE,SAVAX,102356620.43446325,102060630.72964105,benqi-staked-avax
435,Cross Chain,Hop Protocol,0xc5102fe9359fd9a28f877a67e36b0f050d81a3cc,HOP,101901632.5771904,8331899.241600214,hop-protocol
2678,Lending,Alpaca Lending,bsc:0x8f0528ce5ef7b51152a59745befdd91d97091d2f,ALPACA,100642401.79274297,,alpaca-lending
2369,CEX,Phemex,,-,95945956.53943646,,phemex
431,Dexes,SUN.io,tron:TSSMHYeV2uE9qYH95DqyoCuNCzEL1NvU3S,SUN,94189721.10054076,54623432.679223545,sun.io
2307,Dexes,Camelot V2,arbitrum:0x3d9907F9a368ad0a51Be60f7Da3b97cf940982D8,GRAIL,93711011.04250044,,camelot-v2
140,Lending,Kava Lend,-,HARD,92711231.0907114,21077571.66095834,kava-lend
2616,Yield,Conic Finance,0x9ae380f0272e2162340a5bb646c354271c0f5cfc,CNC,91879856.75633474,,conic-finance
1700,Dexes,Wombat Exchange,bsc:0xad6742a35fb341a9cc6ad674738dd8da98b94fb1,WOM,91346824.5305252,7519354.608111412,wombat-exchange
1087,Lending,Algofi Lend,,-,87023162.53894699,,algofi-lend
306,Dexes,Quickswap Dex,polygon:0x831753dd7087cac61ab5644b308642cc1c33dc13,QUICK,86455985.36831856,33480307.418910477,quickswap-dex
2298,CEX,Coinsquare,,-,86427090.36705774,,coinsquare
797,Dexes,Katana DEX,,-,84584903.83774202,,katana-dex
2415,Liquid Staking,OKC Liquid Staking,okexchain:0x97b05e6c5026d5480c4b6576a8699866eb58003b,stOKT,84273625.31865886,,okc-liquid-staking
266,Indexes,Set Protocol,-,-,81789441.65812738,,set-protocol
654,Dexes,Beethoven X,fantom:0xf24bcf4d1e507740041c9cfd2dddb29585adce1e,BEETS,80364229.48167777,5401063.384973701,beethoven-x
2190,Yield,Sushi BentoBox,0x6b3595068778dd592e39a122f4f5a5cf09c90fe2,SUSHI,80321663.03820889,,sushi-bentobox
225,Indexes,Enzyme Finance,0xec67005c4e498ec7f55e092bd1d35cbc47c91892,MLN,79035438.97363234,29543268.02634674,enzyme-finance
1108,Leveraged Farming,Gearbox,0xba3335588d9403515223f109edc4eb7269a9ab5d,GEAR,78040795.06598143,8190662.749517511,gearbox
753,RWA,RealT Tokens,,-,76242104.785088,,realt-tokens
143,Payments,Flexa,0xff20817765cb7f73d4bde2e66e067e58d11095c2,AMP,73661533.19897681,188636580.61861688,flexa
1995,Dexes,Bancor V3,0x1f573d6fb3f13d689ff844b4ce37794d79a7ff1c,BNT,71093476.19741158,,bancor-v3
302,Dexes,SpookySwap,fantom:0x841fad6eae12c286d1fd18d1d525dffa75c7effe,BOO,70534568.39073445,13114026.43668027,spookyswap
135,CDP,Kava Mint,,-,70240739.706357,,kava-mint
2807,RWA,MatrixDock,0x530824DA86689C9C17CdC2871Ff29B058345b44a,STBT,69025577.37793353,0.0,matrixdock
1985,Dexes,Canto Dex,,-,67814949.15013522,,canto-dex
1901,Launchpad,DxSale,0xF063fE1aB7a291c5d06a86e14730b00BF24cB589,DX,67524008.11894916,1057849.800580565,dxsale
1544,Yield,Concentrator,ethereum:0xb3Ad645dB386D7F6D753B2b9C3F4B853DA6890B8,CTR,67274630.65946361,0.0,concentrator
382,Yield,Pendle,0x808507121b80c02388fad14726482e061b8da827,PENDLE,66132944.12245183,36201026.46083662,pendle
2121,Dexes,Frax Swap,,-,64734170.777123004,,frax-swap
2111,Lending,UwU Lend,0x55C08ca52497e2f1534B59E2917BF524D4765257,UWU,64205221.78541562,24724957.673965435,uwu-lend
172,Indexes,Index Coop,0x0954906da0Bf32d5479e25f46056d22f08464cab,INDEX,64004869.74510778,11465073.022652276,index-coop
243,Yield Aggregator,Flamincome,0x57dD84042ec9507963016596A34EdaD42F7e4CCE ,FLAG,63640584.78167092,,flamincome
2239,Dexes,Quickswap V3,polygon:0xb5c064f955d8e7f38fe0460c556a72987494ee17,QUICK,62507096.224207476,,quickswap-v3
951,Dexes,4Swap,,-,61911814.69472999,,4swap
2311,CEX,CoinDCX,,-,61835447.213413164,,coindcx
2205,CDP,Pando Leaf,,-,61263416.33091379,,pando-leaf
449,CDP,QiDao,polygon:0x580a84c73811e1839f75d86d75d88cca0c241ff4,QI,61047648.911809616,5587600.085721047,qidao
2038,CDP,Helio Protocol,bsc:0x0782b6d8c4551B9760e74c0545a9bCD90bdc41E5,HAY,59959836.85499101,39395401.660366766,helio-protocol
2226,Yield,Wombex Finance,bsc:0xa75d9ca2a0a1D547409D82e1B06618EC284A2CeD,WMX,59769712.35043256,2302240.7349058534,wombex-finance
2654,Staking,ParaSpace APE Staking,,-,59490610.96619097,,paraspace-ape-staking
160,Yield,Homora V2,0xa1faa113cbe53436df28ff0aee54275c13b40975,ALPHA,59009429.124601714,89448690.20309247,homora-v2
249,Yield,StakeDAO,0x73968b9a57c6e53d41345fd57a6e6ae27d6cdb2f,SDT,58570660.79856522,20148810.518413447,stakedao
1453,Lending,EOS REX,eos:eos,EOS,58520141.835333794,1089148734.8810158,eos-rex
204,Synthetics,Alchemix,0xdBdb4d16EdA451D0503b854CF79D55697F90c8DF,ALCX,58377464.623124264,32704895.80092017,alchemix
1018,Derivatives,Gains Network,polygon:0xe5417af564e4bfda1c483642db72007871397896,GNS,57813742.65651789,163638925.1696889,gains-network
2237,Bridge,Axelar,0x467719ad09025fcc6cf6f8311755809d45a5e5f3,AXL,57066334.940725535,143466893.10156897,axelar
425,Yield,Tranchess,bsc:0x20de22029ab63cf9A7Cf5fEB2b737Ca1eE4c82A6,CHESS,55203460.835282505,26054779.745730765,tranchess
334,Dexes,MDEX,bsc:0x9c65ab58d8d978db963e63f2bfb7121627e3a739,MDX,51853280.35390486,70649765.3456069,mdex
854,Dexes,xExchange,elrond:MEX-455c57,MEX,51752289.44707321,21356189.619596254,xexchange
1494,Dexes,Minswap,cardano:asset1d9v7aptfvpx7we2la8f25kwprkj2ma5rp6uwzv,MIN,51710476.5368832,0.0,minswap
121,Lending,CREAM Finance,0x2ba592F78dB6436527729929AAf6c908497cB200,CREAM,50358916.714698605,12050926.011347895,cream-finance
2529,Dexes,PancakeSwap StableSwap,bsc:0x0E09FaBB73Bd3Ade0a17ECC321fD13a19e81cE82,CAKE,48351522.032882944,,pancakeswap-stableswap
468,Dexes,Trader Joe DEX,avax:0x6e84a6216ea6dacc71ee8e6b0a5b7322eebc0fdd,JOE,47600756.02709552,,trader-joe-dex
506,Yield,Tetu Earn,polygon:0x255707b70bf90aa112006e1b07b9aea6de021424,TETU,47246225.67202357,,tetu-earn
2266,Yield Aggregator,Kava Earn,,-,46305152.07548569,,kava-earn
2262,Liquid Staking,Kava Liquid,,-,46193864.74885779,,kava-liquid
304,Dexes,Flamingo Finance,,FLM,46180145.29429449,42700271.76259585,flamingo-finance
331,Lending,MoneyOnChain,rsk:0x9AC7fE28967B30E3A4e6e03286d715b42B453D10,MOC,46116596.36779981,,moneyonchain
643,Lending,Geist Finance,fantom:0xd8321AA83Fb0a4ECd6348D4577431310A6E0814d,GEIST,45905142.157936364,3936663.327422706,geist-finance
1207,Cross Chain,Across,0x44108f0223A3C3028F5Fe7AEC7f9bb2E66beF82F,ACX,45645134.90343554,9078161.647550315,across
2169,Dexes,BabyDogeSwap,bsc:0xc748673057861a797275CD8A068AbB95A902e8de,BabyDoge,44847424.97269196,366162885.106949,babydogeswap
1556,Bridge,Terra Bridge,,-,44425827.13284531,,terra-bridge
612,Lending,Vires Finance,waves:DSbbhLsSTeDg5Lsiufk2Aneh3DjVqJuPr2M9uU1gwy5p,VIRES,43288055.434494905,3106715.953104378,vires-finance
146,Dexes,DODO,0x43Dfc4159D86F3A37A5A4B3D4580b888ad7d4DDd,DODO,43285112.74453622,54908318.09345121,dodo
123,Lending,dForce,0x431ad2ff6a9c365805ebad47ee021148d6f7dbe0,DF,43010009.74631381,25236510.098982845,dforce
2417,Dexes,THENA V1,bsc:0xf4c8e32eadec4bfe97e0f595add0f4450a863a11,THE,41675821.011111595,6117947.145606875,thena-v1
173,Yield Aggregator,Badger DAO,0x3472A5A71965499acd81997a54BBA8D852C6E53d,BADGER,41641557.87,58337510.152626276,badger-dao
2461,Bridge,Ad-Astra Bridge,,-,41217988.793480605,,ad-astra-bridge
2235,Liquid Staking,Algo Liquid Governance,,-,41140294.981046006,,algo-liquid-governance
1772,Derivatives,ApolloX,bsc:0x78F5d389F5CDCcFc41594aBaB4B0Ed02F31398b3,APX,41018872.79105258,26885855.99871394,apollox
2626,Liquid Staking,ether.fi,,-,40167185.97092011,,ether.fi
208,Yield Aggregator,ACryptoS,bsc:0x4197c6ef3879a08cd51e5560da5064b773aa1d29,ACS,39994231.61734,2780800.9696308323,acryptos
283,Dexes,Orca,solana:orcaEKTdK7LKz57vaAYr9QeNsVEPfiu6QeMU1kektZE,ORCA,39656947.49355566,17907722.669342544,orca
427,Yield Aggregator,Origin Dollar,0x9c354503c38481a7a7a51629142963f98ecc12d0,OGV,38782837.9347469,3534457.8886381555,origin-dollar
2254,Derivatives,MUX Protocol,0x4e352cf164e64adcbad318c3a1e222e9eba4ce42,MCB,38723691.85048074,51489269.18871302,mux-protocol
1882,Dexes,Ferro,cronos:0x39bC1e38c842C60775Ce37566D03B41A7A66C782,FER,38624683.89556559,22133431.27017201,ferro
475,Yield Aggregator,Yield Yak Aggregator,avax:0x59414b3089ce2af0010e7523dea7e2b35d776ec7,YAK,38474949.89480194,4751486.123804889,yield-yak-aggregator
2020,Lending,Silo Finance,0x6f80310ca7f2c654691d1383149fa1a57d8ab1f8,SILO,38270452.12103346,22535581.00153103,silo-finance
2728,Dexes,SyncSwap,,-,37663518.786564484,,syncswap
438,Yield,Tokemak,0x2e9d63788249371f1dfc918a52f8d799f4a38c94,TOKE,36748372.37521543,11059470.14913433,tokemak
1023,Yield,Overnight USD+,polygon:0x236eeC6359fb44CCe8f97E99387aa7F8cd5cdE1f,USD+,36618880.25588767,49745190.34010283,overnight-usd+
1619,NFT Lending,JPEG'd,0xe80c0cd204d654cebe8dd64a4857cab6be8345a3,JPEG,35587369.814967215,12828327.050029982,jpegd
1272,Bridge,ioTube,,-,35501977.38998296,0.0,iotube
2142,Lending,Sonne Finance,optimism:0x1db2466d9f5e10d7090e7152b68d62703a2245f0,SONNE,35357869.45243923,4913781.846818567,sonne-finance
2817,Indexes,Agility LSD,0x5f18ea482ad5cc6bc65803817c99f477043dce85,AGI,35266084.14047153,0.0,agility-lsd
1853,Lending,Moonwell Artemis,moonbeam:0x511aB53F793683763E5a8829738301368a2411E3,WELL,35093705.77233521,3209527.8152872683,moonwell-artemis
944,Dexes,Platypus Finance,avax:0x22d4002028f537599be9f666d1c4fa138522f9c8,PTP,35076492.631973036,3402472.1446482865,platypus-finance
547,Cross Chain,pNetwork,0x89ab32156e46f46d02ade3fecbe5fc4243b9aaed,PNT,34919182.930151515,12499885.985021528,pnetwork
1848,CDP,Acala Dollar,acala:-,aUSD,34857459.590389356,,acala-dollar
1986,Lending,Canto Lending,,-,34766165.252265185,,canto-lending
2539,Indexes,unshETH,0xe60779cc1b2c1d0580611c526a8df0e3f870ec48,USH,34742653.43834823,12746542.48742616,unsheth
2864,Dexes,THENA FUSION,bsc:0xf4c8e32eadec4bfe97e0f595add0f4450a863a11,THE,34057820.588893175,,thena-fusion
246,Dexes,Pangolin,avax:0x60781C2586D68229fde47564546784ab3fACA982,PNG,34049182.18091081,6066286.586575794,pangolin
207,Insurance,Unslashed,0xe0e05c43c097b0982db6c9d626c4eb9e95c3b9ce,USF,33877781.47434964,678912.5844989168,unslashed
234,Lending,Notional,0xcfeaead4947f0705a14ec42ac3d44129e1ef3ed5,NOTE,33676825.80175969,6754099.139154941,notional
1525,Yield,Vector Finance,avax:0x5817d4f0b62a59b17f75207da1848c2ce75e7af4,VTX,33177889.741891127,1477637.3912231245,vector-finance
190,Indexes,dHEDGE,0xca1207647ff814039530d7d35df0e1dd2e91fa84,DHT,33142714.15927564,6650576.737443886,dhedge
2537,Lending,Flux Finance,,-,32712384.866141677,,flux-finance
265,CDP,Reflexer,0x6243d8cea23066d098a15582d81a598b4e8391f4,FLX,32381058.52473856,12943474.825140174,reflexer
2395,Derivatives,Level Finance,bsc:0xB64E280e9D1B5DbEc4AcceDb2257A87b400DB149,LVL,32343554.345369533,,level-finance
2707,Services,SPL Governance,,-,32299545.46414496,,spl-governance
276,Liquid Staking,Stafi,0xef3A930e1FfFFAcd2fc13434aC81bD278B0ecC8d,FIS,32192354.688837517,21552581.530002568,stafi
2251,Liquid Staking,Stride,,STRD,31950533.44674012,110705456.64494544,stride
398,Dexes,ApeSwap AMM,bsc:0x603c7f932ed1fc6575303d8fb018fdcbb0f39a95,BANANA,31937694.14924461,,apeswap-amm
2906,Dexes,Joe V2.1,avax:0x6e84a6216ea6dacc71ee8e6b0a5b7322eebc0fdd,JOE,31846975.21873425,,joe-v2.1
281,Options Vault,Ribbon,0x6123b0049f904d730db3c36a31167d9d4121fa6b,RBN,31628585.58160114,,ribbon
149,Lending,B.Protocol,0xbbBBBBB5AA847A2003fbC6b5C16DF0Bd1E725f61,BPRO,31494828.097099762,4841268.2679121,b.protocol
1928,Services,CIAN,,-,31456270.866019994,,cian
2289,Dexes,Cetus,,-,31202764.94837048,,cetus
150,Yield Aggregator,Idle,0x875773784Af8135eA0ef43b5a374AaD105c5D39e,IDLE,31150110.403655533,1516910.207906279,idle
1433,Options Vault,Jones DAO,arbitrum:0x10393c20975cf177a3513071bc110f7962cd67da,JONES,30841934.316950187,8361783.638142263,jones-dao
1523,Liquid Staking,KLAYstation,,-,30803301.77,,klaystation
636,Derivatives,Keep3r Network,0x1ceb5cb57c4d4e2b2433641b95dd330a33185a44,KP3R,30606563.2367787,33162988.738746762,keep3r-network
275,Liquid Staking,SharedStake,0x84810bcf08744d5862b8181f12d17bfd57d3b078,SGT,30476307.029519435,1419190.0250951706,sharedstake
507,Dexes,DefiBox,bsc:0x708c0e1d2417603d9acb0ae04fefbb93a7a322ff,BOX,29967822.636591993,3117635.279410255,defibox
1181,Dexes,MojitoSwap,kcc:0x2ca48b4eea5a731c2b54e7c3944dbdb87c0cfb6f,MJT,29265211.907218266,0.0,mojitoswap
954,Lending,REX Staking,,-,29061174.20823158,,rex-staking
214,Dexes,Raydium,4k3Dyjzvzp8eMZWUXbBCjEvwSkkk59S5iCNLY3QrkX6R,RAY,29012298.41019304,47659063.27576725,raydium
520,Synthetics,Youves,tezos:KT1Xobej4mc6XgEjDoJoHtTKgbD1ELMvcQuL,YOU,28635774.445676275,2764976.8832631093,youves
117,Bridge,RenVM,0x408e41876cccdc0f92210600ef50372656052a38,REN,28281832.258724708,84108153.16343945,renvm
217,Cross Chain,Connext,-,-,27690032.897515763,,connext
2309,CDP,Indigo,cardano:asset1u8caujpkc0km4vlwxnd8f954lxphrc8l55ef3j,INDY,27669318.44076048,7156444.877289508,indigo
1250,Yield,Llama Airforce,,-,27662851.941817634,,llama-airforce
183,Lending,Wing Finance,-,WING,27498448.978,20633722.782263923,wing-finance
1883,Dexes,iZiSwap,0x9ad37205d608B8b219e6a2573f922094CEc5c200,IZI,27474874.983550914,,iziswap
503,Options,Lyra,optimism:0x50c5725949a6f0c72e6c4a641f24049a917db0cb,LYRA,27368374.59906075,34363672.25139734,lyra
397,Dexes,ShibaSwap,0x9813037ee2218799597d83d4a5b6f3b6778218d9,BONE,27265033.156578448,189928467.95099574,shibaswap
2255,NFT Lending,NFTfi,,-,27089819.383671243,,nftfi
2231,RWA,Tangible,polygon:0xb5DFABd7fF7F83BAB83995E72A52B97ABb7bcf63,USDR,26645376.219220378,0.0,tangible
1952,RWA,Lofty,,-,26550930.5061,,lofty
2099,Dexes,OKCSwap,,-,25777478.390454143,,okcswap
1491,Bridge,RelayChain,0x5d843fa9495d23de997c394296ac7b4d721e841c,RELAY,25404176.757019397,1340494.3017264346,relaychain
1953,RWA,Toucan Protocol,,-,25320948.28,,toucan-protocol
580,Dexes,SashimiSwap,0xC28E27870558cF22ADD83540d2126da2e4b464c2,SASHIMI,25022080.682961505,1236983.0913365379,sashimiswap
285,Options,Opyn Gamma,,-,24864413.348537855,,opyn-gamma
660,Options,Dopex,0xeec2be5c91ae7f8a338e1e5f3b5de49d07afdc81,DPX,24812142.458468974,42358785.36710504,dopex
1660,Dexes,Swappi,conflux:0x22f41abf77905f50df398f21213290597e7414dd,PPI,24595800.944975823,0.0,swappi
434,Lending,Tarot,fantom:0xc5e2b037d30a390e62180970b3aa4e91868764cd,TAROT,24408373.394749355,4887128.161408494,tarot
238,Dexes,Ellipsis Finance,bsc:0xA7f552078dcC247C2684336020c03648500C6d9F,EPS,24310850.756823566,24922153.801145826,ellipsis-finance
2147,Derivatives,IPOR,0x1e4746dc744503b53b4a082cb3607b169a289090,IPOR,24245796.248323727,2548794.863353281,ipor
2332,Dexes,Equalizer Exchange,fantom:0x3Fd3A0c85B70754eFc07aC9Ac0cbBDCe664865A6,EQUAL,24105957.872670628,811482.9957585684,equalizer-exchange
573,Lending,Liqee,-,LQE,23789900.90574297,,liqee
162,Dexes,Bancor V2.1,0x1f573d6fb3f13d689ff844b4ce37794d79a7ff1c,BNT,23653633.533656247,,bancor-v2.1
1878,Derivatives,ApeX Protocol,0x52a8845df664d76c69d2eea607cd793565af42b8,APEX,23400883.270261034,12282216.639976501,apex-protocol
1955,Lending,Parallel Lending,,-,23395991.90615636,,parallel-lending
483,NFT Marketplace,NFTX,0x87d73e916d7057945c9bcd8cdd94e42a6f47f776,NFTX,23200757.48701887,6948110.455535357,nftx
1881,Indexes,Toros,,-,23025805.848162845,,toros
2622,Lending,Mare Finance,kava:0xd86C8d4279CCaFbec840c782BcC50D201f277419,MARE,22932776.584582604,,mare-finance
458,Lending,Solend,solana:SLNDpmoWTVADgEdndyvWzroNL7zSi1dF9PC3xHGtPwp,SLND,22837749.02995278,13608236.760036023,solend
1303,Lending,Iron Bank,fantom:0x00a35FD824c717879BF370E70AC6868b95870Dfb,IB,22800842.22760859,295013.9177812222,iron-bank
1738,Liquid Staking,Bifrost Liquid Staking,kusama:-,BNC,22644104.67550024,2963494.103209109,bifrost-liquid-staking
2844,CDP,Sovryn Zero,rsk:0xEfC78FC7D48B64958315949279bA181C2114abbD,SOV,22195347.970302366,,sovryn-zero
1052,Dexes,Astroport,terra:terra1xj49zyqrwpv5k928jwfpfy2ha668nwdgkwlrg3,ASTRO,21943989.075750336,405614.32689588395,astroport
2137,CDP,DeFi Franc,0x045da4bFe02B320f4403674B3b7d121737727A36,DCHF,21747549.890299972,,defi-franc
1315,Liquid Staking,NeoBurger,,-,21482962.1277357,,neoburger
2479,Leveraged Farming,DeltaPrime,,-,21467865.715028197,,deltaprime
519,Dexes,Tezos Liquidity Baking,tezos:KT1TxqZ8QtKvLu3V3JH7Gx58n7Co8pgtpQU5,-,21387993.674952414,,tezos-liquidity-baking
2679,Lending,Kleva Lend,klaytn:0x5fff3a6c16c2208103f318f4713d4d90601a7313,KLEVA,21142509.199522927,,kleva-lend
127,Dexes,KyberSwap Classic,0xdefa4e8a7bcba345f687a2f1456f5edd9ce97202,KNC,21127530.286207844,,kyberswap-classic
2108,Dexes,W3swap,bsc:0xc5db5afee4c55dfad5f2b8226c6ac882e6956a0a,OSK-DAO,21018211.849368535,,w3swap
329,Dexes,Sovryn Dex,rsk:0xEfC78FC7D48B64958315949279bA181C2114abbD,SOV,20993437.274809994,13713819.501147967,sovryn-dex
251,CDP,Mimo Protocol,0x90b831fa3bebf58e9744a14d638e25b4ee06f9bc,MIMO,20579250.63671016,14418342.633040177,mimo-protocol
2920,Indexes,LSDx ETHx,0xfAC77A24E52B463bA9857d6b758ba41aE20e31FF,LSD,20483685.30886003,,lsdx-ethx
2644,Dexes,Maverick Protocol,,-,20218196.954429794,,maverick-protocol
151,Dexes,Rhino.fi,0xdddddd4301a082e62e84e43f474f044423921918,DVF,20101512.939296033,16986071.135717105,rhino.fi
2112,Liquid Staking,Stake.ly,klaytn:0xF80F2b22932fCEC6189b9153aA18662b15CC9C00,stKLAY,20086199.756619394,,stake.ly
1979,Dexes,SaucerSwap,hedera:0.0.731861,SAUCE,19828082.1704,7163910.041913611,saucerswap
1726,Dexes,Meshswap,polygon:0x82362ec182db3cf7829014bc61e9be8a2e82868a,MESH,19405141.99526887,0.0,meshswap
726,Yield,Solo Top,,-,19254003.15304666,,solo-top
2086,Yield,Rage Trade,,-,19183760.833651416,,rage-trade
2782,RWA,Aktionariat,0x6f38e0f1a73c96cb3f42598613ea3474f09cb200,DAKS,18828981.458629176,,aktionariat
2363,CEX,Hotbit,,-,18571164.364858966,,hotbit
253,Lending,BiFi,0x2791BfD60D232150Bff86b39B7146c0eaAA2BA81,BiFi,18397954.352490272,2617725.958512961,bifi
1466,Dexes,ALEX,stacks:SP3K8BC0PPEVCV7NZ6QSRWPQ2JE9E5B6N3PA0KBR9,ALEX,18353418.434595935,29816534.90066288,alex
145,Dexes,Serum,,SRM,18303319.56048764,39719516.95409757,serum
362,Derivatives,Perpetual Protocol,0xbc396689893d065f41bc2c6ecbee5e0085233447,PERP,18249438.85996178,45588263.867710814,perpetual-protocol
2675,Dexes,Ramses Exchange,arbitrum:0xaaa6c1e32c55a7bfa8066a6fae9b42650f262418,RAM,18160763.12235394,1230108.9576747527,ramses-exchange
2393,Dexes,Joe V2,avax:0x6e84a6216ea6dacc71ee8e6b0a5b7322eebc0fdd,JOE,17970103.03084385,,joe-v2
130,Services,The Tokenized Bitcoin,0x3212b29E33587A00FB1C83346f5dBFA69A458923,imBTC,17931772.098711602,,the-tokenized-bitcoin
2685,Dexes,Arbitrum Exchange,arbitrum:0xD5954c3084a1cCd70B4dA011E67760B8e78aeE84,ARX,17819816.69093032,0.0,arbitrum-exchange
1601,Dexes,WingRiders,cardano:asset18v68f0vgv2nc3at8cuuem7f3fztwqcq2usgjyp,WRT,17648213.748950426,0.0,wingriders
2385,Lending,Exactly,,-,17648149.258428033,,exactly
653,Dexes,Atrix,,-,17446719.252195574,,atrix
1873,Lending,Torches,,-,17254391.136964317,,torches
318,Dexes,Dfyn Network,polygon:0xc168e40227e4ebd8c1cae80f7a55a4f0e6d66c97,DFYN,17167688.29965797,7459767.439990969,dfyn-network
541,Dexes,Ref Finance,-,REF,17113154.905127186,3205566.12758412,ref-finance
2139,Yield Aggregator,Sommelier,0xa670d7237398238de01267472c6f13e5b8010fd1,SOMM,17096209.631318737,29989807.810051113,sommelier
2271,Yield,Magpie,bsc:0xD06716E1Ff2E492Cc5034c2E81805562dd3b45fa,MGP,17062051.109355576,0.0,magpie
2153,Yield Aggregator,LUSD ChickenBonds,0xB9D7DdDca9a4AC480991865EfEf82E01273F79C3,bLUSD,16987945.193200085,,lusd-chickenbonds
2413,Dexes,Decryption,tlchain:0x24d8421cE5709AE8e957Cf0FA046622CA599411c,X,16772208.868987212,,decryption
1650,Liquid Staking,sICX,icx:cx2609b924e33ef00b648a409245c7ea394c467824,sICX,16629659.338918842,0.0,sicx
557,Liquid Staking,Meta Pool,near:-,META,16615350.396878,0.0,meta-pool
1444,CDP,Vesta Finance,arbitrum:0xa684cd057951541187f288294a1e1C2646aA2d24,VSTA,16478717.716116842,3771154.2396338144,vesta-finance
209,Yield Aggregator,Autofarm,bsc:0xa184088a740c695e156f91f5cc086a06bb78b827,AUTO,16375366.01651733,2488301.139108948,autofarm
2554,Staking,BendDAO APE Staking,0x0d02755a5700414B26FF040e1dE35D337DF56218,BEND,16232047.948242383,,benddao-ape-staking
1642,Lending,Folks Finance Lending,,-,16091008.225571277,,folks-finance-lending
2361,Derivatives,Mummy Finance,fantom:0x01e77288b38b416F972428d562454fb329350bAc,MMY,16035487.436313055,6016351.18951869,mummy-finance
2403,Derivatives,NestFi,0x04abeda201850ac0124161f037efd70c74ddc74c,NEST,15923253.432379121,,nestfi
2904,CDP,Lybra Finance,0xF1182229B71E79E504b1d2bF076C15a277311e05,LBR,15882613.058356972,1361074.9884770438,lybra-finance
2092,Yield,Pirex,,-,15814672.626956249,,pirex
2491,Lending,Liqwid,cardano:8e420ce194ca84040ba6971e6ab816e3d76ee9ee,LQ,15798867.668640202,0.0,liqwid
620,Yield,Francium,-,-,15768573.605177734,,francium
1707,Yield,CLever,0xf05e58fCeA29ab4dA01A495140B349F8410Ba904,clev-CVX,15662634.629072959,,clever
220,Yield Aggregator,Vesper,0x1b40183efb4dd766f11bda7a7c3ad8982e998421,VSP,15641093.382668806,3081284.9542133827,vesper
1732,Dexes,Verse,0x249ca82617ec3dfb2589c4c17ab7ec9765350a18,VERSE,15473348.18976883,8602004.014529034,verse
756,CDP,Angle,0x31429d1856aD1377A8A0079410B297e1a9e214c2,ANGLE,15461527.19462462,7768981.677101372,angle
310,Yield,Belt Finance,bsc:0xe0e514c71282b6f4e823703a39374cf58dc3ea4f,BELT,15278881.474403149,2187254.7158051366,belt-finance
2535,Bridge,tBTC,0xcdf7028ceab81fa0c6971208e83fa7872994bee5,T,15201726.34981,0.0,tbtc
1577,Lending,Sturdy,,-,15195277.77114255,,sturdy
394,Yield Aggregator,Reaper Farm,fantom:0x21ada0d2ac28c3a5fa3cd2ee30882da8812279b6,OATH,15088619.132582018,13471617.904168798,reaper-farm
2338,Liquid Staking,Bifrost Liquid Crowdloan,,-,15042372.132106766,,bifrost-liquid-crowdloan
1025,Cross Chain,Wrapped,,-,14917221.441545404,,wrapped
239,Services,PoolTogether,0x0cec1a9154ff802e7934fc916ed7ca50bde6844e,POOL,14867894.086704852,2550064.4113746136,pooltogether
2484,CDP,Djed Stablecoin,null,-,14833316.601462055,,djed-stablecoin
2259,Dexes,Helix,,-,14815273.323990656,,helix
2696,Yield,Overnight DAI+,,-,14813955.297176983,,overnight-dai+
133,Dexes,Shell Protocol,,-,14610601.883863531,,shell-protocol
2192,Yield,PlutusDAO,arbitrum:0x51318B7D00db7ACc4026C88c3952B66278B6A67F,PLS,14447865.27045979,6264454.565735298,plutusdao
2005,Liquid Staking,ExinPool,,-,14305574.89,,exinpool
2157,Lending,Green Planet,bsc:0xb3cb6d2f8f2fde203a022201c81a96c167607f15,GAMMA,14145256.798006872,,green-planet
2310,CEX,NBX,,-,14078557.748759575,,nbx
1838,Lending,AAVE V1,0x7fc66500c84a76ad7e9c93437bfc5ac33e2ddae9,AAVE,14017889.026469901,,aave-v1
2308,Liquid Staking,Jito,solana:J1toso1uCk3RLmjorhTtrVwY9HJ7X8V9yYac6Y7kGCPn,JitoSOL,13987373.002990847,0.0,jito
2204,Lending,Pando Rings,,-,13895533.430546766,,pando-rings
626,CDP,Reserve,0x8762db106b2c2a0bccb3a80d1ed41273552616e8,RSR,13820111.84249391,178200831.99091682,reserve
2674,Dexes,WEMIX.FI AMM,,-,13805300.409336463,,wemix.fi-amm
2753,Dexes,Velocore,,VC,13704342.39891924,,velocore
862,Yield,Quarry,,-,13676654.628769433,,quarry
1662,CDP,Yeti Finance,avax:0x77777777777d4554c39223C354A05825b2E8Faa3,YETI,13515933.345066227,551790.9657958136,yeti-finance
2586,Dexes,Equilibre,kava:0xE1da44C0dA55B075aE8E2e4b6986AdC76Ac77d73,VARA,13389677.832423873,,equilibre
1997,Lending,Morpho Compound,0x9994e35db50125e0df82e4c2dde62496ce330999,MORPHO,13373307.419335809,,morpho-compound
696,Lending,Agave,xdai:0x3a97704a1b25f08aa230ae53b352e2e72ef52843,AGVE,13362183.864345068,1023250.6596925424,agave
1046,Dexes,Ouchi Finance,0xDe52a16C6DB7914e6953E27A7df4Ce6A315f8b45,OUCHI,13292724.44171663,,ouchi-finance
2399,Derivatives,Opyn Squeeth,,-,13275613.060920464,0.0,opyn-squeeth
2695,Dexes,SmarDex,0x5de8ab7e27f6e7a1fff3e5b337584aa43961beef,SDEX,13207293.725473586,23662773.221095692,smardex
2284,Yield,WOOFi Earn,0x4691937a7508860f876c9c0a2a617e7d9e945d4b,WOO,13144784.249024428,,woofi-earn
1056,Staking,Redacted Protocol,0xc55126051B22eBb829D00368f4B12Bde432de5Da,BTRFLY,13117412.054251771,43707822.97681183,redacted-protocol
1740,Liquid Staking,LiNEAR Protocol,near:0x918dbe087040a41b786f0da83190c293dae24749,LINEAR,13063395.218161395,0.0,linear-protocol
589,Lending,Strike,0x74232704659ef37c08995e386a2e26cc27a8d7b1,STRK,12968042.108424727,47778481.84242717,strike
1395,Dexes,ArthSwap,astar:0xde2578edec4669ba7f41c5d5d2386300bcea4678,ARSW,12908685.815273639,0.0,arthswap
2319,Yield Aggregator,GMD Protocol,arbitrum:0x4945970EfeEc98D393b4b979b9bE265A3aE28A8B,GMD,12731549.033145275,0.0,gmd-protocol
315,Yield,Tulip Protocol,TuLipcqtGVXP9XR62wM8WWCm6a9vhLs7T1uoWBk6FDs,TULIP,12704832.127995318,1747618.807245687,tulip-protocol
1752,Yield Aggregator,Spool Protocol,0x40803cea2b2a32bda1be61d3604af6a814e70976,SPOOL,12594626.631128728,24635579.668214057,spool-protocol
2901,Liquid Staking,Swell,,-,12484526.902544666,,swell
1531,Dexes,01,,-,12474467.29631811,,01
1849,Liquid Staking,Acala Liquid-Staking,acala:-,ACA,12427722.924187504,,acala-liquid-staking
518,Chain,Nuls,-,NULS,12299990.37,24306398.414365683,nuls
2454,Liquid Staking,GETH,0x3802c218221390025bceabbad5d8c59f40eb74b8,GETH,12263407.875372093,0.0,geth
349,Bridge,Injective Bridge,0xe28b3b32b6c345a34ff64674606124dd5aceca30,INJ,12244829.466320226,572561831.7582781,injective-bridge
1173,Liquid Staking,JPool,solana:7Q2afV64in6N6SeZsAAB81TJzwDoD6zpqmHkzi9Dcavn,JSOL,12231016.044255689,0.0,jpool
916,Derivatives,Pika Protocol,,-,12227702.35628247,,pika-protocol
972,Dexes,StellarX,,-,12215437.1867545,,stellarx
348,Lending,FilDA,heco:0xe36ffd17b2661eb57144ceaef942d95295e637f0,FILDA,12178284.05778646,273571.99010978173,filda
2668,Dexes,Velocimeter V2,canto:0xb5b060055f0d1ef5174329913ef861bc3addf029,FLOW,12147429.23834618,,velocimeter-v2
2921,NFT Lending,Blur Lending,0x5283d291dbcf85356a21ba090e6db59121208b44,BLUR,12118169.848417599,,blur-lending
1593,Yield,Sphere Finance,polygon:0x62f594339830b90ae4c084ae7d223ffafd9658a7,SPHERE,12062040.742702663,18994384.560761537,sphere-finance
2152,Dexes,Sushi Trident,,-,12022398.365815368,,sushi-trident
1929,Liquid Staking,Algem,,-,11932587.103640148,,algem
2795,Dexes,ThalaSwap,aptos:0x7fd500c11216f0fe3095d0c4b8aa4d64a4e2e04f83758462f2b127255643615,THL,11730724.709815247,3693642.4547445136,thalaswap
1016,Privacy,Aztec,,-,11696331.028909504,,aztec
1320,Privacy,Railgun,0xe76c6c83af64e4c60245d8c7de953df673a7a33d,RAIL,11666100.010857312,30999725.320397753,railgun
2824,Staking Pool,ABC Pool,conflux:0x905f2202003453006eaf975699545f2e909079b8,ABC,11662090.200000001,,abc-pool
112,Yield Aggregator,Harvest Finance,0xa0246c9032bC3A600820415aE600c6388619A14D,FARM,11624162.314947743,19921915.81610597,harvest-finance
2727,Dexes,Mute.io,era:0xa49d7499271ae71cd8ab9ac515e6694c755d400c,MUTE,11585191.075555284,27242368.88456159,mute.io
2833,Launchpad,Juicebox V1,0x3abf2a4f8452ccc2cf7b4c1e4663147600646f66,JBX,11555571.851958152,,juicebox-v1
2339,Lending,Lodestar Finance,arbitrum:0xF19547f9ED24aA66b03c3a552D181Ae334FBb8DB,LODE,11452125.502624903,2315277.2297748392,lodestar-finance
1501,Bridge,Octus Bridge,everscale:0:f2679d80b682974e065e03bf42bbee285ce7c587eb153b41d761ebfd954c45e1,BRIDGE,11397094.064092427,5333941.752804067,octus-bridge
141,Synthetics,Outcome Finance,,-,11263823.05402459,,outcome-finance
2316,Bridge,Meter Passport,,-,11248324.222149614,48239412.72083868,meter-passport
200,Yield,Bella Protocol,0xa91ac63d040deb1b7a5e4d4134ad23eb0ba07e14,BEL,11178102.236268077,42307590.17061756,bella-protocol
2540,Dexes,Megaton Finance,ton:EQB-cCOQDwerEnUD4-6xoYD0eL6_yC1zogAvA5GuXTF0iDIf,MEGA,11018209.998908587,,megaton-finance
202,Dexes,Saddle Finance,0xf1dc500fde233a4055e25e5bbf516372bc4f6871,SDL,10989808.486367108,3553036.099298408,saddle-finance
622,Dexes,Clipper,-,-,10970869.870397825,,clipper
1679,Yield,Dot Dot Finance,bsc:0x84c97300a190676a19D1E13115629A11f8482Bd1,DDD,10944224.624386374,168650.78781133646,dot-dot-finance
2436,NFT Lending,Arcade xyz,,-,10941571.340443745,,arcade-xyz
1546,Lending,Burrow,near:-,BRRR,10531645.986122236,34905.55162772042,burrow
1514,Lending,Granary Finance,,-,10158140.466006026,,granary-finance
1631,Lending,Onyx Protocol,0xA2cd3D43c775978A96BdBf12d733D5A1ED94fb18,XCN,10138300.180055978,,onyx-protocol
1384,Dexes,Hermes Protocol,metis:0xb27bbeaaca2c00d6258c3118bab6b5b6975161c8,HERMES,10116696.030000608,3385196.6242593504,hermes-protocol
218,Yield,cVault Finance,0x62359ed7505efc61ff1d56fef82158ccaffa23d7,CORE,10041755.198173163,0.0,cvault-finance
1331,Launchpad,DeepLock,bsc:0x60de5f9386b637fe97af1cc05f25548e9baaee19,DEEP,10003042.132116478,0.0,deeplock
2196,Dexes,Uniswap V1,0x1f9840a85d5af5bf1d1762f925bdaddc4201f984,UNI,8202243.805867109,4033812411.547605,uniswap-v1
245,Chain,Secret Network,-,SCRT,7339403.352848047,113877223.8522251,secret-network
189,Dexes,1inch Network,0x111111111117dc0aa78b770fa6a738034120c302,1INCH,6344644.409403374,362720089.7243486,1inch-network
2405,Launchpad,FlokiFi Locker,0xcf0c122c6b73ff809c693db761e7baebe62b6a2e,FLOKI,4368049.570613528,420542407.32950246,flokifi-locker
221,Dexes,Defi Swap,0xa0b73e1ff0b80914ab6fe0444e65848c4c34450b,CRO,2221237.3726914334,1717819626.236175,defi-swap
237,Dexes,Swipe,0x8ce9137d39326ad0cd6491fb5cc0cba0e089b6a9,SXP,192560.86520178724,284806271.7209292,swipe
255,Algo-Stables,Fei Protocol,0xc7283b66eb1eb5fb86327f08e1b5816b0720212b,TRIBE,6.050883675438483,135040690.57335144,fei-protocol
340,Reserve Currency,Olympus DAO,0x64aa3364F17a4D01c6f1751Fd97C2BD3D7e7f1D5,OHM,0.0,291154028.0492451,olympus-dao
447,Yield,Illuvium,0x767fe9edc9e0df98e07454847909b5e959d7ca0e,ILV,0.0,245808309.86890078,illuvium
456,Payments,Telcoin,polygon:0xdf7837de1f2fa4631d716cf2502f8b230f1dcc32,TEL,0.0,133671675.55633242,telcoin
921,Services,DAO Maker Vesting,0x0f51bb10119727a7e5ea3538074fb341f56b09ad,DAO,0.0,254638225.1799893,dao-maker-vesting
1065,Gaming,The Sandbox,0x3845badAde8e6dFF049820680d1F14bD3903a5d0,SAND,0.0,1006992224.647906,the-sandbox
1339,Oracle,API3,0x0b38210ea11411557c13457d4da7dc6ea731b88a,API3,0.0,120774377.11484769,api3
1350,Yield,TreasureDAO,0xb0c7a3ba49c7a6eaba6cd4a96c55a1391070ac9a,MAGIC,0.0,220894270.5964619,treasuredao
1905,Staking,Bitgert,bsc:0x8fff93e810a2edaafc326edee51071da9d398e83,BRISE,0.0,145308685.547681,bitgert
2501,Services,Aragon,0xa117000000f279d81a1d3cc75430faa017fa5a2e,ANT,0.0,120624692.36294986,aragon
2502,Services,BitDAO,0x1a4b46696b2bb4794eb3d4c26f1c55f9170fa4c5,BIT,0.0,720876030.8374438,bitdao
2518,Services,Gitcoin,0xde30da39c46104798bb5aa3fe8b9e0e1f348163f,GTC,0.0,103074163.63298358,gitcoin
2519,Services,ENS,0xc18360217d8f7ab5e7c516566761ea12ce7f9d72,ENS,0.0,286016251.0325534,ens
2520,Services,Gnosis DAO,0x6810e776880c02933d47db1b9fc05908e5386b96,GNO,0.0,294680340.8194244,gnosis-dao
2623,Oracle,Chainlink,0x514910771af9ca656af840dff83e8264ecf986ca,LINK,0.0,3597621612.4749494,chainlink
2665,Staking,ApeCoin,0x4d224452801aced8b2f0aebe155379bb5d594381,APE,0.0,1319126191.1865928,apecoin
2725,Staking,Aptos,,APT,0.0,1738916180.6522415,aptos
2726,Services,Canto,canto:0x826551890dc65655a0aceca109ab11abdbd7a07b,CANTO,0.0,110989019.28090869,canto
2785,Staking,Arbitrum,,ARB,0.0,1587478875.6912026,arbitrum
2786,Staking,Bitcoin,,BTC,0.0,560447166652.5234,bitcoin
2788,Staking,Moonbeam,,GLMR,0.0,200728796.51841834,moonbeam
