id,category,name,address,symbol,tvl,mcap,slug,7dma_%,1mma_%,Volume_7d_%,Volume_1m_%,HolderCounts_7day%,HolderCounts_30day%
2269,CEX,Binance CEX,,-,66779297134.16565,,binance-cex,-0.002842809889997744,0.0008669958060774086,,,NA,NA
182,Liquid Staking,Lido,0x5a98fcbea516cf06857215779fd812ca3bef1b32,LDO,12182819789.58343,1603928633.3867607,lido,0.0025299473111159987,0.002452172292372712,,,0.14080864392654963,1.7311341410013135
2272,CEX,OKX,,-,10089152089.885555,,okx,-0.00025248038558811636,0.0014319924816581509,,,NA,NA
2275,CEX,Bitfinex,,-,9447931438.360874,,bitfinex,-0.001803053905233054,0.0008392466740696491,,,NA,NA
118,CDP,MakerDAO,0x9f8f72aa9304c8b593d555f12ef6589cc3a579a2,MKR,7390535954.686009,621864754.5755401,makerdao,-0.0008381946452064026,-0.0015699463570537642,,,0.08135664852871255,0.783095354627285
240,Chain,Polygon Bridge & Staking,0x7d1afa7b718fb893db30a3abc0cfc608aacfebb0,MATIC,7209698421.032697,9083018477.943789,polygon-bridge-&-staking,-0.00309235148082343,-0.0035870576107217556,,,0.2085464379376046,2.0670838649300984
2,Bridge,WBTC,0x2260fac5e5542a773aa44fbcfedf7c193bc2c599,WBTC,4465859690.731512,4462049789.113833,wbtc,-0.0009548599969808613,0.0016526514119443725,,,0.21459534471165537,1.1537906137184115
3,Dexes,Curve DEX,0xD533a949740bb3306d119CC777fa900bA034cd52,CRV,4368657626.645009,,curve-dex,0.000307033525574818,-0.002681338643235498,-24.65,-17.81,0.14093168656792907,0.8268727183601863
111,Lending,AAVE V2,0x7fc66500c84a76ad7e9c93437bfc5ac33e2ddae9,AAVE,3930962972.423971,1010753748.5108776,aave-v2,-0.00020439192230625736,-0.0030714927083557164,,,0.18699977560026926,1.1217716820283745
494,Lending,JustLend,tron:TCFLL5dx5ZJdKnWuesXxi1VPwjLVmWZZy9,JST,3897793208.378038,217959729.00229645,justlend,0.003243246603486183,0.0020473486489203108,,,NA,NA
2270,CEX,Crypto-com,,-,3648028922.900659,,crypto-com,-0.0049339994535398946,-0.002231319553482658,,,NA,NA
694,Bridge,JustCryptos,tron:TCFLL5dx5ZJdKnWuesXxi1VPwjLVmWZZy9,JST,3428628233.0,,justcryptos,-0.0013064470743483492,0.0009689677516020456,,,NA,NA
319,Yield,Convex Finance,0x4e3fbd56cd56c3e72c1403e103b45db9da5b9d2b,CVX,3409017680.6782527,399634767.5092138,convex-finance,0.03667050492799029,-0.00434017666502462,,,0.2513980811656662,1.2225445503522585
2276,CEX,Huobi,,-,2987528997.1203275,,huobi,-0.005029796156650113,-0.0009562561076099652,,,NA,NA
2286,CEX,Bybit,,-,2977392716.6258287,,bybit,-0.002520624645165337,-0.0009242559063434852,,,NA,NA
2198,Dexes,Uniswap V3,0x1f9840a85d5af5bf1d1762f925bdaddc4201f984,UNI,2928583536.9018135,,uniswap-v3,0.00027180997720055444,0.0014622137269384439,100.1,16.51,0.41759783371123765,-1.460140278048273
2274,CEX,Kucoin,,-,2753639976.831014,,kucoin,-0.00744960841666531,-0.00011735527204603802,,,NA,NA
2222,Liquid Staking,Coinbase Wrapped Staked ETH,0xbe9895146f7af43049ca1c1ae358b0541ea49704,CBETH,2268591344.356322,0.0,coinbase-wrapped-staked-eth,-0.0006582879305011557,-0.00012600311997801317,,,3.361253715212105,24.322391940201495
120,Services,Instadapp,0x6f40d4a6237c257fff2db00fa0510deeecd303eb,INST,2121609103.1942325,25567830.96973847,instadapp,-0.00030564162251212057,0.0005312046106829005,,,-0.3968253968253968,-1.5134529147982063
2273,CEX,Deribit,,-,1884097356.4096181,,deribit,0.0003583369950173054,0.0010554800170832213,,,NA,NA
2314,CEX,Gate-io,,-,1872868966.2723813,,gate-io,-0.00918480805081856,-0.004218117737020299,,,NA,NA
194,Dexes,PancakeSwap AMM,bsc:0x0E09FaBB73Bd3Ade0a17ECC321fD13a19e81cE82,CAKE,1804866723.3062294,,pancakeswap-amm,-0.0070444649505070345,-0.006071214213318132,63.46,173.5,NA,NA
591,Bridge,Multichain,0x9Fb9a33956351cf4fa040f65A13b835A3C8764E3,MULTI,1751752135.135143,172965690.08229414,multichain,-0.006852006294747248,0.003740915027609537,,,0.0,0.0
900,Liquid Staking,Rocket Pool,0xd33526068d116ce69f19a9ee46f0bd304f21a51f,RPL,1547710814.7970533,936710062.6106348,rocket-pool,0.005168667213132361,0.007288176489684606,,,0.48082702247866327,7.084294132718422
2352,CEX,Bitget,,-,1469151874.9971957,,bitget,-0.0009444268099668696,-0.0006161611998823924,,,NA,NA
1599,Lending,AAVE V3,0x7fc66500c84a76ad7e9c93437bfc5ac33e2ddae9,AAVE,1458294337.6976395,,aave-v3,0.006840979172607176,0.0017623813327332094,,,0.18699977560026926,1.1217716820283745
114,Lending,Compound,0xc00e94cb662c3520282e6f5717214004a7f26888,COMP,1337309493.996946,,compound,-0.001630481493957392,-0.0044512066048189025,,,0.04272834740995001,0.303209161962244
2197,Dexes,Uniswap V2,0x1f9840a85d5af5bf1d1762f925bdaddc4201f984,UNI,1231053948.6549795,,uniswap-v2,0.003741396694809218,0.0016686370671239459,687.79,1126.95,0.41759783371123765,-1.460140278048273
691,CDP,JustStables,tron:TMwFHYXLJaRUPeW6421aqXL4ZEzPRFGkGT,USDJ,1220466449.634042,0.0,juststables,0.004899588708698666,0.002001051449136426,,,NA,NA
2611,Dexes,Balancer V2,0xba100000625a3754423978a60c9317c58a424e3d,BAL,1103298539.7614934,,balancer-v2,0.001517067749193357,-0.0038519630371735003,21.29,,0.11380298951699384,0.5009117472592657
2293,CEX,Bitmex,,-,873189153.3390387,,bitmex,-0.0017763077451055098,0.0003257155227189834,,,NA,NA
212,Lending,Venus,bsc:0xcf6bb5389c92bdda8a3747ddb454cb7a64626c63,XVS,857232773.925177,83894246.05881299,venus,-0.000888916038530807,0.0006076385656035299,,,NA,NA
270,CDP,Liquity,0x6DEA81C8171D0bA574754EF6F8b412F2Ed88c54D,LQTY,756759763.852481,134393365.7882894,liquity,0.0007218491385074799,3.5126011133090884e-05,,,0.3216024993108518,1.2707541044430015
337,Derivatives,GMX,arbitrum:0xfc5A1A6EB076a2C7aD06eD22C90d7E710E35ad0a,GMX,696598371.669241,598323624.5311804,gmx,0.0012928998050076856,0.0031792779007076,281.79,29.64,NA,NA
1918,Yield,Aura,0xc0c293ce456ff0ed870add98a0828dd4d2903dbf,AURA,646370020.7613409,58482250.75865564,aura,0.0028120819371697525,-0.005647924082853639,,,0.2730206006453214,-3.279865932487431
2295,CEX,SwissBorg,,-,597324142.1539229,,swissborg,-0.00453776362438818,-0.0006172629737626334,,,NA,NA
2088,Lending,Compound V3,0xc00e94cb662c3520282e6f5717214004a7f26888,COMP,586706813.1063732,,compound-v3,-0.0015532230984516282,0.005486689489351937,,,0.04272834740995001,0.303209161962244
2373,CEX,Binance US,,-,504206384.7901893,,binance-us,0.06643737910090364,0.018576001254903662,,,NA,NA
113,Yield Aggregator,Yearn Finance,0x0bc529c00C6401aEF6D220BE8C6Ea1667F6Ad93e,YFI,460946973.4557791,260843448.29072982,yearn-finance,-0.003686921515102193,0.0011414266970699583,,,0.0861903849837196,-6.039846081921818
1571,Cross Chain,Stargate,0xaf5191b0de278c7286d6c7cc6ab6bb8a73ba2cd6,STG,449218107.69684106,133457581.98872529,stargate,-0.005908472241861307,0.0027236761257154463,,,1.741144821401883,17.40611391368085
119,Dexes,SushiSwap,0x6b3595068778dd592e39a122f4f5a5cf09c90fe2,SUSHI,444856262.3206023,192744060.33462465,sushiswap,-0.001644167253712303,-0.0021006177250303404,126.16,35.76,0.05827759270051406,0.583210191751117
115,Synthetics,Synthetix,0xc011a73ee8576fb46f5e1c5751ca3b9fe0af2a6f,SNX,417231007.518426,759525328.191746,synthetix,-0.000834609621839344,-0.0032860551200185606,,,-1.8537275010022998,-2.2476987095960657
690,Dexes,SUNSwap,tron:TSSMHYeV2uE9qYH95DqyoCuNCzEL1NvU3S,SUN,412829396.02128553,,sunswap,2.8221241171522138e-05,0.0003706664392220116,6.78,,NA,NA
2301,CEX,Korbit,,-,358254200.30287373,,korbit,-0.0015265674079346647,7.424839407454975e-05,,,NA,NA
144,Derivatives,dYdX,0x92d6c1e31e14520e676a687f0a93788b716beff5,DYDX,353328912.2119292,377881519.1455121,dydx,0.004550569245526326,-6.454264066368953e-05,,,0.13037168228667012,1.6481046796184389
2221,Liquid Staking,Frax Ether,0x5E8422345238F34275888049021821E8E08CAa1f,frxETH,345196826.24371976,,frax-ether,0.01139647384063025,0.011532122117702936,,,4.364569961489089,18.686131386861312
326,Yield Aggregator,Beefy,bsc:0xca3f508b8e4dd382ee878a314789373d80a5190a,BIFI,333031258.49087995,34965074.583619185,beefy,-0.00653156303560154,-0.002054557405164359,,,NA,NA
2168,Lending,Morpho Aave,0x9994e35db50125e0df82e4c2dde62496ce330999,MORPHO,327052806.56304485,,morpho-aave,0.00621230789675975,0.006048879247460448,,,1.0794896957801767,4.251012145748987
1796,Bridge,Poly Network,,-,320806985.4,,poly-network,-0.0029782050296893736,-0.0019006504718775963,,,NA,NA
1541,Bridge,Portal,,-,318153483.8,,portal,0.021580804319697222,0.004238555752477335,,,NA,NA
2769,Dexes,PancakeSwap AMM V3,bsc:0x0E09FaBB73Bd3Ade0a17ECC321fD13a19e81cE82,CAKE,313484610.63253117,,pancakeswap-amm-v3,0.02835549359663725,0.023494595048392686,-2.26,,NA,NA
2435,CEX,Nexo,,-,300626555.7249867,394325074.3567521,nexo,-0.004160066639071203,-0.0003159593650409187,,,NA,NA
148,Privacy,Tornado Cash,0x77777feddddffc19ff86db637967013e6c6a116c,TORN,285780058.2800713,10040833.548911465,tornado-cash,0.0013776093166022463,0.0021879351444868966,,,0.021872265966754158,0.4834102395078005
1793,Indexes,Bwatch,0x045414e728067ab3da4bceafc0d992d59183463a,BOX,285456502.25,0.0,bwatch,-0.0017027496278179122,0.0007144696327960887,,,0.0,5.88235294117647
1799,Dexes,Velodrome,optimism:0x3c8B650257cFb5f272f799F5e2b4e65093a11a05,VELO,276522206.0892124,25589600.38147757,velodrome,-0.009833814720643042,0.0006027682537761425,41.62,-19.58,NA,NA
122,Insurance,Nexus Mutual,0xd7c49cee7e9188cca6ad8ff264c1da2e69d4cf3b,NXM,274793012.49719447,357192916.91830325,nexus-mutual,0.0001665430904722598,0.00044092214668967067,,,0.024509803921568627,0.0
2706,Lending,Radiant V2,arbitrum:0x3082CC23568eA640225c2467653dB90e9250AaA0,RDNT,272097964.69977343,,radiant-v2,0.002992759589742766,0.012643784353136844,,,NA,NA
347,CDP,Abracadabra,0x090185f2135308bad17527004364ebcc2d37e5f6,SPELL,266163863.40231237,76794417.24554148,abracadabra,0.008485320413148978,0.0026756613235527915,,,0.009620318111852232,1.1481205202218403
132,Bridge,hBTC,0x0316EB71485b0Ab14103307bf65a021042c6d380,hBTC,259622090.8022572,259106325.44763872,hbtc,-0.001303562082143217,0.0011044753109510363,,,0.0,-1.9666048237476808
2907,Dexes,Chronos,arbitrum:0x15b2fb8f08E4Ac1Ce019EADAe02eE92AeDF06851,CHR,254810880.58335018,0.0,chronos,0.46184812591815283,0.3506456978220731,243.05,,NA,NA
1765,Launchpad,UniCrypt,0xadb2437e6f65682b85f814fbc12fec0508a7b1d0,UNCX,248798957.09144425,11621649.522021484,unicrypt,0.00893121977042255,0.0024810197791669264,,,0.06049606775559589,0.42501517911353975
502,Yield,Coinwind,heco:0x80861a817106665bca173db6ac2ab628a738c737,COW,216370118.27578634,0.0,coinwind,-0.00013131902054386302,0.00041447225788315833,,,NA,NA
657,Bridge,Synapse,0x0f2d719407fdbeff09d87557abb7232601fd9f29,SYN,213787998.97272187,139253501.75299552,synapse,-0.0035987727222860366,0.0028743505086061827,,,-0.22706023774542541,-0.9940357852882704
295,Chain,Stacks Staking,-,STX,208361161.81713977,981038938.6096698,stacks-staking,-0.04455110617557945,-0.018292360521159123,,,NA,NA
345,Leveraged Farming,Alpaca Leveraged Yield Farming,bsc:0x8f0528ce5ef7b51152a59745befdd91d97091d2f,ALPACA,202652902.8921287,35390333.929605454,alpaca-leveraged-yield-farming,0.01785180342891035,-0.0001877842756382586,,,NA,NA
1807,Launchpad,PinkSale,bsc:0x602ba546a7b06e0fc7f58fd27eb6996ecc824689,PINKSALE,202086543.50126013,18929202.39792796,pinksale,0.0045591452241695585,0.00340434557139746,,,NA,NA
373,Dexes,BiSwap,bsc:0x965f527d9159dce6288a2219db51fc6eef120dd1,BSW,196501087.43011793,57271542.46215674,biswap,-0.0007516088876584615,-0.002630013585000701,63.93,-14.86,NA,NA
641,Liquidity manager,Arrakis V1,,-,195809838.36908194,,arrakis-v1,0.005377687232539952,-0.0005853269588879106,,,NA,NA
831,Dexes,VVS Finance,cronos:0x2D03bECE6747ADC00E1a131BBA1469C15fD11e03,VVS,180462682.1363931,118484795.07427174,vvs-finance,-0.009622796921862964,-0.0014353779713806025,-60.15,-15.87,NA,NA
278,Liquid Staking,Ankr,0x8290333cef9e6d528dd5618fb97a76f268f3edd4,ANKR,176026639.0005051,237006564.90941855,ankr,-0.004456962272911591,-0.002486870860318735,,,0.26797047623524983,1.3447374673319077
277,Liquid Staking,StakeWise,0x48c3399719b582dd63eb5aadf12a40b4c3f52fa2,SWISE,175151622.0512651,32067299.450288165,stakewise,0.0004889230406801559,0.000999675567975311,,,-0.7016371533578349,-0.13440860215053765
1166,Dexes,DefiChain DEX,-,DFI,172500814.1330611,315683436.9992352,defichain-dex,-0.00867709569509989,-0.00798946020156499,-30.73,-50.96,NA,NA
704,Dexes,Chainge Finance,fusion:0xed0294dbd2a0e52a09c3f38a09f6e03de2c44fcf,CHNG,171489034.3985207,48945905.73068556,chainge-finance,-0.0010868080312722572,-0.0007043849512119449,231.32,-59.92,NA,NA
1217,Liquid Staking,Parallel Liquid Crowdloan,,-,164175156.9489924,,parallel-liquid-crowdloan,-0.009699825267235562,-0.003805498199421886,,,NA,NA
1773,NFT Lending,BendDAO Lending,0x0d02755a5700414B26FF040e1dE35D337DF56218,BEND,163570493.86356965,,benddao-lending,-0.004862543865569058,-0.005802272493334759,,,-0.30516879649055884,0.0861656294877932
383,Dexes,Osmosis DEX,-,OSMO,160182511.5014592,407141445.03740627,osmosis-dex,-0.010677603289199422,-0.0008498354434713917,-2.23,-7.96,NA,NA
129,Chain,xDAI Stake Bridge,0x0Ae055097C6d159879521C384F1D2123D1f195e6,STAKE,157587585.49619085,1057038.7585382822,xdai-stake-bridge,-0.0015901168966796497,-0.0015483863504338613,,,0.0,-0.011340440009072352
1054,Bridge,ChainPort,0x104f3152d8ebfc3f679392977356962ff36566ac,PORTX,157210473.35999998,2496565.188721635,chainport,-0.006808291673665812,-0.0030485662553290105,,,0.6024096385542169,1.8292682926829267
2517,NFT Lending,ParaSpace Lending,,-,156170877.41325533,,paraspace-lending,-0.0040960008753715416,0.005065458032300629,,,NA,NA
231,Payments,Lightning Network,-,-,155978120.79141894,,lightning-network,-0.0017377428245616278,0.0008380349314034419,,,NA,NA
1981,Bridge,Orbit Bridge,eth:0x662b67d00A13FAf93254714DD601F5Ed49Ef2F51,ORC,147327393.8000224,0.0,orbit-bridge,-0.003234785739892443,-0.00788897696450419,,,NA,NA
467,Lending,Benqi Lending,avax:0x8729438eb15e2c8b576fcc6aecda6a148776c0f5,QI,138236040.582885,33806933.72945775,benqi-lending,-0.001458762137618863,-0.0037479786204557275,,,NA,NA
359,Algo-Stables,Frax,0x3432b6a60d23ca0dfca7761b7ab56459d9c964d0,FXS,136774790.6529406,,frax,-0.0017386845931720574,-0.006557024341168227,,,0.32573289902280134,2.0919269298762524
1879,Liquid Staking,Acala LCDOT,acala:-,ACA,136738625.78405094,,acala-lcdot,-0.009594095940962943,-0.0037735849056600435,,,NA,NA
801,Bridge,cBridge,,CELR,136700447.90382555,120953341.67207956,cbridge,-0.007957467876857804,-0.0018155022809126509,,,NA,NA
2914,Liquid Staking,Binance staked ETH,,-,134782915.72137457,,binance-staked-eth,0.0006798456440246792,0.0007031897205433957,,,NA,NA
116,Dexes,Balancer V1,0xba100000625a3754423978a60c9317c58a424e3d,BAL,132149419.87075442,,balancer-v1,-0.0020438362485244443,-0.003452952237912199,-3.26,,0.11380298951699384,0.5009117472592657
177,Services,DefiSaver,-,-,126079220.14960857,,defisaver,-0.0006886486477669651,-0.008042324280636004,,,NA,NA
1115,Lending,Tectonic,cronos:0xeAdf7c01DA7E93FdB5f16B0aa9ee85f978e89E95,TONIC,125763636.24337757,35059532.43781075,tectonic,-7.760864642358811e-05,0.00022177759335240133,,,NA,NA
279,Liquid Staking,StakeHound,0x160b1e5aabfd70b2fc40af815014925d71ceed7e,-,124290800.28179872,0.0,stakehound,-7.229247729401145e-05,0.0003397481303926142,,,0.0,0.0
2076,Lending,Fraxlend,,-,123627107.19270621,,fraxlend,0.0066070997599883,0.006788458782488016,,,NA,NA
2414,NFT Marketplace,Blur Bids,0x5283d291dbcf85356a21ba090e6db59121208b44,BLUR,120604208.52595614,245670178.53052688,blur-bids,0.006866209871640105,0.0010972606392805062,,,-0.2246976143806473,-1.5728535383309359
1044,Liquid Staking,Stader,0x30d20208d987713f46dfd34ef128bb16c404d10f,SD,118754569.73134263,25767726.132602233,stader,0.006164887270614372,9.42673401376215e-05,,,-0.1316222441592629,-0.26289845547157414
2542,RWA,Ondo Finance,-,-,116384105.7984658,,ondo-finance,0.0145422960598931,0.015925843230414793,,,NA,NA
2313,CEX,Firi,,-,115007885.75234252,,firi,-0.0012393576473537227,0.0005022877525284741,,,NA,NA
508,Dexes,KlaySwap,-,KSP,111367941.99524628,0.0,klayswap,-0.004725569298259846,-0.0027478781294946186,40.78,-75.27,NA,NA
126,Dexes,Loopring,0xbbbbca6a901c926f240b89eacb641d8aec7aeafd,LRC,110608153.08695196,398219893.49373627,loopring,-0.005904295030265239,-0.0024923200042916704,,,0.09670950363698931,0.5015875663471677
412,Dexes,Thorchain,thorchain:0x0000000000000000000000000000000000000000,RUNE,110367849.31996806,389710650.1012206,thorchain,-0.005449261227042812,-0.003722913427861352,,,NA,NA
1864,Launchpad,Team Finance,0xCC4304A31d09258b0029eA7FE63d032f52e44EFe,SWAP,110017074.45777324,26792109.6466012,team-finance,-0.000284752700432378,-0.0007227481894821475,,,-0.14421838784445018,-0.34440217950035984
504,Algo-Stables,Mento,-,-,109825175.90873945,281763088.6751851,mento,-0.028527042293361227,-0.008347738651900971,,,NA,NA
2346,CEX,WOO X,,-,108604277.04921314,,woo-x,0.002046988047957665,0.005041715029682647,,,NA,NA
484,Liquid Staking,Marinade Finance,solana:MNDEFzGvMt87ueuHvVU9VcTqsAP5b3fTGPsHuuPA5ey,MNDE,107166805.5591689,6987770.978135047,marinade-finance,-0.007032880650313489,-0.005250439362106785,,,NA,NA
2292,CEX,Cake DeFi,,-,106338990.09613463,,cake-defi,-0.0026230163874254586,-0.00034981288461244375,,,NA,NA
355,Liquidity manager,Gamma,0x6bea7cfef803d1e3d5f7c0103f7ded065644e197,GAMMA,106047996.76575117,15393061.007141342,gamma,0.00012179215773255869,0.012347950517616946,,,-1.0473815461346634,0.12616704516780217
1167,Synthetics,DefiChain Loans,-,DFI,105648459.15757278,,defichain-loans,0.006439627030774275,0.002185509390457918,,,NA,NA
2305,CEX,MaskEX,,-,103606448.9656327,,maskex,-0.0041968039029337545,-0.0011464305213221282,,,NA,NA
435,Cross Chain,Hop Protocol,0xc5102fe9359fd9a28f877a67e36b0f050d81a3cc,HOP,101697821.68582089,8380086.048185008,hop-protocol,-0.0026469007034410907,-0.0015075916153532987,,,-0.13587928198526783,-0.31410622501427754
1427,Liquid Staking,Benqi Staked Avax,avax:0x2b2C81e08f1Af8835a78Bb2A90AE924ACE0eA4bE,SAVAX,101493477.65665789,101504621.73369426,benqi-staked-avax,-0.009014462992829708,-0.0014731992172375419,,,NA,NA
2678,Lending,Alpaca Lending,bsc:0x8f0528ce5ef7b51152a59745befdd91d97091d2f,ALPACA,100943743.51431349,,alpaca-lending,0.005993036986150502,-0.012475848121661692,,,NA,NA
2369,CEX,Phemex,,-,95853642.53850813,,phemex,-0.002042246043401974,-0.004333830631735203,,,NA,NA
431,Dexes,SUN.io,tron:TSSMHYeV2uE9qYH95DqyoCuNCzEL1NvU3S,SUN,94261370.0378333,54250495.111365736,sun.io,0.0021785649024765874,0.01195523403504084,,,NA,NA
2307,Dexes,Camelot V2,arbitrum:0x3d9907F9a368ad0a51Be60f7Da3b97cf940982D8,GRAIL,93370359.13544358,,camelot-v2,0.00107122515959035,-0.005206982683224171,17.22,3.21,NA,NA
1700,Dexes,Wombat Exchange,bsc:0xad6742a35fb341a9cc6ad674738dd8da98b94fb1,WOM,92068018.43468088,6992026.803968262,wombat-exchange,-0.015307120270862451,0.0057739290424829726,-13.57,5.42,NA,NA
2616,Yield,Conic Finance,0x9ae380f0272e2162340a5bb646c354271c0f5cfc,CNC,91969568.69021867,,conic-finance,-0.007842388571024594,0.002562825907069133,,,-0.3066141042487955,1.743406347787215
140,Lending,Kava Lend,-,HARD,91729687.49585713,21098541.06676149,kava-lend,-0.0057061256984179964,0.0005384273562356601,,,NA,NA
306,Dexes,Quickswap Dex,polygon:0x831753dd7087cac61ab5644b308642cc1c33dc13,QUICK,86971794.35408434,32979057.198654756,quickswap-dex,-0.0085245132130074,-0.0038495259259256898,,,NA,NA
1087,Lending,Algofi Lend,,-,86884875.69305904,,algofi-lend,-0.008233823319040767,-0.0023254273888875243,,,NA,NA
2298,CEX,Coinsquare,,-,86348141.10003884,,coinsquare,0.0043354244775566375,-0.0019448392934926506,,,NA,NA
797,Dexes,Katana DEX,,-,84160622.6720578,,katana-dex,-0.00017977752053921492,-0.0025372353645853885,-29.78,-54.02,NA,NA
2415,Liquid Staking,OKC Liquid Staking,okexchain:0x97b05e6c5026d5480c4b6576a8699866eb58003b,stOKT,83702514.98433457,,okc-liquid-staking,-0.01046326321194535,0.004347720868088434,,,NA,NA
266,Indexes,Set Protocol,-,-,81654665.03530332,,set-protocol,-0.005170876741026342,-0.003291254779137276,,,NA,NA
654,Dexes,Beethoven X,fantom:0xf24bcf4d1e507740041c9cfd2dddb29585adce1e,BEETS,81056924.69943677,5432737.140927473,beethoven-x,-0.010058560486598034,-0.0045129252000046804,303.27,,NA,NA
143,Payments,Flexa,0xff20817765cb7f73d4bde2e66e067e58d11095c2,AMP,80706028.29444562,202081175.80601668,flexa,0.005722383099760808,0.0001781328382133296,,,0.12428535918468804,0.6580591420241566
2190,Yield,Sushi BentoBox,0x6b3595068778dd592e39a122f4f5a5cf09c90fe2,SUSHI,80111893.99137469,,sushi-bentobox,-0.0005342198960746058,-0.0008979130191804074,,,0.05827759270051406,0.583210191751117
225,Indexes,Enzyme Finance,0xec67005c4e498ec7f55e092bd1d35cbc47c91892,MLN,79003873.23723754,29574362.03208015,enzyme-finance,0.0006010180019737632,0.0001584575299911073,,,0.08229323823892469,0.7316399779127554
1108,Leveraged Farming,Gearbox,0xba3335588d9403515223f109edc4eb7269a9ab5d,GEAR,77968851.32253718,7920382.408887731,gearbox,-0.00399292408372276,-0.00905456405801075,,,-0.24923312883435583,0.23116933153534963
753,RWA,RealT Tokens,,-,76271393.0,,realt-tokens,0.0011664999355305294,0.0018688244356526162,,,NA,NA
302,Dexes,SpookySwap,fantom:0x841fad6eae12c286d1fd18d1d525dffa75c7effe,BOO,71039915.96055423,13241354.179283064,spookyswap,-0.03454217306761975,-0.008161353414584127,327.24,67.01,NA,NA
1995,Dexes,Bancor V3,0x1f573d6fb3f13d689ff844b4ce37794d79a7ff1c,BNT,71023276.84853607,,bancor-v3,-0.004850710466321906,-0.00452739530556534,11.41,-65.36,0.04325919894142196,0.42915165913096787
135,CDP,Kava Mint,,-,70237444.27910262,,kava-mint,-0.0006697991174984264,-0.002316156042883266,,,NA,NA
2807,RWA,MatrixDock,0x530824DA86689C9C17CdC2871Ff29B058345b44a,STBT,69102660.75064932,0.0,matrixdock,0.0009118755773331877,0.0011531537260054403,,,1.6129032258064515,14.545454545454545
1985,Dexes,Canto Dex,,-,67688658.19139008,,canto-dex,-0.01241690680805474,-0.0007272003799517757,-13.23,-67.34,NA,NA
1901,Launchpad,DxSale,0xF063fE1aB7a291c5d06a86e14730b00BF24cB589,DX,67007857.52087306,1150057.866300794,dxsale,-0.0025508745077672534,-0.0013821120134958065,,,0.2178649237472767,0.6564551422319475
1544,Yield,Concentrator,ethereum:0xb3Ad645dB386D7F6D753B2b9C3F4B853DA6890B8,CTR,66740674.15643424,0.0,concentrator,0.016371136501139194,-0.00010243319255087702,,,NA,NA
382,Yield,Pendle,0x808507121b80c02388fad14726482e061b8da827,PENDLE,65951412.652833335,35110738.31112416,pendle,0.0008880760382774522,0.008420806339820563,,,-1.4340871483728626,9.330070357907617
2121,Dexes,Frax Swap,,-,64694999.61405216,,frax-swap,-0.003961271546924827,-0.003572581164045907,-52.47,-65.38,NA,NA
2111,Lending,UwU Lend,0x55C08ca52497e2f1534B59E2917BF524D4765257,UWU,64187262.614971936,24395036.031678855,uwu-lend,-0.004419980751813157,-0.002155644790113209,,,-0.6674082313681869,85.65488565488566
172,Indexes,Index Coop,0x0954906da0Bf32d5479e25f46056d22f08464cab,INDEX,63923989.215123914,11404160.87039338,index-coop,-0.004455551569057414,-0.0031017782786196824,,,1.0107260726072607,1.3871635610766047
243,Yield Aggregator,Flamincome,0x57dD84042ec9507963016596A34EdaD42F7e4CCE ,FLAG,63547626.76874524,,flamincome,-0.0005536877353936598,0.0004790234421483408,,,NA,NA
2239,Dexes,Quickswap V3,polygon:0xb5c064f955d8e7f38fe0460c556a72987494ee17,QUICK,62473494.554228865,,quickswap-v3,-0.0090567718037311,-0.00040567946651060005,-13.24,42.02,NA,NA
951,Dexes,4Swap,,-,62175236.247959994,,4swap,-0.003029247211595476,-0.0009344296692624932,83.63,-61.75,NA,NA
2311,CEX,CoinDCX,,-,61833865.47764005,,coindcx,-0.0010938047475741453,-0.0007888241438571697,,,NA,NA
2205,CDP,Pando Leaf,,-,61116144.104505844,,pando-leaf,-0.0028031605653190406,-0.0005207613494103702,,,NA,NA
449,CDP,QiDao,polygon:0x580a84c73811e1839f75d86d75d88cca0c241ff4,QI,60942390.17815769,5697653.242175724,qidao,0.015550456233540899,-0.0003340983724322566,,,NA,NA
2226,Yield,Wombex Finance,bsc:0xa75d9ca2a0a1D547409D82e1B06618EC284A2CeD,WMX,60259081.07354044,2306286.9620395713,wombex-finance,-0.019812241095297334,0.008734625651244388,,,NA,NA
2038,CDP,Helio Protocol,bsc:0x0782b6d8c4551B9760e74c0545a9bCD90bdc41E5,HAY,60077912.313253894,39408606.85547188,helio-protocol,0.0005380619850732238,0.0010195760288513878,,,NA,NA
160,Yield,Homora V2,0xa1faa113cbe53436df28ff0aee54275c13b40975,ALPHA,58996506.29626745,88420307.74202731,homora-v2,-0.00047907611708508657,-0.000605133510437561,,,0.28382213812677387,0.3999158071984845
249,Yield,StakeDAO,0x73968b9a57c6e53d41345fd57a6e6ae27d6cdb2f,SDT,58579264.225301,15019946.255383069,stakedao,-0.00431977927338445,-0.004016534805443173,,,0.14774686037921694,0.5190311418685121
1453,Lending,EOS REX,eos:eos,EOS,58515881.19495187,1092941093.9996312,eos-rex,-0.007491066647453248,-0.006647582418729647,,,NA,NA
1018,Derivatives,Gains Network,polygon:0xe5417af564e4bfda1c483642db72007871397896,GNS,58438211.442836806,166598263.72859198,gains-network,0.0021681988197486124,0.0014420302644551075,,,NA,NA
204,Synthetics,Alchemix,0xdBdb4d16EdA451D0503b854CF79D55697F90c8DF,ALCX,58354799.02383913,32704564.272196826,alchemix,0.0056877518028037866,0.0044724927932935366,,,0.18406961178045514,0.6980068959717433
2654,Staking,ParaSpace APE Staking,,-,58310965.58436746,,paraspace-ape-staking,-0.014939957265620696,0.007357103591833614,,,NA,NA
2237,Bridge,Axelar,0x467719ad09025fcc6cf6f8311755809d45a5e5f3,AXL,56847229.843686655,143778267.38275844,axelar,-0.003532509326474198,-0.01434542942300776,,,3.0596315953793316,10.180240320427236
425,Yield,Tranchess,bsc:0x20de22029ab63cf9A7Cf5fEB2b737Ca1eE4c82A6,CHESS,55179089.54425481,26022330.365630277,tranchess,-0.0046778227966259855,-0.0010482996713113701,,,NA,NA
334,Dexes,MDEX,bsc:0x9c65ab58d8d978db963e63f2bfb7121627e3a739,MDX,51742799.76149082,71483858.08874187,mdex,-0.004074190940121958,-0.0021928661678151107,-33.75,-60.78,NA,NA
854,Dexes,xExchange,elrond:MEX-455c57,MEX,51676068.25784003,21444968.37338913,xexchange,-0.009724926098653386,-0.009717126119583974,-51.25,-71.43,NA,NA
1494,Dexes,Minswap,cardano:asset1d9v7aptfvpx7we2la8f25kwprkj2ma5rp6uwzv,MIN,51546039.50916438,0.0,minswap,0.0002243463025710657,-0.0009518901622449505,45.25,35.4,NA,NA
121,Lending,CREAM Finance,0x2ba592F78dB6436527729929AAf6c908497cB200,CREAM,50268347.62470677,12354049.033781862,cream-finance,-0.00014830752131389513,0.00016354423075859437,,,0.044707723259193026,0.08945544000894555
506,Yield,Tetu Earn,polygon:0x255707b70bf90aa112006e1b07b9aea6de021424,TETU,47684768.134089254,,tetu-earn,0.08059923018010773,-0.0037580540992350198,,,NA,NA
2529,Dexes,PancakeSwap StableSwap,bsc:0x0E09FaBB73Bd3Ade0a17ECC321fD13a19e81cE82,CAKE,47496425.248286396,,pancakeswap-stableswap,-0.04916108595548474,-0.028574551512695834,-48.1,-36.51,NA,NA
468,Dexes,Trader Joe DEX,avax:0x6e84a6216ea6dacc71ee8e6b0a5b7322eebc0fdd,JOE,47288077.58607774,,trader-joe-dex,-0.008521194562175705,-0.00668751376522303,46.12,-46.47,NA,NA
304,Dexes,Flamingo Finance,,FLM,46231461.52609196,43111538.80020682,flamingo-finance,-0.0011388743757546615,-0.0018313575539722349,50.49,-53.09,NA,NA
331,Lending,MoneyOnChain,rsk:0x9AC7fE28967B30E3A4e6e03286d715b42B453D10,MOC,45808816.23789177,,moneyonchain,-0.0020417428721767328,0.00018561848314613272,,,NA,NA
1207,Cross Chain,Across,0x44108f0223A3C3028F5Fe7AEC7f9bb2E66beF82F,ACX,45578024.387588754,8933839.741307812,across,0.0028100750981432387,-0.0037042425493293285,,,0.18535681186283595,1.933050447901933
643,Lending,Geist Finance,fantom:0xd8321AA83Fb0a4ECd6348D4577431310A6E0814d,GEIST,45430925.93097276,3998534.297471348,geist-finance,-0.002973634327648189,0.0015300447299306796,,,NA,NA
1556,Bridge,Terra Bridge,,-,45155248.16975595,,terra-bridge,-0.01871100925315472,-0.009169841411122981,,,NA,NA
2266,Yield Aggregator,Kava Earn,,-,45011857.39534522,,kava-earn,-0.013533799393691592,0.0037116120530904517,,,NA,NA
2262,Liquid Staking,Kava Liquid,,-,44900515.585463256,,kava-liquid,-0.013551248396236226,0.003728618341463097,,,NA,NA
2169,Dexes,BabyDogeSwap,bsc:0xc748673057861a797275CD8A068AbB95A902e8de,BabyDoge,44778300.064273596,363366391.2396784,babydogeswap,-0.0073791267806589955,-0.0033925922134145914,101.24,101.53,NA,NA
612,Lending,Vires Finance,waves:DSbbhLsSTeDg5Lsiufk2Aneh3DjVqJuPr2M9uU1gwy5p,VIRES,43288055.434494905,3102132.1857624548,vires-finance,-0.008460373816595146,-0.0015109152599088738,,,NA,NA
146,Dexes,DODO,0x43Dfc4159D86F3A37A5A4B3D4580b888ad7d4DDd,DODO,43125563.47430808,55861624.72052251,dodo,-0.0027025147625366897,0.0020933992760521214,-61.12,-70.77,-0.044543429844097995,0.1487652484379649
123,Lending,dForce,0x431ad2ff6a9c365805ebad47ee021148d6f7dbe0,DF,42549759.464513086,25021502.20246765,dforce,-0.012294900783861862,0.000172588360804804,,,0.0,1.1958762886597938
173,Yield Aggregator,Badger DAO,0x3472A5A71965499acd81997a54BBA8D852C6E53d,BADGER,41430988.62999999,56682014.87342002,badger-dao,-0.0002625471107648991,0.0007857534048392179,,,0.05991422805247225,0.20843202273803885
2417,Dexes,THENA V1,bsc:0xf4c8e32eadec4bfe97e0f595add0f4450a863a11,THE,41359693.502133355,5990099.589652696,thena-v1,-0.052875066530509884,-0.02168568363609802,38.92,-9.61,NA,NA
2461,Bridge,Ad-Astra Bridge,,-,41086318.65002042,,ad-astra-bridge,-0.008800513209448635,-0.006595483474330699,,,NA,NA
2235,Liquid Staking,Algo Liquid Governance,,-,41084000.80877954,,algo-liquid-governance,-0.006154041534670585,0.03648584846380154,,,NA,NA
1772,Derivatives,ApolloX,bsc:0x78F5d389F5CDCcFc41594aBaB4B0Ed02F31398b3,APX,40979037.504413806,26730288.710318543,apollox,-0.0010746228414345582,0.005745349175881431,,,NA,NA
2626,Liquid Staking,ether.fi,,-,39988403.667289056,,ether.fi,-0.011142028713002738,0.012854941672935771,,,NA,NA
208,Yield Aggregator,ACryptoS,bsc:0x4197c6ef3879a08cd51e5560da5064b773aa1d29,ACS,39664370.74068,2789325.8440178097,acryptos,-0.03237708123885186,-0.005386202478981916,,,NA,NA
283,Dexes,Orca,solana:orcaEKTdK7LKz57vaAYr9QeNsVEPfiu6QeMU1kektZE,ORCA,39466004.57614741,17902777.0023222,orca,-0.0017631137631196614,0.0025246516131267605,21.09,66.29,NA,NA
427,Yield Aggregator,Origin Dollar,0x9c354503c38481a7a7a51629142963f98ecc12d0,OGV,38798796.35768741,3525913.6534597916,origin-dollar,0.0001319561808974523,0.0033921003195607202,,,1.1306532663316584,5.320540776275622
2254,Derivatives,MUX Protocol,0x4e352cf164e64adcbad318c3a1e222e9eba4ce42,MCB,38733073.57038757,51671030.46331759,mux-protocol,0.01711214422259366,0.018029038574728817,,,-0.7067137809187279,-0.49575070821529743
1882,Dexes,Ferro,cronos:0x39bC1e38c842C60775Ce37566D03B41A7A66C782,FER,38624683.89556559,21999780.11475961,ferro,-0.006264424432292137,0.0013978234200042738,118.47,-39.75,NA,NA
2020,Lending,Silo Finance,0x6f80310ca7f2c654691d1383149fa1a57d8ab1f8,SILO,37939251.298991054,22362231.31375668,silo-finance,0.0112049292961105,0.006808911168054266,,,-0.6116207951070336,-0.06150061500615006
475,Yield Aggregator,Yield Yak Aggregator,avax:0x59414b3089ce2af0010e7523dea7e2b35d776ec7,YAK,37871036.542137295,4761386.714480967,yield-yak-aggregator,-0.012237086902236238,-0.0018636564569363134,,,NA,NA
1023,Yield,Overnight USD+,polygon:0x236eeC6359fb44CCe8f97E99387aa7F8cd5cdE1f,USD+,37553161.82378653,50149006.61880099,overnight-usd+,0.03731001593852867,0.01897329189414676,,,NA,NA
2728,Dexes,SyncSwap,,-,37351701.21251942,,syncswap,-0.04033659656466537,0.004808569056275802,,,NA,NA
438,Yield,Tokemak,0x2e9d63788249371f1dfc918a52f8d799f4a38c94,TOKE,36470731.24383192,11066122.252933355,tokemak,-0.005596081788295515,-0.004404616134316974,,,-0.016775708773695688,0.4889563311414601
1619,NFT Lending,JPEG'd,0xe80c0cd204d654cebe8dd64a4857cab6be8345a3,JPEG,35941750.61376562,12841306.916495876,jpegd,0.0009270914341095171,0.008209662929887118,,,-0.8673862760215882,-2.5946969696969697
2817,Indexes,Agility LSD,0x5f18ea482ad5cc6bc65803817c99f477043dce85,AGI,35304637.18388999,0.0,agility-lsd,-0.18993797316001293,-0.03130208993322259,,,-1.768990634755463,94300.0
2142,Lending,Sonne Finance,optimism:0x1db2466d9f5e10d7090e7152b68d62703a2245f0,SONNE,35251756.30469186,4091839.1207764545,sonne-finance,-0.008843240362327087,-0.00459037998175349,,,NA,NA
1272,Bridge,ioTube,,-,35237937.726075515,0.0,iotube,-0.005963417461641529,-0.004494855572513834,,,NA,NA
1853,Lending,Moonwell Artemis,moonbeam:0x511aB53F793683763E5a8829738301368a2411E3,WELL,35100758.210552834,3092126.9490884026,moonwell-artemis,-0.0009322598571943619,0.0006706529171069953,,,NA,NA
944,Dexes,Platypus Finance,avax:0x22d4002028f537599be9f666d1c4fa138522f9c8,PTP,34941115.96906427,3377821.7163965674,platypus-finance,-0.0019133205218146987,-0.000270637475389357,87.71,134.77,NA,NA
547,Cross Chain,pNetwork,0x89ab32156e46f46d02ade3fecbe5fc4243b9aaed,PNT,34919182.930151515,12286055.176421532,pnetwork,0.0031109258692831876,-0.000613483785755875,,,-0.021117094287825995,-0.0633245382585752
2539,Indexes,unshETH,0xe60779cc1b2c1d0580611c526a8df0e3f870ec48,USH,34825663.27674152,12439111.381398575,unsheth,-0.011874686384776512,0.012527025455203011,,,1.6198704103671708,14.199029126213592
1986,Lending,Canto Lending,,-,34779366.0287395,,canto-lending,-0.008343745105507616,0.0005694493429222458,,,NA,NA
1848,CDP,Acala Dollar,acala:-,aUSD,34712074.41927192,,acala-dollar,-0.009155859918742126,-0.010234436718849937,,,NA,NA
2537,Lending,Flux Finance,,-,34694072.66400873,,flux-finance,0.010482314676618198,0.005963277372970088,,,NA,NA
2864,Dexes,THENA FUSION,bsc:0xf4c8e32eadec4bfe97e0f595add0f4450a863a11,THE,34428309.121237785,,thena-fusion,0.03084424301420352,0.030591190921496203,8.19,,NA,NA
207,Insurance,Unslashed,0xe0e05c43c097b0982db6c9d626c4eb9e95c3b9ce,USF,33916918.227456965,679408.4339922414,unslashed,0.00025732911019860083,0.0006465544410549917,,,0.06743088334457181,0.0
234,Lending,Notional,0xcfeaead4947f0705a14ec42ac3d44129e1ef3ed5,NOTE,33666475.291692995,6774899.664152626,notional,0.1839447800205436,0.0058158231654461545,,,0.19096117122851686,-0.06349206349206349
246,Dexes,Pangolin,avax:0x60781C2586D68229fde47564546784ab3fACA982,PNG,33627175.503386125,6034213.846664724,pangolin,-0.007162201065953111,-0.0020233258298497647,10.82,-24.18,NA,NA
190,Indexes,dHEDGE,0xca1207647ff814039530d7d35df0e1dd2e91fa84,DHT,33156530.12854027,6513736.280092377,dhedge,-0.003810018389685532,0.00581764569614851,,,0.027925160569673275,0.22383883603805263
1525,Yield,Vector Finance,avax:0x5817d4f0b62a59b17f75207da1848c2ce75e7af4,VTX,32772408.664425366,1462915.1885109544,vector-finance,-0.01163165128668664,-0.005000286783396923,,,NA,NA
265,CDP,Reflexer,0x6243d8cea23066d098a15582d81a598b4e8391f4,FLX,32318328.915042803,11844331.738266606,reflexer,-0.002068361826655263,-0.001083279034159279,,,-0.05686664771111743,-0.22707919386886177
2707,Services,SPL Governance,,-,32312366.02002425,,spl-governance,5.1868590435377726e-05,-2.6017937078126607e-06,,,NA,NA
276,Liquid Staking,Stafi,0xef3A930e1FfFFAcd2fc13434aC81bD278B0ecC8d,FIS,32144891.858228296,21314256.67798928,stafi,-0.0023391517661157657,-0.001995766406782118,,,0.0,0.08583690987124463
2395,Derivatives,Level Finance,bsc:0xB64E280e9D1B5DbEc4AcceDb2257A87b400DB149,LVL,32034455.860908125,,level-finance,-0.04087530867900713,0.004442578158902588,53.36,24.14,NA,NA
2251,Liquid Staking,Stride,,STRD,31957222.226757202,109394995.5270094,stride,-0.0008780234937846298,0.010087438163543627,,,NA,NA
398,Dexes,ApeSwap AMM,bsc:0x603c7f932ed1fc6575303d8fb018fdcbb0f39a95,BANANA,31951344.548340585,,apeswap-amm,-0.0073795473704957315,-0.004775435329566924,-11.19,-24.26,NA,NA
281,Options Vault,Ribbon,0x6123b0049f904d730db3c36a31167d9d4121fa6b,RBN,31552734.838658627,,ribbon,-0.00012056437997132186,-0.0027818647121753415,,,0.15600624024961,0.898069151324652
1928,Services,CIAN,,-,31552692.28572,,cian,-0.012375210182966945,-0.005157634543013767,,,NA,NA
149,Lending,B.Protocol,0xbbBBBBB5AA847A2003fbC6b5C16DF0Bd1E725f61,BPRO,31463870.971622203,4929230.328736171,b.protocol,-0.0011622720018613641,0.002515890355883732,,,-0.14705882352941177,-0.36683785766691124
2906,Dexes,Joe V2.1,avax:0x6e84a6216ea6dacc71ee8e6b0a5b7322eebc0fdd,JOE,31401753.435174994,,joe-v2.1,-0.024815764845256272,0.06043817736322965,,,NA,NA
2289,Dexes,Cetus,,-,31367439.002445254,,cetus,0.935065908916644,0.8725604185576479,419520.39,199487.57,NA,NA
150,Yield Aggregator,Idle,0x875773784Af8135eA0ef43b5a374AaD105c5D39e,IDLE,31178836.910420574,1532823.562289437,idle,0.06093405892621573,0.020076218410716162,,,0.13280212483399734,-0.36997885835095135
1433,Options Vault,Jones DAO,arbitrum:0x10393c20975cf177a3513071bc110f7962cd67da,JONES,30836387.95150865,8394979.069945151,jones-dao,-0.005189607567457233,0.0025301886720607847,,,NA,NA
1523,Liquid Staking,KLAYstation,,-,30613016.5,,klaystation,-0.0019592758152525702,-0.0019722367905793403,,,NA,NA
636,Derivatives,Keep3r Network,0x1ceb5cb57c4d4e2b2433641b95dd330a33185a44,KP3R,30555460.26611614,33390653.240321446,keep3r-network,-0.03156288537035368,-0.0015863188142516416,,,0.025826446280991736,0.5190760446405399
275,Liquid Staking,SharedStake,0x84810bcf08744d5862b8181f12d17bfd57d3b078,SGT,30417267.364603315,1381627.096856149,sharedstake,-7.229247731954658e-05,0.00034700002158549736,,,0.0,0.25597269624573377
507,Dexes,DefiBox,bsc:0x708c0e1d2417603d9acb0ae04fefbb93a7a322ff,BOX,30008972.398130484,3006751.181363467,defibox,-0.005954389851607345,-0.005327182553374943,45.31,-37.71,NA,NA
1181,Dexes,MojitoSwap,kcc:0x2ca48b4eea5a731c2b54e7c3944dbdb87c0cfb6f,MJT,29261517.352513187,0.0,mojitoswap,-0.003804349858364753,-0.0012914204058513956,152.13,-11.92,NA,NA
214,Dexes,Raydium,4k3Dyjzvzp8eMZWUXbBCjEvwSkkk59S5iCNLY3QrkX6R,RAY,28921215.864217777,47569580.1888321,raydium,-0.0002544274585272177,-0.00852580923134949,203.01,442.53,NA,NA
520,Synthetics,Youves,tezos:KT1Xobej4mc6XgEjDoJoHtTKgbD1ELMvcQuL,YOU,28487308.893717263,2751491.865362149,youves,-0.0026598109609548004,-0.002809957042711031,,,NA,NA
954,Lending,REX Staking,,-,28331501.818780296,,rex-staking,-0.014963394312806688,0.006194789783825483,,,NA,NA
117,Bridge,RenVM,0x408e41876cccdc0f92210600ef50372656052a38,REN,28246781.675447453,84900046.64266522,renvm,0.0012243671500884457,-0.0023977400208650135,,,-0.009430551844458766,0.03144802427787474
2255,NFT Lending,NFTfi,,-,27858020.201107692,,nftfi,-0.0004444641210777922,0.002890587823560109,,,NA,NA
217,Cross Chain,Connext,-,-,27713410.62826857,,connext,0.009896127903133323,0.04111733653730654,,,NA,NA
503,Options,Lyra,optimism:0x50c5725949a6f0c72e6c4a641f24049a917db0cb,LYRA,27672404.749995604,34145226.45020738,lyra,0.0001138700362042222,-0.005693823614511095,-38.59,-30.46,NA,NA
2309,CDP,Indigo,cardano:asset1u8caujpkc0km4vlwxnd8f954lxphrc8l55ef3j,INDY,27653400.607094426,7168509.45919558,indigo,-0.004610443186706226,0.003289131741437412,,,NA,NA
183,Lending,Wing Finance,-,WING,27387702.072,20725479.45314373,wing-finance,-0.0034455880583246223,-0.005574927060083001,,,NA,NA
1250,Yield,Llama Airforce,,-,27119621.02599095,,llama-airforce,-0.0020056550156568598,-0.0021990441714974107,,,NA,NA
397,Dexes,ShibaSwap,0x9813037ee2218799597d83d4a5b6f3b6778218d9,BONE,27014681.388590463,188375481.97959238,shibaswap,-0.014327593203449895,-0.005589542784642854,420.22,93.78,-0.41125618982530604,1.2420618958813276
1952,RWA,Lofty,,-,26577454.9122,,lofty,-0.004348690977728387,-0.0005958049240319951,,,NA,NA
2231,RWA,Tangible,polygon:0xb5DFABd7fF7F83BAB83995E72A52B97ABb7bcf63,USDR,26319089.71228051,0.0,tangible,0.005719020996007629,0.014711281051336123,,,NA,NA
1883,Dexes,iZiSwap,0x9ad37205d608B8b219e6a2573f922094CEc5c200,IZI,26166270.700606734,,iziswap,0.0006531826744791136,0.05928164693704785,-16.56,,-1.0314595152140278,10.28735632183908
2099,Dexes,OKCSwap,,-,25720840.27979963,,okcswap,-0.0028713404259909092,-0.0013397480883888813,68.07,-1.24,NA,NA
1953,RWA,Toucan Protocol,,-,25117392.0,,toucan-protocol,0.01443396469370617,-0.0043462816169225205,,,NA,NA
1491,Bridge,RelayChain,0x5d843fa9495d23de997c394296ac7b4d721e841c,RELAY,24972053.264067072,1325349.7218302076,relaychain,-0.022852955303102274,-0.013741470558044533,,,-0.19704433497536944,-0.4911591355599214
580,Dexes,SashimiSwap,0xC28E27870558cF22ADD83540d2126da2e4b464c2,SASHIMI,24965410.54421878,1205923.1188092157,sashimiswap,-0.0005692608706024949,0.0001989364952730277,,,0.0,-0.040535062829347386
285,Options,Opyn Gamma,,-,24839041.251720425,,opyn-gamma,0.0028344433135631952,-0.003204417330733844,,,NA,NA
660,Options,Dopex,0xeec2be5c91ae7f8a338e1e5f3b5de49d07afdc81,DPX,24718276.473176233,40713096.92284073,dopex,-0.009086679497642858,-0.0024709253794654717,,,0.03711952487008166,3.3358895705521476
1660,Dexes,Swappi,conflux:0x22f41abf77905f50df398f21213290597e7414dd,PPI,24633839.16502649,0.0,swappi,-0.006175120405203738,0.0012116406681970115,-3.63,-39.5,NA,NA
238,Dexes,Ellipsis Finance,bsc:0xA7f552078dcC247C2684336020c03648500C6d9F,EPS,24556736.06532381,25048016.236203257,ellipsis-finance,0.004065785793113896,0.0034485286889918143,,,NA,NA
434,Lending,Tarot,fantom:0xc5e2b037d30a390e62180970b3aa4e91868764cd,TAROT,24408373.394749355,4910290.66457585,tarot,-0.013052827045437865,-0.004839649810064239,,,NA,NA
2147,Derivatives,IPOR,0x1e4746dc744503b53b4a082cb3607b169a289090,IPOR,24251131.065216146,2543611.500411938,ipor,-0.011769596078770705,-0.008844907050455486,,,-0.6802721088435374,-3.3112582781456954
573,Lending,Liqee,-,LQE,23843080.15028388,,liqee,-0.0031392679589333783,-0.007238884398703349,,,NA,NA
162,Dexes,Bancor V2.1,0x1f573d6fb3f13d689ff844b4ce37794d79a7ff1c,BNT,23624665.265587762,,bancor-v2.1,-0.004542503381838814,-0.004773675991035287,590.01,-49.89,0.04325919894142196,0.42915165913096787
1878,Derivatives,ApeX Protocol,0x52a8845df664d76c69d2eea607cd793565af42b8,APEX,23417078.756814,12088402.914352007,apex-protocol,0.0015366395928826382,0.05556427300509492,,,5.14018691588785,10.83743842364532
1955,Lending,Parallel Lending,,-,23387455.676643007,,parallel-lending,-0.05658194044843812,-0.015589337067444586,,,NA,NA
2622,Lending,Mare Finance,kava:0xd86C8d4279CCaFbec840c782BcC50D201f277419,MARE,23293277.494918913,,mare-finance,-0.06573105328986795,-0.007694865826672559,,,NA,NA
483,NFT Marketplace,NFTX,0x87d73e916d7057945c9bcd8cdd94e42a6f47f776,NFTX,23134242.086063713,6951955.932393973,nftx,0.011834899335299243,0.0032657376665570226,,,-0.06298551333193365,-0.31413612565445026
1881,Indexes,Toros,,-,22925219.92034104,,toros,-0.0033822102763967354,0.005358136248373002,,,NA,NA
458,Lending,Solend,solana:SLNDpmoWTVADgEdndyvWzroNL7zSi1dF9PC3xHGtPwp,SLND,22812168.71032733,13501022.678285945,solend,-0.003974956471078928,0.004912711796548619,,,NA,NA
1303,Lending,Iron Bank,fantom:0x00a35FD824c717879BF370E70AC6868b95870Dfb,IB,22777350.671397492,295013.9177812222,iron-bank,-0.00039477145708799455,-0.0013979510183205202,,,NA,NA
1738,Liquid Staking,Bifrost Liquid Staking,kusama:-,BNC,22573845.136473797,3072753.9745630026,bifrost-liquid-staking,-0.10942530595714361,-0.014952803791255853,,,NA,NA
2844,CDP,Sovryn Zero,rsk:0xEfC78FC7D48B64958315949279bA181C2114abbD,SOV,22118320.637774326,,sovryn-zero,-0.0010573555268438284,0.00010894599669697413,,,NA,NA
1052,Dexes,Astroport,terra:terra1xj49zyqrwpv5k928jwfpfy2ha668nwdgkwlrg3,ASTRO,21943989.075750336,413276.8059249609,astroport,0.011964710837053305,0.005451974211733601,,,NA,NA
2137,CDP,DeFi Franc,0x045da4bFe02B320f4403674B3b7d121737727A36,DCHF,21691669.40618148,,defi-franc,-0.00012540187438614403,0.0044825211196737325,,,-0.10976948408342481,1.1673151750972763
1315,Liquid Staking,NeoBurger,,-,21578425.28461226,,neoburger,-0.011148968251154856,-0.006061026216043319,,,NA,NA
2332,Dexes,Equalizer Exchange,fantom:0x3Fd3A0c85B70754eFc07aC9Ac0cbBDCe664865A6,EQUAL,21283792.950993825,802243.7770198478,equalizer-exchange,-0.04243278640759407,-0.01896438147990631,154.09,-43.89,NA,NA
2479,Leveraged Farming,DeltaPrime,,-,21258770.441368416,,deltaprime,0.0030797750673674518,0.006523988178141149,,,NA,NA
519,Dexes,Tezos Liquidity Baking,tezos:KT1TxqZ8QtKvLu3V3JH7Gx58n7Co8pgtpQU5,-,21192688.252533637,,tezos-liquidity-baking,-0.0022568688705911777,-0.0002468450898747143,,,NA,NA
127,Dexes,KyberSwap Classic,0xdefa4e8a7bcba345f687a2f1456f5edd9ce97202,KNC,21106058.35379587,,kyberswap-classic,-0.003395663334281984,0.0005385590209887603,11.87,259.15,0.15595334960672633,1.323912745232542
2108,Dexes,W3swap,bsc:0xc5db5afee4c55dfad5f2b8226c6ac882e6956a0a,OSK-DAO,20998402.40709685,,w3swap,-0.0026501189392750257,-0.004793767734584398,,,NA,NA
2679,Lending,Kleva Lend,klaytn:0x5fff3a6c16c2208103f318f4713d4d90601a7313,KLEVA,20778522.495522354,,kleva-lend,-0.032907306587856566,-0.00834141059917104,,,NA,NA
329,Dexes,Sovryn Dex,rsk:0xEfC78FC7D48B64958315949279bA181C2114abbD,SOV,20778510.883619998,13390674.911907276,sovryn-dex,-0.004475821444668959,-0.006149943867512997,,,NA,NA
251,CDP,Mimo Protocol,0x90b831fa3bebf58e9744a14d638e25b4ee06f9bc,MIMO,20542691.49294132,14680638.457913153,mimo-protocol,-0.00014752282098939862,0.0004121774812675394,,,0.07677543186180423,0.3850596842510589
2920,Indexes,LSDx ETHx,0xfAC77A24E52B463bA9857d6b758ba41aE20e31FF,LSD,20354557.896820523,,lsdx-ethx,-0.000998456300914663,0.01113464988633317,,,-3.3057851239669422,-3.571428571428571
2644,Dexes,Maverick Protocol,,-,20215108.205399066,,maverick-protocol,0.004306134243275528,0.0038365599575302944,166.24,90.83,NA,NA
151,Dexes,Rhino.fi,0xdddddd4301a082e62e84e43f474f044423921918,DVF,20174831.724108506,16986071.135717105,rhino.fi,0.003723659276226643,-1.3034034314296505e-05,,,0.10672358591248667,-0.10649627263045794
1979,Dexes,SaucerSwap,hedera:0.0.731861,SAUCE,20118602.0746,7227199.252216055,saucerswap,-0.011979861022338611,-0.0025017361783902237,8.6,-45.98,NA,NA
2112,Liquid Staking,Stake.ly,klaytn:0xF80F2b22932fCEC6189b9153aA18662b15CC9C00,stKLAY,19987018.142105687,,stake.ly,-0.005936498543475888,-0.00399298812751625,,,NA,NA
1726,Dexes,Meshswap,polygon:0x82362ec182db3cf7829014bc61e9be8a2e82868a,MESH,19494486.36954222,0.0,meshswap,-0.004071186331299992,-0.0037155147193635996,-10.16,-56.7,NA,NA
726,Yield,Solo Top,,-,19241730.034395628,,solo-top,-0.0004932595768765147,0.005230554566352685,,,NA,NA
2086,Yield,Rage Trade,,-,19185911.02699481,,rage-trade,0.0004970014260243794,-0.0007066604251156905,,,NA,NA
2782,RWA,Aktionariat,0x6f38e0f1a73c96cb3f42598613ea3474f09cb200,DAKS,18828981.45862918,,aktionariat,-0.00043659712015320373,0.07556662150536186,,,0.28169014084507044,1.7142857142857144
2685,Dexes,Arbitrum Exchange,arbitrum:0xD5954c3084a1cCd70B4dA011E67760B8e78aeE84,ARX,18475863.555641748,0.0,arbitrum-exchange,-0.04701804138351473,-0.03610316324880947,,,NA,NA
2675,Dexes,Ramses Exchange,arbitrum:0xaaa6c1e32c55a7bfa8066a6fae9b42650f262418,RAM,18384192.025057495,1224035.75423289,ramses-exchange,-0.09038962211180945,-0.014964167298853415,676.92,244.05,NA,NA
253,Lending,BiFi,0x2791BfD60D232150Bff86b39B7146c0eaAA2BA81,BiFi,18357429.6262667,2657263.8213121607,bifi,0.000669288681581115,-0.0003496436917993506,,,0.20693222969477496,1.2545739675901726
2363,CEX,Hotbit,,-,18310538.012283303,,hotbit,-0.012866580957994644,-0.005013704225392601,,,NA,NA
145,Dexes,Serum,,SRM,18306364.875399925,39007384.43310613,serum,-0.0004363457544275251,-0.0010537364244986858,,,NA,NA
362,Derivatives,Perpetual Protocol,0xbc396689893d065f41bc2c6ecbee5e0085233447,PERP,18272058.079925,46055835.64824525,perpetual-protocol,0.0038687867507525286,0.0015983302382238662,,,0.06446265770328759,0.6111111111111112
1466,Dexes,ALEX,stacks:SP3K8BC0PPEVCV7NZ6QSRWPQ2JE9E5B6N3PA0KBR9,ALEX,18259267.329731163,34973135.40215534,alex,-0.015031464895817082,-0.00798029190438354,25.71,76.32,NA,NA
130,Services,The Tokenized Bitcoin,0x3212b29E33587A00FB1C83346f5dBFA69A458923,imBTC,17918665.61571639,,the-tokenized-bitcoin,0.04475718089871261,0.002447702964715859,,,0.13574660633484162,0.43113228953936916
2393,Dexes,Joe V2,avax:0x6e84a6216ea6dacc71ee8e6b0a5b7322eebc0fdd,JOE,17886608.12322828,,joe-v2,-0.01688819950763354,-0.03543439094119394,-13.83,-79.74,NA,NA
1601,Dexes,WingRiders,cardano:asset18v68f0vgv2nc3at8cuuem7f3fztwqcq2usgjyp,WRT,17694960.04987924,0.0,wingriders,-0.006613828715206993,0.0007461526635481608,8.02,-15.43,NA,NA
2385,Lending,Exactly,,-,17574067.092578832,,exactly,-0.0034622924896752227,0.016343501173651243,,,NA,NA
653,Dexes,Atrix,,-,17350571.31595716,,atrix,0.0010568468367366801,-0.00017859559784894063,,,NA,NA
1873,Lending,Torches,,-,17243213.65465079,,torches,-0.0003453281925356322,-0.0002510694588252482,,,NA,NA
318,Dexes,Dfyn Network,polygon:0xc168e40227e4ebd8c1cae80f7a55a4f0e6d66c97,DFYN,17174518.556368742,7462074.571015554,dfyn-network,-0.0018037512054162042,-0.002331577832088927,76.73,-9.6,NA,NA
2139,Yield Aggregator,Sommelier,0xa670d7237398238de01267472c6f13e5b8010fd1,SOMM,17053996.044663344,29326265.79600172,sommelier,0.00250112146553505,0.008227122529256503,,,1.5625,6.8493150684931505
2271,Yield,Magpie,bsc:0xD06716E1Ff2E492Cc5034c2E81805562dd3b45fa,MGP,16998722.723048836,0.0,magpie,-0.01077264316139881,0.020043030475499934,,,NA,NA
2153,Yield Aggregator,LUSD ChickenBonds,0xB9D7DdDca9a4AC480991865EfEf82E01273F79C3,bLUSD,16971176.414210334,,lusd-chickenbonds,-0.0007823855204779351,-0.0018162594272068677,,,-0.6369426751592357,-1.2658227848101267
541,Dexes,Ref Finance,-,REF,16966173.403515097,3063793.922387267,ref-finance,-0.0071688350071237306,-0.002218413486074211,59.61,-24.21,NA,NA
2413,Dexes,Decryption,tlchain:0x24d8421cE5709AE8e957Cf0FA046622CA599411c,X,16772208.868987212,,decryption,0.0,0.0006873735775565493,,,NA,NA
557,Liquid Staking,Meta Pool,near:-,META,16522298.803371003,0.0,meta-pool,-0.009675078629274858,-0.0018408231357651683,,,NA,NA
1650,Liquid Staking,sICX,icx:cx2609b924e33ef00b648a409245c7ea394c467824,sICX,16489083.712629553,0.0,sicx,-0.012058609579889246,-0.013976255765428158,,,NA,NA
1444,CDP,Vesta Finance,arbitrum:0xa684cd057951541187f288294a1e1C2646aA2d24,VSTA,16343529.077896979,3685858.8533268943,vesta-finance,-0.002938034694405789,-0.0006244261746171098,,,NA,NA
209,Yield Aggregator,Autofarm,bsc:0xa184088a740c695e156f91f5cc086a06bb78b827,AUTO,16310494.572013063,2339026.287726083,autofarm,-0.021538055798877465,-0.010281369081688863,,,NA,NA
1642,Lending,Folks Finance Lending,,-,16107324.661173096,,folks-finance-lending,-0.008723939178219453,0.023570990427262517,,,NA,NA
2554,Staking,BendDAO APE Staking,0x0d02755a5700414B26FF040e1dE35D337DF56218,BEND,16097898.79164534,,benddao-ape-staking,-0.017901203100776808,-0.011948231364626305,,,-0.30516879649055884,0.0861656294877932
2361,Derivatives,Mummy Finance,fantom:0x01e77288b38b416F972428d562454fb329350bAc,MMY,16086937.081061449,5873670.249918977,mummy-finance,-0.0019261824383323134,-0.005080706081881825,150.33,-45.97,NA,NA
2904,CDP,Lybra Finance,0xF1182229B71E79E504b1d2bF076C15a277311e05,LBR,15900998.614120396,1247709.0976103323,lybra-finance,-0.0874397380675297,-0.008627580674411384,,,36800,36800
2491,Lending,Liqwid,cardano:8e420ce194ca84040ba6971e6ab816e3d76ee9ee,LQ,15858467.067992939,0.0,liqwid,-0.0012427390155023144,0.01655312277630605,,,NA,NA
620,Yield,Francium,-,-,15832747.766014397,,francium,0.0009353421876636681,-0.00124527166006283,,,NA,NA
2092,Yield,Pirex,,-,15765097.86668213,,pirex,0.004990920473413096,0.0009301450741883155,,,NA,NA
2403,Derivatives,NestFi,0x04abeda201850ac0124161f037efd70c74ddc74c,NEST,15712669.862729434,,nestfi,-0.05593150382226997,-0.0037554717872827492,,,0.6586906842317516,1.0526315789473684
220,Yield Aggregator,Vesper,0x1b40183efb4dd766f11bda7a7c3ad8982e998421,VSP,15627225.027857477,3299801.630587732,vesper,0.0010750434699753342,0.0023227172776665306,,,-0.0578904712284358,-0.02316423442205235
1707,Yield,CLever,0xf05e58fCeA29ab4dA01A495140B349F8410Ba904,clev-CVX,15616768.168635976,,clever,-0.0015458486531622073,0.0007085837708169507,,,-2.5316455696202533,2.666666666666667
756,CDP,Angle,0x31429d1856aD1377A8A0079410B297e1a9e214c2,ANGLE,15464310.15822964,7773912.284964676,angle,-0.07618231099497419,-0.031147246175245447,,,-0.1015916017609211,2.0408163265306123
1732,Dexes,Verse,0x249ca82617ec3dfb2589c4c17ab7ec9765350a18,VERSE,15447344.461600835,8654685.498206235,verse,-0.007141090125200589,0.004763740480792977,357.42,407.93,-0.3345973678340397,26.321741588917163
310,Yield,Belt Finance,bsc:0xe0e514c71282b6f4e823703a39374cf58dc3ea4f,BELT,15274069.829090415,2195404.1780139674,belt-finance,-0.0004184315646365011,-0.0013379744537763694,,,NA,NA
394,Yield Aggregator,Reaper Farm,fantom:0x21ada0d2ac28c3a5fa3cd2ee30882da8812279b6,OATH,15110022.785598118,13412318.14363516,reaper-farm,-0.006058486201940272,-0.007884002988025052,,,NA,NA
1577,Lending,Sturdy,,-,15103010.613168297,,sturdy,-0.001652030463521581,-0.010598572545403973,,,NA,NA
2535,Bridge,tBTC,0xcdf7028ceab81fa0c6971208e83fa7872994bee5,T,15052887.1475697,0.0,tbtc,-0.001987176722742512,0.0028991566064726637,,,4.674485806561278,11.31597975415763
2696,Yield,Overnight DAI+,,-,15000470.900938535,,overnight-dai+,0.07174199796103076,0.038185061315743285,,,NA,NA
2338,Liquid Staking,Bifrost Liquid Crowdloan,,-,14963037.816653114,,bifrost-liquid-crowdloan,-0.01055738969544584,-0.003843422928132445,,,NA,NA
239,Services,PoolTogether,0x0cec1a9154ff802e7934fc916ed7ca50bde6844e,POOL,14873320.03895254,2587119.6563342293,pooltogether,-0.021996255182892943,-0.0211774232830666,,,-0.03492026539401699,1.3692162417374882
2484,CDP,Djed Stablecoin,null,-,14842954.656584429,,djed-stablecoin,-0.006958682887493461,0.0025674785451432758,,,NA,NA
2259,Dexes,Helix,,-,14815273.323990656,,helix,0.020671260112254064,0.014134671147388866,-53.22,-12.47,NA,NA
133,Dexes,Shell Protocol,,-,14668642.126000915,,shell-protocol,-0.00182376512454685,-0.002335626974001692,102.93,-44.9,NA,NA
1025,Cross Chain,Wrapped,,-,14629008.507518409,,wrapped,-0.00774074226905086,-0.0023666319604097596,,,NA,NA
2192,Yield,PlutusDAO,arbitrum:0x51318B7D00db7ACc4026C88c3952B66278B6A67F,PLS,14470660.984058836,5894406.717857688,plutusdao,0.001959754430561844,0.0034281056385672137,,,NA,NA
2005,Liquid Staking,ExinPool,,-,14324806.74,,exinpool,-0.004555718737557002,-0.002177256078708889,,,NA,NA
2157,Lending,Green Planet,bsc:0xb3cb6d2f8f2fde203a022201c81a96c167607f15,GAMMA,14190605.21496962,,green-planet,0.002724969750064865,-0.0005178879140511627,,,NA,NA
2310,CEX,NBX,,-,14058303.678988814,,nbx,-0.0012446067449440879,0.0007916413660331578,,,NA,NA
2308,Liquid Staking,Jito,solana:J1toso1uCk3RLmjorhTtrVwY9HJ7X8V9yYac6Y7kGCPn,JitoSOL,14028009.432695966,0.0,jito,0.000275995151290509,0.005039407369935134,,,NA,NA
1838,Lending,AAVE V1,0x7fc66500c84a76ad7e9c93437bfc5ac33e2ddae9,AAVE,13996098.896342244,,aave-v1,-0.0022604232313376826,-0.012582342841033767,,,0.18699977560026926,1.1217716820283745
2204,Lending,Pando Rings,,-,13973698.868491968,,pando-rings,0.0001815163599065972,0.0009188603595582379,,,NA,NA
626,CDP,Reserve,0x8762db106b2c2a0bccb3a80d1ed41273552616e8,RSR,13819272.236801993,178281165.1583165,reserve,0.0031819334241829367,0.004681533479851341,,,0.0,0.0
2753,Dexes,Velocore,,VC,13735736.0786006,,velocore,-0.03023179952277999,0.006843772487139965,,,NA,NA
2674,Dexes,WEMIX.FI AMM,,-,13708280.176227963,,wemix.fi-amm,-0.011469974137168881,-0.0015769208572555815,-19.21,-10.24,NA,NA
862,Yield,Quarry,,-,13562985.22612306,,quarry,-0.00828506227167336,-0.002177164044561364,,,NA,NA
1662,CDP,Yeti Finance,avax:0x77777777777d4554c39223C354A05825b2E8Faa3,YETI,13479609.064417973,546261.3943853482,yeti-finance,-0.004140848769900063,-0.001273497936286061,,,NA,NA
1997,Lending,Morpho Compound,0x9994e35db50125e0df82e4c2dde62496ce330999,MORPHO,13364733.647636915,,morpho-compound,-0.017341306182054983,-0.024996672802399256,,,1.0794896957801767,4.251012145748987
696,Lending,Agave,xdai:0x3a97704a1b25f08aa230ae53b352e2e72ef52843,AGVE,13308440.038436623,1007240.4954197567,agave,-0.007525547431504687,-0.001606788966680317,,,NA,NA
1046,Dexes,Ouchi Finance,0xDe52a16C6DB7914e6953E27A7df4Ce6A315f8b45,OUCHI,13283584.088868175,,ouchi-finance,0.022782465649951567,-0.015395761674035668,,,-0.052576235541535225,-0.052576235541535225
2399,Derivatives,Opyn Squeeth,,-,13250118.631531615,0.0,opyn-squeeth,1.913849541534951e-05,-2.145847373991039e-05,,,NA,NA
2695,Dexes,SmarDex,0x5de8ab7e27f6e7a1fff3e5b337584aa43961beef,SDEX,13208889.56783359,23845207.71215948,smardex,-0.030937307498915767,-0.02286472113244442,61.24,-86.5,-1.6116035455278,10.597826086956522
2586,Dexes,Equilibre,kava:0xE1da44C0dA55B075aE8E2e4b6986AdC76Ac77d73,VARA,13095149.528471798,,equilibre,-0.039749522329658116,-0.015096917920784048,-0.67,-40.1,NA,NA
1056,Staking,Redacted Protocol,0xc55126051B22eBb829D00368f4B12Bde432de5Da,BTRFLY,13073725.677572321,44119373.54872946,redacted-protocol,-0.002916021629373211,-0.0014214533890543057,,,0.22766078542970974,-0.17006802721088435
2284,Yield,WOOFi Earn,0x4691937a7508860f876c9c0a2a617e7d9e945d4b,WOO,13065427.189776583,,woofi-earn,-0.0013624286265003782,0.0060306507487566385,,,0.5677154582763337,2.2746243739565943
1740,Liquid Staking,LiNEAR Protocol,near:0x918dbe087040a41b786f0da83190c293dae24749,LINEAR,12990007.127385208,0.0,linear-protocol,-0.01121798041409705,0.0003010282711548573,,,NA,NA
589,Lending,Strike,0x74232704659ef37c08995e386a2e26cc27a8d7b1,STRK,12949031.409261156,48045686.5874489,strike,-0.020977408912701834,-0.00491033721889278,,,0.09962143853357243,0.4398240703718513
2319,Yield Aggregator,GMD Protocol,arbitrum:0x4945970EfeEc98D393b4b979b9bE265A3aE28A8B,GMD,12745286.18077665,0.0,gmd-protocol,0.003578985856295791,0.013252036649095134,,,NA,NA
315,Yield,Tulip Protocol,TuLipcqtGVXP9XR62wM8WWCm6a9vhLs7T1uoWBk6FDs,TULIP,12704832.127995318,1742042.6741248658,tulip-protocol,-0.00024212690029046247,0.0017914058691659296,,,NA,NA
916,Derivatives,Pika Protocol,,-,12596192.26017,,pika-protocol,-0.023770768240945372,0.0010353835036149839,,,NA,NA
1752,Yield Aggregator,Spool Protocol,0x40803cea2b2a32bda1be61d3604af6a814e70976,SPOOL,12590268.80636845,23544290.237341285,spool-protocol,-0.0020538687658840926,-0.002264427018105475,,,14.032697547683922,21.1287988422576
1395,Dexes,ArthSwap,astar:0xde2578edec4669ba7f41c5d5d2386300bcea4678,ARSW,12519102.94054393,0.0,arthswap,-0.016468678867529007,-0.008604934952880616,,,NA,NA
2901,Liquid Staking,Swell,,-,12510979.458918734,,swell,0.1041525643931267,0.10581889425267477,,,NA,NA
1531,Dexes,01,,-,12462634.705402255,,01,-0.0032528998862946246,0.0011076740942355112,,,NA,NA
1849,Liquid Staking,Acala Liquid-Staking,acala:-,ACA,12440138.231804077,,acala-liquid-staking,-0.007812862787997199,-0.005529983590247367,,,NA,NA
348,Lending,FilDA,heco:0xe36ffd17b2661eb57144ceaef942d95295e637f0,FILDA,12323198.783171095,273300.46943998523,filda,-0.0036653056336855006,-0.007147378505960589,,,NA,NA
1173,Liquid Staking,JPool,solana:7Q2afV64in6N6SeZsAAB81TJzwDoD6zpqmHkzi9Dcavn,JSOL,12307619.485033765,0.0,jpool,-0.004914887667298973,0.0023783862064239436,,,NA,NA
349,Bridge,Injective Bridge,0xe28b3b32b6c345a34ff64674606124dd5aceca30,INJ,12254283.997947555,585762668.0617838,injective-bridge,-0.004189313139994932,0.007114346717775,,,1.0721465266919812,6.906599464482596
2454,Liquid Staking,GETH,0x3802c218221390025bceabbad5d8c59f40eb74b8,GETH,12243452.99415761,0.0,geth,-5.573378967116405e-06,0.0005378287705974927,,,0.10045203415369162,0.9625126646403243
972,Dexes,StellarX,,-,12199955.59957581,,stellarx,-0.01091975959178193,0.03721652683443488,96.83,33.88,NA,NA
2668,Dexes,Velocimeter V2,canto:0xb5b060055f0d1ef5174329913ef861bc3addf029,FLOW,12114558.728448825,,velocimeter-v2,-0.0271279891403724,0.009378629693667762,329.25,83.73,NA,NA
518,Chain,Nuls,-,NULS,12062772.85,23995980.909657475,nuls,-0.007577099540681531,-0.0032243406388645646,,,NA,NA
2152,Dexes,Sushi Trident,,-,12022398.365815368,,sushi-trident,-0.012121254377709834,0.0023019320966544132,37.32,-16.56,NA,NA
1593,Yield,Sphere Finance,polygon:0x62f594339830b90ae4c084ae7d223ffafd9658a7,SPHERE,12016598.94361458,19623628.161616787,sphere-finance,-0.009023768792967846,0.0027961995592062916,,,NA,NA
2339,Lending,Lodestar Finance,arbitrum:0xF19547f9ED24aA66b03c3a552D181Ae334FBb8DB,LODE,11984350.200923441,2209976.5541673014,lodestar-finance,-0.03873136945735334,0.03207286879234306,,,NA,NA
2795,Dexes,ThalaSwap,aptos:0x7fd500c11216f0fe3095d0c4b8aa4d64a4e2e04f83758462f2b127255643615,THL,11748933.753597336,3734840.805015609,thalaswap,-0.04371738077679366,-0.006068018965445288,,,NA,NA
2824,Staking Pool,ABC Pool,conflux:0x905f2202003453006eaf975699545f2e909079b8,ABC,11716292.021,,abc-pool,-0.01726369692359342,-0.008120535594456801,,,NA,NA
1016,Privacy,Aztec,,-,11684783.378870945,,aztec,-0.005223117342139538,-0.007328458550096673,,,NA,NA
2921,NFT Lending,Blur Lending,0x5283d291dbcf85356a21ba090e6db59121208b44,BLUR,11677058.8918528,,blur-lending,0.01866810996335766,0.01866810996335766,,,-0.2246976143806473,-1.5728535383309359
1320,Privacy,Railgun,0xe76c6c83af64e4c60245d8c7de953df673a7a33d,RAIL,11599684.775784517,31043846.04715237,railgun,0.032872810796430674,0.028483972410167535,,,-0.13434841021047916,1.2256014525646846
112,Yield Aggregator,Harvest Finance,0xa0246c9032bC3A600820415aE600c6388619A14D,FARM,11581027.723431895,20020419.592701744,harvest-finance,-0.012767535259585738,-0.00586267100779847,,,0.06814310051107325,0.37593984962406013
2727,Dexes,Mute.io,era:0xa49d7499271ae71cd8ab9ac515e6694c755d400c,MUTE,11558503.67100467,26801322.47435181,mute.io,-0.028388496023402876,-0.002498108034501789,-59.38,-80.37,NA,NA
2833,Launchpad,Juicebox V1,0x3abf2a4f8452ccc2cf7b4c1e4663147600646f66,JBX,11547626.001236903,,juicebox-v1,0.00015094045182451055,-0.0008169097849952678,,,-0.12940795858945325,-0.5797101449275363
1501,Bridge,Octus Bridge,everscale:0:f2679d80b682974e065e03bf42bbee285ce7c587eb153b41d761ebfd954c45e1,BRIDGE,11393401.895468391,5315434.008492685,octus-bridge,-0.016637989408926246,-0.005353118881008312,,,NA,NA
1929,Liquid Staking,Algem,,-,11369629.882926563,,algem,-0.039652738489240114,-0.015704275125913658,,,NA,NA
1679,Yield,Dot Dot Finance,bsc:0x84c97300a190676a19D1E13115629A11f8482Bd1,DDD,11271538.050593799,168365.9267969524,dot-dot-finance,0.009047455902550627,0.008059388063700323,,,NA,NA
141,Synthetics,Outcome Finance,,-,11234483.474790093,,outcome-finance,0.005915866275901349,-0.005797965705065411,,,NA,NA
200,Yield,Bella Protocol,0xa91ac63d040deb1b7a5e4d4134ad23eb0ba07e14,BEL,11218709.562027678,41299920.27592162,bella-protocol,-0.0010278515928094922,-0.003261645072697106,,,0.0,1.0476689366160294
2316,Bridge,Meter Passport,,-,11169300.136870913,47326423.46291092,meter-passport,-0.0192473443832073,-0.003842569355019365,,,NA,NA
2436,NFT Lending,Arcade xyz,,-,11109435.993706724,,arcade-xyz,0.005995686268453815,-0.0038346568020525273,,,NA,NA
2540,Dexes,Megaton Finance,ton:EQB-cCOQDwerEnUD4-6xoYD0eL6_yC1zogAvA5GuXTF0iDIf,MEGA,11002015.076556996,,megaton-finance,-0.0169585152157683,-0.008669709944605364,-14.46,-69.37,NA,NA
202,Dexes,Saddle Finance,0xf1dc500fde233a4055e25e5bbf516372bc4f6871,SDL,10984664.027655847,3562358.399226276,saddle-finance,-0.003142156883759295,-2.5125705113149266e-06,6.44,-61.5,0.6666666666666667,2.2783251231527095
622,Dexes,Clipper,-,-,10962283.79852253,,clipper,0.004727088300924054,0.002149393137612421,209.38,,NA,NA
1546,Lending,Burrow,near:-,BRRR,10488383.463536328,34980.36305776509,burrow,-0.007489214787239296,-0.0016726228419806644,,,NA,NA
1514,Lending,Granary Finance,,-,10200390.449666746,,granary-finance,-0.014393198247824257,-0.0013279490054838305,,,NA,NA
1631,Lending,Onyx Protocol,0xA2cd3D43c775978A96BdBf12d733D5A1ED94fb18,XCN,10142160.304640066,,onyx-protocol,0.0023898201083207837,-0.012339026930493713,,,0.2931208207382981,2.0219903093551994
218,Yield,cVault Finance,0x62359ed7505efc61ff1d56fef82158ccaffa23d7,CORE,10016021.503142446,0.0,cvault-finance,-0.004959740706937499,-0.0011154604263315937,,,-0.025239777889954566,-0.5773092369477911
1331,Launchpad,DeepLock,bsc:0x60de5f9386b637fe97af1cc05f25548e9baaee19,DEEP,10013235.676410008,0.0,deeplock,-0.0026253578192935167,-0.0019250708173794706,,,NA,NA
1384,Dexes,Hermes Protocol,metis:0xb27bbeaaca2c00d6258c3118bab6b5b6975161c8,HERMES,10008113.996899998,3348552.511244269,hermes-protocol,-0.007916960703273523,-0.0023893156357488454,92.43,-25.45,NA,NA
2196,Dexes,Uniswap V1,0x1f9840a85d5af5bf1d1762f925bdaddc4201f984,UNI,8180606.712120618,3997970116.7887816,uniswap-v1,-0.0009200624637435428,-0.003039998371778374,256.17,-45.24,0.41759783371123765,-1.460140278048273
245,Chain,Secret Network,-,SCRT,7328519.208063409,114448981.28919482,secret-network,0.0015042614588538505,-0.0049813947700920735,,,NA,NA
189,Dexes,1inch Network,0x111111111117dc0aa78b770fa6a738034120c302,1INCH,6049428.898172628,365413309.63018364,1inch-network,-0.01915282069761781,-0.0024819609930031294,,,0.2149124760589729,1.3240112135643598
2405,Launchpad,FlokiFi Locker,0xcf0c122c6b73ff809c693db761e7baebe62b6a2e,FLOKI,4290360.735117342,398511315.14593405,flokifi-locker,0.02749616309696057,0.007129323185512737,,,1.1682858211954488,2.5597797072129027
221,Dexes,Defi Swap,0xa0b73e1ff0b80914ab6fe0444e65848c4c34450b,CRO,2220139.589487431,1725307126.504549,defi-swap,-0.003146656499774525,-0.00039129359748091286,-32.73,-24.37,0.15239533778156894,0.5728660570089755
237,Dexes,Swipe,0x8ce9137d39326ad0cd6491fb5cc0cba0e089b6a9,SXP,192054.462228622,282401856.7804787,swipe,-0.0024817338951325096,-0.0017027968149603279,,,0.015028554253080853,-0.018779342723004695
255,Algo-Stables,Fei Protocol,0xc7283b66eb1eb5fb86327f08e1b5816b0720212b,TRIBE,6.044967734916504,134480493.18178448,fei-protocol,0.0003928280416596319,0.0003219113428634124,,,0.04822929585228056,0.7283573806881243
340,Reserve Currency,Olympus DAO,0x64aa3364F17a4D01c6f1751Fd97C2BD3D7e7f1D5,OHM,0.0,292593577.6023518,olympus-dao,0.0,0.0,,,0.28761731759006964,1.532567049808429
447,Yield,Illuvium,0x767fe9edc9e0df98e07454847909b5e959d7ca0e,ILV,0.0,249263517.13008198,illuvium,0.0,-0.05531826655572203,,,0.19942941029831318,1.9760951682922703
456,Payments,Telcoin,polygon:0xdf7837de1f2fa4631d716cf2502f8b230f1dcc32,TEL,0.0,134067120.57912572,telcoin,0.0,0.0,,,NA,NA
921,Services,DAO Maker Vesting,0x0f51bb10119727a7e5ea3538074fb341f56b09ad,DAO,0.0,253285966.19643033,dao-maker-vesting,0.0,0.0,,,2.3489180401390293,3.562312099381701
1048,Launchpad,Merit Circle,0x949D48EcA67b17269629c7194F4b727d4Ef9E5d6,MC,0.0,100096428.20259146,merit-circle,0.0,0.0,,,-0.055096418732782364,2.408731652239368
1065,Gaming,The Sandbox,0x3845badAde8e6dFF049820680d1F14bD3903a5d0,SAND,0.0,1017856039.9367543,the-sandbox,0.0,0.0,,,0.12087470939337659,1.0557297046984648
1339,Oracle,API3,0x0b38210ea11411557c13457d4da7dc6ea731b88a,API3,0.0,119673336.14006187,api3,0.0,0.0,,,0.12118861796500072,0.3449448574065977
1350,Yield,TreasureDAO,0xb0c7a3ba49c7a6eaba6cd4a96c55a1391070ac9a,MAGIC,0.0,220692134.86353764,treasuredao,0.0,0.0,,,-0.3437213565536205,-0.503317318691375
1905,Staking,Bitgert,bsc:0x8fff93e810a2edaafc326edee51071da9d398e83,BRISE,0.0,137324390.16237742,bitgert,0.0,0.0,,,NA,NA
2501,Services,Aragon,0xa117000000f279d81a1d3cc75430faa017fa5a2e,ANT,0.0,119297933.74189712,aragon,0.0,0.0,,,0.17202229408931397,2.0039237668161434
2502,Services,BitDAO,0x1a4b46696b2bb4794eb3d4c26f1c55f9170fa4c5,BIT,0.0,725658035.9299586,bitdao,0.0,0.0,,,2.1173435345402782,12.949569495694957
2519,Services,ENS,0xc18360217d8f7ab5e7c516566761ea12ce7f9d72,ENS,0.0,290818844.03835744,ens,0.0,0.0,,,-0.04491806325702425,0.09150975587058349
2520,Services,Gnosis DAO,0x6810e776880c02933d47db1b9fc05908e5386b96,GNO,0.0,293520321.55132186,gnosis-dao,0.0,0.0,,,0.2090277385458449,0.9044883099152399
2623,Oracle,Chainlink,0x514910771af9ca656af840dff83e8264ecf986ca,LINK,0.0,3611429767.654357,chainlink,0.0,0.0,,,0.11675342415180714,0.8172609984029642
2665,Staking,ApeCoin,0x4d224452801aced8b2f0aebe155379bb5d594381,APE,0.0,1327959348.5001671,apecoin,0.0,0.0,,,0.35649879775581084,3.7484895563611254
2725,Staking,Aptos,,APT,0.0,1766125853.8660676,aptos,0.0,0.0,,,NA,NA
2726,Services,Canto,canto:0x826551890dc65655a0aceca109ab11abdbd7a07b,CANTO,0.0,110462735.07229358,canto,0.0,0.0,,,NA,NA
2785,Staking,Arbitrum,,ARB,0.0,1598105055.5343885,arbitrum,0.0,0.0,,,NA,NA
2786,Staking,Bitcoin,,BTC,0.0,559805580234.8239,bitcoin,0.0,0.0,,,NA,NA
2788,Staking,Moonbeam,,GLMR,0.0,203887287.5690086,moonbeam,0.0,0.0,,,NA,NA
